occurrence_id,recipe_id,recipe_name,ingredient_id,ingredient_name,source_fragment,normalized_form,category,quantity_raw,bound_step_indexes,bound_step_text,exception_codes,review_status
1-5,1,秋梨膏,5,川贝粉,川贝粉10g,,谷物,10g,5,（主锅中）加入过滤好的梨汁和川贝粉，盖上锅盖并放上滤网篮，设置：10分钟/140℃/1档熬煮,NUTRITION_RETENTION_DISCARD_RISK,pending
4-3,4,家常鲈鱼,6,姜,姜丝10克,丝,调料,10克,4;7,鱼背上放上一些葱段和姜丝;打开箱门，将蒸好的鲈鱼取出，将盘底的少量汁水慢慢地倒掉，将鱼背上的葱段和姜丝去掉，再撒上葱丝和干辣椒段,NUTRITION_RETENTION_DISCARD_RISK,pending
4-5,4,家常鲈鱼,33,葱,葱段10克,段,调料,10克,2;3;4;7,将葱段、姜片一起铺在盘子上，然后将鲈鱼放在上面;鱼腹中放一些葱段和姜片;鱼背上放上一些葱段和姜丝;打开箱门，将蒸好的鲈鱼取出，将盘底的少量汁水慢慢地倒掉，将鱼背上的葱段和姜丝去掉，再撒上葱丝和干辣椒段,NUTRITION_RETENTION_DISCARD_RISK,pending
4-6,4,家常鲈鱼,33,葱,葱丝10克,丝,调料,10克,7,打开箱门，将蒸好的鲈鱼取出，将盘底的少量汁水慢慢地倒掉，将鱼背上的葱段和姜丝去掉，再撒上葱丝和干辣椒段,NUTRITION_RETENTION_DISCARD_RISK,pending
17-1,17,蒜香炒花甲,41,水,主料：水500g,,其他,500g,1;2,主锅中加入水和花蛤，盖上锅盖和量杯，设置：7分钟/140℃/1档（反转）焯水;结束后，取出花蛤沥干水分备用，并洗净主锅,NUTRITION_RETENTION_DISCARD_RISK,pending
18-3,18,红豆薏米粥,41,水,水1200g,,其他,1200g,,,NUTRITION_RETENTION_NO_STEP_BINDING,pending
32-8,32,微波排骨,98,料酒,料酒1汤匙,,调料,1汤匙,,,NUTRITION_RETENTION_NO_STEP_BINDING,pending
35-5,35,水果乳酪派,46,黄油,B料：黄油25克,,蛋奶,25克,,,NUTRITION_RETENTION_NO_STEP_BINDING,pending
35-6,35,水果乳酪派,133,细砂糖,细砂糖25克,,调料,25克,,,NUTRITION_RETENTION_NO_STEP_BINDING,pending
36-1,36,西兰花饭团,177,西兰花,主料：西兰花150g（（切小朵））,花,其他,150g,1;2;3,主锅中加入西兰花和水，盖上锅盖和量杯，设置：7分钟/110℃停刀烧煮;结束后，将西兰花取出沥干;主锅洗净，加入沥干的西兰花，盖上锅盖和量杯，设置：5秒/7档切碎,NUTRITION_RETENTION_DISCARD_RISK,pending
42-5,42,清蒸巴沙鱼,194,小米椒,小米椒1个,,谷物,1个,2;6,将葱白切段，葱叶切丝，小米椒切圈备用;烹饪结束后取出，倒出蒸出来的汤汁，将葱丝和小米椒圈铺在鱼上,NUTRITION_RETENTION_DISCARD_RISK,pending
47-2,47,香辣牛肉丝,98,料酒,料酒15g,,调料,15g,,,NUTRITION_RETENTION_NO_STEP_BINDING,pending
47-6,47,香辣牛肉丝,41,水,水30g,,其他,30g,,,NUTRITION_RETENTION_NO_STEP_BINDING,pending
51-4,51,梅干菜烧凤爪,98,料酒,料酒5g,,调料,5g,2,主锅中加入鸡爪、5g姜片、料酒和600g水，盖上锅盖和量杯，设置：7分钟/140℃/1档（反转）焯水，结束后将锅内食物倒出并洗净鸡爪和主锅,NUTRITION_RETENTION_DISCARD_RISK,pending
54-2,54,锡纸盒花甲,6,姜,辅料：姜片2片,片,调料,2片,1,取1锅，放入适量清水烧开，将花甲、姜片和15克料酒加入，焯水1-2分钟，取出花甲沥干水分备用,NUTRITION_RETENTION_DISCARD_RISK,pending
54-3,54,锡纸盒花甲,98,料酒,料酒15克,,调料,15克,1,取1锅，放入适量清水烧开，将花甲、姜片和15克料酒加入，焯水1-2分钟，取出花甲沥干水分备用,NUTRITION_RETENTION_DISCARD_RISK,pending
55-4,55,咖喱小龙虾,41,水,开水800g,煮沸,其他,800g,1;2;4,主锅中加入小龙虾、姜片、大葱段和800g开水，盖上锅盖和量杯，设置：8分钟/140℃/1档（反转）焯水;烹饪完成后，将小龙虾倒出过冷水，去头去壳留虾肉，并洗净主锅;烹饪完成，加入咖喱块和200g清水，盖上锅盖和量杯，设置：5分钟/140℃/1档（反转）煸炒,NUTRITION_RETENTION_DISCARD_RISK,pending
56-9,56,葱油花卷,17,盐,盐1/2茶匙,,调料,1/2茶匙,,,NUTRITION_RETENTION_NO_STEP_BINDING,pending
61-1,61,蒸马蹄肉丸,177,西兰花,主料：西蓝花30克,花,其他,30克,9,放西蓝花，搅匀，焯煮一会儿，捞出,NUTRITION_RETENTION_DISCARD_RISK,pending
73-4,73,小米粥,290,小米,主料：小米90克,,谷物,90克,,,NUTRITION_RETENTION_NO_STEP_BINDING,pending
73-5,73,小米粥,41,水,水1000克,,其他,1000克,,,NUTRITION_RETENTION_NO_STEP_BINDING,pending
73-6,73,小米粥,97,白糖,白砂糖40克,,调料,40克,,,NUTRITION_RETENTION_NO_STEP_BINDING,pending
74-7,74,烤鳗鱼,98,料酒,料酒2汤匙,,调料,2汤匙,,,NUTRITION_RETENTION_NO_STEP_BINDING,pending
80-13,80,精致下午茶,46,黄油,黄油20克,,蛋奶,20克,,,NUTRITION_RETENTION_NO_STEP_BINDING,pending
80-21,80,精致下午茶,122,牛奶,牛奶400克,,蛋奶,400克,,,NUTRITION_RETENTION_NO_STEP_BINDING,pending
80-26,80,精致下午茶,3,冰糖,冰糖适量,,调料,,,,NUTRITION_RETENTION_NO_STEP_BINDING,pending
80-27,80,精致下午茶,132,淡奶油,主料：淡奶油200克,,蛋奶,200克,,,NUTRITION_RETENTION_NO_STEP_BINDING,pending
80-28,80,精致下午茶,122,牛奶,牛奶180克,,蛋奶,180克,,,NUTRITION_RETENTION_NO_STEP_BINDING,pending
80-30,80,精致下午茶,133,细砂糖,细砂糖30克,,调料,30克,,,NUTRITION_RETENTION_NO_STEP_BINDING,pending
80-9,80,精致下午茶,170,糯米粉,熟糯米粉30克,熟,谷物,30克,,,NUTRITION_RETENTION_NO_STEP_BINDING,pending
82-4,82,烤火鸡腿,155,色拉油,色拉油15克,,调料,15克,,,NUTRITION_RETENTION_NO_STEP_BINDING,pending
82-5,82,烤火鸡腿,155,色拉油,C料：色拉油15克,,调料,15克,,,NUTRITION_RETENTION_NO_STEP_BINDING,pending
85-18,85,海带筒骨汤,17,盐,盐8克,,调料,8克,,,NUTRITION_RETENTION_NO_STEP_BINDING,pending
85-2,85,海带筒骨汤,334,海带,干海带40克,干,其他,40克,,,NUTRITION_RETENTION_NO_STEP_BINDING,pending
85-3,85,海带筒骨汤,239,大葱,B料：大葱2段（约25g）/,,调料,,,,NUTRITION_RETENTION_NO_STEP_BINDING,pending
85-4,85,海带筒骨汤,6,姜,生姜2片（约8g）片,,调料,2片片,,,NUTRITION_RETENTION_NO_STEP_BINDING,pending
85-5,85,海带筒骨汤,98,料酒,料酒30克,,调料,30克,,,NUTRITION_RETENTION_NO_STEP_BINDING,pending
85-7,85,海带筒骨汤,239,大葱,C料：大葱2段/,,调料,,,,NUTRITION_RETENTION_NO_STEP_BINDING,pending
85-8,85,海带筒骨汤,6,姜,生姜2片,,调料,2片,,,NUTRITION_RETENTION_NO_STEP_BINDING,pending
95-2,95,鲜虾火腿披萨2,41,水,水180克,,其他,180克,6;8,将鲜虾剥去外壳，放入沸水中焯一下，取出放凉，;青豆和玉米粒也要先放入沸水中煮上1分钟后，倒出沥干水份，放凉备用,NUTRITION_RETENTION_DISCARD_RISK,pending
95-3,95,鲜虾火腿披萨2,17,盐,盐3克,,调料,3克,,,NUTRITION_RETENTION_NO_STEP_BINDING,pending
96-1,96,葱爆面,41,水,主料：水800g,,其他,800g,1;3,主锅中加入水，盖上锅盖和量杯，设置：7分钟/140℃/ 1档（反转）加热;结束后，捞出面条，放入冷水中冷却后沥干,NUTRITION_RETENTION_DISCARD_RISK,pending
101-5,101,桂花蜂蜜烤南瓜,176,蜂蜜,辅料：蜂蜜30克,,调料,30克,,,NUTRITION_RETENTION_NO_STEP_BINDING,pending
109-5,109,蘑菇菠菜意大利饭,390,白葡萄酒,白葡萄酒40克,,水果,40克,,,NUTRITION_RETENTION_NO_STEP_BINDING,pending
110-2,110,紫薯Q心酥,120,低筋面粉,低筋面粉130g,,谷物,130g,,,NUTRITION_RETENTION_NO_STEP_BINDING,pending
110-3,110,紫薯Q心酥,208,猪油,猪油78g,,肉禽,78g,,,NUTRITION_RETENTION_NO_STEP_BINDING,pending
110-4,110,紫薯Q心酥,121,糖粉,糖粉38g,,谷物,38g,1,制作紫薯馅：将约450g的紫薯蒸熟，去皮，再过筛去除粗纤维，得到约400g紫薯泥，加入糖粉和28g黄油，揉拌均匀，分割成20g/个，搓圆备用,NUTRITION_RETENTION_DISCARD_RISK,pending
110-5,110,紫薯Q心酥,41,水,水103g,,其他,103g,,,NUTRITION_RETENTION_NO_STEP_BINDING,pending
110-6,110,紫薯Q心酥,120,低筋面粉,B料：低筋面粉196g,,谷物,196g,,,NUTRITION_RETENTION_NO_STEP_BINDING,pending
110-7,110,紫薯Q心酥,208,猪油,猪油98g,,肉禽,98g,,,NUTRITION_RETENTION_NO_STEP_BINDING,pending
110-9,110,紫薯Q心酥,121,糖粉,糖粉70g,,谷物,70g,,,NUTRITION_RETENTION_NO_STEP_BINDING,pending
121-6,121,蒜蓉粉丝蒸龙虾,98,料酒,料酒25克,,调料,25克,,,NUTRITION_RETENTION_NO_STEP_BINDING,pending
123-1,123,腐乳汁蒸肉片,156,五花肉,A料：五花肉220克,,肉禽,220克,1;3,将五花肉洗净切0.2cm厚的片，厚度尽量均匀，然后用冷水浸泡10分钟，去除血水;将五花肉捞出，沥干水分，加入B中所有原料抓匀，然后放入土豆块拌匀，腌制半小时,NUTRITION_RETENTION_DISCARD_RISK,pending
123-6,123,腐乳汁蒸肉片,98,料酒,料酒10克,,调料,10克,,,NUTRITION_RETENTION_NO_STEP_BINDING,pending
127-2,127,香菇竹笋粥,98,料酒,料酒5g,,调料,5g,,,NUTRITION_RETENTION_NO_STEP_BINDING,pending
151-1,151,香芒乌龙,488,乌龙茶包,主料：乌龙茶包1个（（约2g））,,其他,1个,,,NUTRITION_RETENTION_NO_STEP_BINDING,pending
151-2,151,香芒乌龙,41,水,冰水240g,冰,其他,240g,,,NUTRITION_RETENTION_NO_STEP_BINDING,pending
152-8,152,秘制鸡翅（多层）,98,料酒,料酒6茶匙,,调料,6茶匙,,,NUTRITION_RETENTION_NO_STEP_BINDING,pending
167-5,167,豉汁烤排骨,98,料酒,料酒15克,,调料,15克,,,NUTRITION_RETENTION_NO_STEP_BINDING,pending
170-7,170,蒸酿豆腐,98,料酒,料酒2克,,调料,2克,,,NUTRITION_RETENTION_NO_STEP_BINDING,pending
191-1,191,豉汁凤爪蒸排骨,229,鸡爪,主料：鸡爪250克,,肉禽,250克,2;4;6,把鸡爪劈开，排骨切小块;冷水下入鸡爪、排骨、姜片、料酒，焯水后捞出，过冷水沥干;放入鸡爪油炸，炸到胖大捞出，然后炸排骨，变色捞出,NUTRITION_RETENTION_DISCARD_RISK,pending
191-11,191,豉汁凤爪蒸排骨,98,料酒,料酒10克,,调料,10克,4,冷水下入鸡爪、排骨、姜片、料酒，焯水后捞出，过冷水沥干,NUTRITION_RETENTION_DISCARD_RISK,pending
191-7,191,豉汁凤爪蒸排骨,6,姜,姜10克,,调料,10克,4,冷水下入鸡爪、排骨、姜片、料酒，焯水后捞出，过冷水沥干,NUTRITION_RETENTION_DISCARD_RISK,pending
198-7,198,韩式泡菜鸦片鱼头,6,姜,生姜1片,,调料,1片,,,NUTRITION_RETENTION_NO_STEP_BINDING,pending
201-13,201,鲜肉包子,50,蒜,蒜末3g,末,调料,3g,,,NUTRITION_RETENTION_NO_STEP_BINDING,pending
201-19,201,鲜肉包子,6,姜,姜末5g,末,调料,5g,,,NUTRITION_RETENTION_NO_STEP_BINDING,pending
201-24,201,鲜肉包子,66,芝麻油,芝麻油4ml,,坚果,4ml,,,NUTRITION_RETENTION_NO_STEP_BINDING,pending
201-26,201,鲜肉包子,28,食用油,食用油10ml,,调料,10ml,,,NUTRITION_RETENTION_NO_STEP_BINDING,pending
201-27,201,鲜肉包子,50,蒜,蒜末5g,末,调料,5g,,,NUTRITION_RETENTION_NO_STEP_BINDING,pending
201-28,201,鲜肉包子,89,生抽,生抽5ml,,调料,5ml,,,NUTRITION_RETENTION_NO_STEP_BINDING,pending
201-29,201,鲜肉包子,48,淀粉,生粉10g,,谷物,10g,,,NUTRITION_RETENTION_NO_STEP_BINDING,pending
201-3,201,鲜肉包子,97,白糖,白糖8g,,调料,8g,,,NUTRITION_RETENTION_NO_STEP_BINDING,pending
201-30,201,鲜肉包子,54,鸡蛋,蛋液30g,液,蛋奶,30g,,,NUTRITION_RETENTION_NO_STEP_BINDING,pending
201-4,201,鲜肉包子,188,酵母,酵母3g,,其他,3g,,,NUTRITION_RETENTION_NO_STEP_BINDING,pending
201-5,201,鲜肉包子,6,姜,姜末3g,末,调料,3g,,,NUTRITION_RETENTION_NO_STEP_BINDING,pending
201-6,201,鲜肉包子,33,葱,葱花10g,花,调料,10g,,,NUTRITION_RETENTION_NO_STEP_BINDING,pending
201-7,201,鲜肉包子,17,盐,盐2g,,调料,2g,,,NUTRITION_RETENTION_NO_STEP_BINDING,pending
201-8,201,鲜肉包子,98,料酒,料酒5ml,,调料,5ml,,,NUTRITION_RETENTION_NO_STEP_BINDING,pending
201-9,201,鲜肉包子,139,老抽,老抽3g,,调料,3g,,,NUTRITION_RETENTION_NO_STEP_BINDING,pending
216-15,216,老婆饼,147,白芝麻,D料：白芝麻2克,,坚果,2克,,,NUTRITION_RETENTION_NO_STEP_BINDING,pending
216-20,216,老婆饼,147,白芝麻,白芝麻10克,,坚果,10克,,,NUTRITION_RETENTION_NO_STEP_BINDING,pending
216-5,216,老婆饼,133,细砂糖,细砂糖30克,,调料,30克,,,NUTRITION_RETENTION_NO_STEP_BINDING,pending
216-6,216,老婆饼,208,猪油,猪油30克,,肉禽,30克,,,NUTRITION_RETENTION_NO_STEP_BINDING,pending
216-8,216,老婆饼,133,细砂糖,细砂糖50克,,调料,50克,,,NUTRITION_RETENTION_NO_STEP_BINDING,pending
217-1,217,毛豆蒸肉饼,109,毛豆,主料：毛豆200克,,其他,200克,6;7,准备材料，毛豆剥出洗净沥干;把洗净沥干的毛豆沿着碗铺一层,NUTRITION_RETENTION_DISCARD_RISK,pending
222-11,222,荷叶蒸蟹饭,17,盐,盐1/6t,,调料,1/6t,,,NUTRITION_RETENTION_NO_STEP_BINDING,pending
222-12,222,荷叶蒸蟹饭,89,生抽,生抽0.6t,,调料,0.6t,,,NUTRITION_RETENTION_NO_STEP_BINDING,pending
222-3,222,荷叶蒸蟹饭,447,糯米,糯米200克,,谷物,200克,1,将糯米泡2个小时，然后沥干，平铺在纱布上，然后将纱布放入无孔蒸盘内，放入蒸箱中间层,NUTRITION_RETENTION_DISCARD_RISK,pending
222-5,222,荷叶蒸蟹饭,17,盐,盐1/6t,,调料,1/6t,,,NUTRITION_RETENTION_NO_STEP_BINDING,pending
222-6,222,荷叶蒸蟹饭,98,料酒,料酒1t,,调料,1t,,,NUTRITION_RETENTION_NO_STEP_BINDING,pending
222-7,222,荷叶蒸蟹饭,89,生抽,生抽1/2t,,调料,1/2t,,,NUTRITION_RETENTION_NO_STEP_BINDING,pending
223-2,223,碳烤猪舌,89,生抽,辅料：生抽10毫升,,调料,10毫升,3,将猪舌放入沸水中，放入适量盐、生抽，煮至熟，捞出,NUTRITION_RETENTION_DISCARD_RISK,pending
236-8,236,蒸咸蛋酿苦瓜,98,料酒,料酒10毫升,,调料,10毫升,,,NUTRITION_RETENTION_NO_STEP_BINDING,pending
237-10,237,干烧大虾,6,姜,主料：姜15克,,调料,15克,,,NUTRITION_RETENTION_NO_STEP_BINDING,pending
237-11,237,干烧大虾,50,蒜,大蒜2瓣,,调料,2瓣,,,NUTRITION_RETENTION_NO_STEP_BINDING,pending
237-12,237,干烧大虾,28,食用油,食用油30克,,调料,30克,,,NUTRITION_RETENTION_NO_STEP_BINDING,pending
237-16,237,干烧大虾,41,水,水10克,,其他,10克,,,NUTRITION_RETENTION_NO_STEP_BINDING,pending
237-4,237,干烧大虾,18,番茄酱,番茄酱30克,,蔬菜,30克,,,NUTRITION_RETENTION_NO_STEP_BINDING,pending
237-5,237,干烧大虾,181,豆瓣酱,豆瓣酱15克,,调料,15克,,,NUTRITION_RETENTION_NO_STEP_BINDING,pending
237-6,237,干烧大虾,231,对虾,对虾400克,,水产,400克,,,NUTRITION_RETENTION_NO_STEP_BINDING,pending
237-7,237,干烧大虾,89,生抽,生抽20克,,调料,20克,,,NUTRITION_RETENTION_NO_STEP_BINDING,pending
237-8,237,干烧大虾,98,料酒,料酒15克,,调料,15克,,,NUTRITION_RETENTION_NO_STEP_BINDING,pending
237-9,237,干烧大虾,193,白胡椒粉,白胡椒粉1小勺,,谷物,1小勺,,,NUTRITION_RETENTION_NO_STEP_BINDING,pending
240-3,240,老妈蹄花汤,98,料酒,辅料：料酒20毫升,,调料,20毫升,6,倒入料酒，沸水沸腾5分钟，捞出猪蹄沥干,NUTRITION_RETENTION_DISCARD_RISK,pending
244-4,244,焦糖鸡蛋布丁,201,糖,辅料：糖70克,,调料,70克,,,NUTRITION_RETENTION_NO_STEP_BINDING,pending
246-5,246,湘西蒸腊肉,98,料酒,料酒10毫升,,调料,10毫升,,,NUTRITION_RETENTION_NO_STEP_BINDING,pending
256-8,256,麻辣对虾,98,料酒,料酒15克,,调料,15克,,,NUTRITION_RETENTION_NO_STEP_BINDING,pending
256-9,256,麻辣对虾,17,盐,盐1克,,调料,1克,,,NUTRITION_RETENTION_NO_STEP_BINDING,pending
263-5,263,嫩烤鱼,6,姜,姜片6克,片,调料,6克,,,NUTRITION_RETENTION_NO_STEP_BINDING,pending
266-10,266,红枣乌鸡汤,98,料酒,料酒15克,,调料,15克,2;4,将鸡放入锅中加冷水浸没，加入A 中的姜片、小葱、料酒，大火加热至沸腾，水沸后继续焯水3分钟，捞出用清水洗净;将鸡放在砂锅中，放入B中姜片、香菇、红枣、桂圆和料酒，并加入开水，没过乌鸡即可,NUTRITION_RETENTION_DISCARD_RISK,pending
266-2,266,红枣乌鸡汤,6,姜,姜片2片,片,调料,2片,2;4,将鸡放入锅中加冷水浸没，加入A 中的姜片、小葱、料酒，大火加热至沸腾，水沸后继续焯水3分钟，捞出用清水洗净;将鸡放在砂锅中，放入B中姜片、香菇、红枣、桂圆和料酒，并加入开水，没过乌鸡即可,NUTRITION_RETENTION_DISCARD_RISK,pending
266-3,266,红枣乌鸡汤,65,小葱,小葱1根,,调料,1根,2,将鸡放入锅中加冷水浸没，加入A 中的姜片、小葱、料酒，大火加热至沸腾，水沸后继续焯水3分钟，捞出用清水洗净,NUTRITION_RETENTION_DISCARD_RISK,pending
266-4,266,红枣乌鸡汤,98,料酒,料酒15克,,调料,15克,,,NUTRITION_RETENTION_NO_STEP_BINDING,pending
266-9,266,红枣乌鸡汤,6,姜,姜2片,,调料,2片,,,NUTRITION_RETENTION_NO_STEP_BINDING,pending
268-4,268,腊味合蒸,65,小葱,B料：小葱4段,,调料,4段,,,NUTRITION_RETENTION_NO_STEP_BINDING,pending
268-5,268,腊味合蒸,6,姜,生姜2片,,调料,2片,2;4,将浸泡后的腊味放入锅中，加入清水没过腊味，加入B中葱、姜、料酒，小火烧开后，煮约5分钟捞出;将C中豆豉切碎，均匀撒在腊味上，放上葱段、姜片，再倒上辣椒油,NUTRITION_RETENTION_DISCARD_RISK,pending
268-6,268,腊味合蒸,98,料酒,料酒15克,,调料,15克,2,将浸泡后的腊味放入锅中，加入清水没过腊味，加入B中葱、姜、料酒，小火烧开后，煮约5分钟捞出,NUTRITION_RETENTION_DISCARD_RISK,pending
268-8,268,腊味合蒸,65,小葱,小葱4段,,调料,4段,,,NUTRITION_RETENTION_NO_STEP_BINDING,pending
268-9,268,腊味合蒸,6,姜,生姜3片,,调料,3片,,,NUTRITION_RETENTION_NO_STEP_BINDING,pending
280-9,280,水晶韭菜蒸饺,700,沸水,沸水150克,,其他,150克,,,NUTRITION_RETENTION_NO_STEP_BINDING,pending
282-1,282,红糖糯米糕,447,糯米,主料：糯米500克,,谷物,500克,2;3,糯米加入适量的水，提前一晚浸泡;沥干水分，模具垫纸，先铺一层糯米,NUTRITION_RETENTION_DISCARD_RISK,pending
285-4,285,姜糖桂圆甜豆花,40,红糖,红糖25g,,调料,25g,2,主锅中加入红糖、姜片和水，盖上锅盖和量杯，设置：5分钟/120℃/1档熬煮，倒出后丢弃姜片加入桂圆肉拌匀，放凉即为姜糖桂圆,NUTRITION_RETENTION_DISCARD_RISK,pending
285-6,285,姜糖桂圆甜豆花,41,水,水80g,,其他,80g,2,主锅中加入红糖、姜片和水，盖上锅盖和量杯，设置：5分钟/120℃/1档熬煮，倒出后丢弃姜片加入桂圆肉拌匀，放凉即为姜糖桂圆,NUTRITION_RETENTION_DISCARD_RISK,pending
292-6,292,翡翠白菜饺,98,料酒,料酒2勺,,调料,2勺,,,NUTRITION_RETENTION_NO_STEP_BINDING,pending
296-12,296,柠檬磅蛋糕,531,朗姆酒,朗姆酒5克,,其他,5克,,,NUTRITION_RETENTION_NO_STEP_BINDING,pending
296-7,296,柠檬磅蛋糕,154,柠檬汁,柠檬汁15克,,水果,15克,,,NUTRITION_RETENTION_NO_STEP_BINDING,pending
297-7,297,青团,170,糯米粉,糯米粉360克,,谷物,360克,,,NUTRITION_RETENTION_NO_STEP_BINDING,pending
300-15,300,牧羊人派,19,黑胡椒,黑胡椒碎1/4t,碎,其他,1/4t,,,NUTRITION_RETENTION_NO_STEP_BINDING,pending
300-8,300,牧羊人派,17,盐,盐1/4茶匙,,调料,1/4茶匙,,,NUTRITION_RETENTION_NO_STEP_BINDING,pending
312-6,312,金银蒜蒸鸡胸肉,356,油,油50克,,调料,50克,5,大蒜切末，一半留用，一半入油锅，炸至金黄后捞出,NUTRITION_RETENTION_DISCARD_RISK,pending
314-7,314,提拉米苏大福,201,糖,糖45克,,调料,45克,,,NUTRITION_RETENTION_NO_STEP_BINDING,pending
315-3,315,蟹黄翡翠卷,202,白菜,白菜300克,,蔬菜,300克,1;3,白菜去根，取大叶子备用;煮一锅开水，把白菜叶汆烫15秒，捞出备用,NUTRITION_RETENTION_DISCARD_RISK,pending
320-4,320,冬瓜双豆,364,青豆,青豆50g,,其他,50g,2,加入青豆、胡萝卜和冬瓜，盖上锅盖，不要放量杯，设置：5分钟/140℃/1档（反转）焯水，结束后将锅内食材和水倒出,NUTRITION_RETENTION_DISCARD_RISK,pending
320-5,320,冬瓜双豆,84,胡萝卜,胡萝卜50g（（切约1cm丁））,,蔬菜,50g,2,加入青豆、胡萝卜和冬瓜，盖上锅盖，不要放量杯，设置：5分钟/140℃/1档（反转）焯水，结束后将锅内食材和水倒出,NUTRITION_RETENTION_DISCARD_RISK,pending
320-6,320,冬瓜双豆,794,冬瓜,冬瓜200g（（切约1.5cm丁））,,蔬菜,200g,2,加入青豆、胡萝卜和冬瓜，盖上锅盖，不要放量杯，设置：5分钟/140℃/1档（反转）焯水，结束后将锅内食材和水倒出,NUTRITION_RETENTION_DISCARD_RISK,pending
327-3,327,山楂糕,41,水,水50g,,其他,50g,,,NUTRITION_RETENTION_NO_STEP_BINDING,pending
328-6,328,松香基围虾,6,姜,姜汁5克,汁,调料,5克,,,NUTRITION_RETENTION_NO_STEP_BINDING,pending
331-13,331,皂角银耳羹,3,冰糖,冰糖50克,,调料,50克,,,NUTRITION_RETENTION_NO_STEP_BINDING,pending
331-2,331,皂角银耳羹,313,皂角米,干皂角米15克,干,谷物,15克,,,NUTRITION_RETENTION_NO_STEP_BINDING,pending
331-3,331,皂角银耳羹,311,桃胶,干桃胶5克,干,水果,5克,,,NUTRITION_RETENTION_NO_STEP_BINDING,pending
331-4,331,皂角银耳羹,312,雪燕,干雪燕5克,干,其他,5克,,,NUTRITION_RETENTION_NO_STEP_BINDING,pending
331-6,331,皂角银耳羹,3,冰糖,冰糖85克,,调料,85克,,,NUTRITION_RETENTION_NO_STEP_BINDING,pending
331-7,331,皂角银耳羹,39,红枣,红枣6个,,水果,6个,,,NUTRITION_RETENTION_NO_STEP_BINDING,pending
331-8,331,皂角银耳羹,164,枸杞,枸杞12个,,其他,12个,,,NUTRITION_RETENTION_NO_STEP_BINDING,pending
331-9,331,皂角银耳羹,585,银耳,主料：干银耳30克,干,其他,30克,,,NUTRITION_RETENTION_NO_STEP_BINDING,pending
332-4,332,意式薄底披萨,20,橄榄油,橄榄油7.5g,,调料,7.5g,,,NUTRITION_RETENTION_NO_STEP_BINDING,pending
336-6,336,青橄榄石斛瘦肉汤,6,姜,姜片5克,片,调料,5克,3,取一锅，放入猪肉和冷水，放入料酒和姜片煮开，将猪肉焯熟捞出备用,NUTRITION_RETENTION_DISCARD_RISK,pending
336-7,336,青橄榄石斛瘦肉汤,98,料酒,料酒10克,,调料,10克,3,取一锅，放入猪肉和冷水，放入料酒和姜片煮开，将猪肉焯熟捞出备用,NUTRITION_RETENTION_DISCARD_RISK,pending
340-5,340,沔阳三蒸,37,胡椒粉,辅料：胡椒粉10克,,谷物,10克,,,NUTRITION_RETENTION_NO_STEP_BINDING,pending
345-3,345,蔬菜蛋黄米布丁,177,西兰花,西兰花10克,花,其他,10克,1,起锅烧水，水开后放入西兰花，焯水1分钟，捞出后切碎,NUTRITION_RETENTION_DISCARD_RISK,pending
347-1,347,柠檬红茶冻撞奶,830,红茶,主料：红茶3包（（每包5g））,,其他,3包,1,主锅中加入红茶包、清水、柠檬片和冰糖，盖上锅盖和量杯，设置：5分钟/100℃/1档（反转）烧煮,NUTRITION_RETENTION_AMBIGUOUS,pending
352-2,352,藜麦粉蒸肉,166,黄酒,黄酒少许,,其他,,,,NUTRITION_RETENTION_NO_STEP_BINDING,pending
355-1,355,清炒芥蓝,41,水,主料：水500g,,其他,500g,1;2;3,主锅中加入水，盖上锅盖和量杯，设置：3分钟/140℃/1档（反转）烧水;烹饪结束，加入芥蓝和2g食用油，盖上锅盖和量杯，设置：2分钟/140℃/1档（反转）焯水;结束后，捞出芥蓝过冷水后沥干水分，洗净主锅,NUTRITION_RETENTION_DISCARD_RISK,pending
356-2,356,酥皮绿豆饼,208,猪油,猪油80克,,肉禽,80克,,,NUTRITION_RETENTION_NO_STEP_BINDING,pending
356-6,356,酥皮绿豆饼,208,猪油,猪油90克,,肉禽,90克,,,NUTRITION_RETENTION_NO_STEP_BINDING,pending
356-8,356,酥皮绿豆饼,41,水,水适量,,其他,,,,NUTRITION_RETENTION_NO_STEP_BINDING,pending
356-9,356,酥皮绿豆饼,201,糖,糖100克,,调料,100克,,,NUTRITION_RETENTION_NO_STEP_BINDING,pending
357-6,357,水果蛋挞,317,蛋黄,蛋黄20克,,蛋奶,20克,,,NUTRITION_RETENTION_NO_STEP_BINDING,pending
364-5,364,黑芝麻核桃粥,111,纯净水,纯净水500克,,其他,500克,,,NUTRITION_RETENTION_NO_STEP_BINDING,pending
370-1,370,凉拌海带丝,41,水,主料：水900g,,其他,900g,1;2,主锅中加入水和海带丝，盖上锅盖和量杯，设置：15分钟/140℃/1档（反转）烧煮;捞出海带丝，过凉水后加入生抽、陈醋、盐、白砂糖、姜末和蒜末备用,NUTRITION_RETENTION_DISCARD_RISK,pending
370-6,370,凉拌海带丝,97,白糖,白砂糖2大勺,,调料,2大勺,2,捞出海带丝，过凉水后加入生抽、陈醋、盐、白砂糖、姜末和蒜末备用,NUTRITION_RETENTION_DISCARD_RISK,pending
383-12,383,海带筒骨汤,239,大葱,C料：大葱2段/,,调料,,,,NUTRITION_RETENTION_NO_STEP_BINDING,pending
383-13,383,海带筒骨汤,6,姜,生姜2片,,调料,2片,,,NUTRITION_RETENTION_NO_STEP_BINDING,pending
383-14,383,海带筒骨汤,41,水,开水1000~1500克,煮沸,其他,1500克,1;2;3,不加刀组，主锅中加入筒骨、900g水、30g姜片、20g大葱白段和30g料酒，盖上锅盖，设置：10分钟/焯水;结束后，将锅内食物倒出并用温水洗净筒骨和主锅;不加刀组，主锅中加入焯水后的筒骨段、海带片、10g盐、20g姜片、20g大葱白段和1500g水，盖上锅盖，设置：90分钟/小火/烧煮,NUTRITION_RETENTION_DISCARD_RISK,pending
383-17,383,海带筒骨汤,334,海带,主料：干海带40克,干,其他,40克,,,NUTRITION_RETENTION_NO_STEP_BINDING,pending
383-18,383,海带筒骨汤,337,筒骨,筒骨700克,,肉禽,700克,1;2;3,不加刀组，主锅中加入筒骨、900g水、30g姜片、20g大葱白段和30g料酒，盖上锅盖，设置：10分钟/焯水;结束后，将锅内食物倒出并用温水洗净筒骨和主锅;不加刀组，主锅中加入焯水后的筒骨段、海带片、10g盐、20g姜片、20g大葱白段和1500g水，盖上锅盖，设置：90分钟/小火/烧煮,NUTRITION_RETENTION_DISCARD_RISK,pending
383-2,383,海带筒骨汤,337,筒骨,筒骨700克,,肉禽,700克,,,NUTRITION_RETENTION_NO_STEP_BINDING,pending
383-21,383,海带筒骨汤,239,大葱,大葱40克,,调料,40克,,,NUTRITION_RETENTION_NO_STEP_BINDING,pending
383-22,383,海带筒骨汤,98,料酒,料酒20克,,调料,20克,,,NUTRITION_RETENTION_NO_STEP_BINDING,pending
383-23,383,海带筒骨汤,17,盐,盐8克,,调料,8克,,,NUTRITION_RETENTION_NO_STEP_BINDING,pending
383-3,383,海带筒骨汤,41,水,水2400克,,其他,2400克,,,NUTRITION_RETENTION_NO_STEP_BINDING,pending
383-4,383,海带筒骨汤,6,姜,姜片50克,片,调料,50克,,,NUTRITION_RETENTION_NO_STEP_BINDING,pending
383-6,383,海带筒骨汤,98,料酒,料酒30克,,调料,30克,,,NUTRITION_RETENTION_NO_STEP_BINDING,pending
383-7,383,海带筒骨汤,17,盐,盐10克,,调料,10克,,,NUTRITION_RETENTION_NO_STEP_BINDING,pending
383-8,383,海带筒骨汤,239,大葱,B料：大葱2段（约25g）/,,调料,,,,NUTRITION_RETENTION_NO_STEP_BINDING,pending
383-9,383,海带筒骨汤,6,姜,生姜2片（约8g）片,,调料,2片片,,,NUTRITION_RETENTION_NO_STEP_BINDING,pending
389-7,389,巧克力马卡龙,42,蛋清,蛋清50g,,蛋奶,50g,,,NUTRITION_RETENTION_NO_STEP_BINDING,pending
391-12,391,蟹酿橙,28,食用油,食用油22.5克,,调料,22.5克,3,取1锅大火档热锅，下入食用油，油温5成时下入姜片，爆香后捞出姜片,NUTRITION_RETENTION_DISCARD_RISK,pending
391-3,391,蟹酿橙,6,姜,辅料：姜片1片,片,调料,1片,3,取1锅大火档热锅，下入食用油，油温5成时下入姜片，爆香后捞出姜片,NUTRITION_RETENTION_DISCARD_RISK,pending
391-4,391,蟹酿橙,6,姜,姜丝2克,丝,调料,2克,3,取1锅大火档热锅，下入食用油，油温5成时下入姜片，爆香后捞出姜片,NUTRITION_RETENTION_DISCARD_RISK,pending
407-7,407,清蒸金鲳鱼,33,葱,葱丝少许,丝,调料,,2;5,将B中的姜片、葱段放入鱼腹，再倒入料酒腌制15分钟;烹饪结束后取出，轻轻倒掉盘内汤汁，将C中的葱丝、小米椒圈撒在鱼身上，再均匀倒入蒸鱼豉油,NUTRITION_RETENTION_DISCARD_RISK,pending
407-8,407,清蒸金鲳鱼,194,小米椒,小米椒少许,,谷物,,5,烹饪结束后取出，轻轻倒掉盘内汤汁，将C中的葱丝、小米椒圈撒在鱼身上，再均匀倒入蒸鱼豉油,NUTRITION_RETENTION_DISCARD_RISK,pending
409-3,409,黄金凤尾虾,98,料酒,料酒5克,,调料,5克,,,NUTRITION_RETENTION_NO_STEP_BINDING,pending
409-5,409,黄金凤尾虾,270,黑胡椒粉,黑胡椒粉适量,,谷物,,,,NUTRITION_RETENTION_NO_STEP_BINDING,pending
434-3,434,全麦吐司,41,水,B料：水240ml,,其他,240ml,,,NUTRITION_RETENTION_NO_STEP_BINDING,pending
435-2,435,枸杞蒸鸡蛋,164,枸杞,枸杞5克,,其他,5克,2,用清水把枸杞子洗净，再放入开水中余烫片刻，捞出备用,NUTRITION_RETENTION_DISCARD_RISK,pending
437-1,437,鱼香杏鲍菇,41,水,A料：水600克,,其他,600克,1;2;3,主锅中加入600g水，盖上锅盖，设置：6分钟/焯水;加入杏鲍菇丝，盖上锅盖，设置：2分钟/焯水;结束后，取出杏鲍菇丝沥干水份备用，并清洗主锅,NUTRITION_RETENTION_DISCARD_RISK,pending
439-2,439,清蒸牛腱肉,949,卤料包,B料：卤料包1袋,,其他,1袋,,,NUTRITION_RETENTION_NO_STEP_BINDING,pending
439-6,439,清蒸牛腱肉,98,料酒,料酒30克,,调料,30克,,,NUTRITION_RETENTION_NO_STEP_BINDING,pending
450-1,450,家常麻辣香锅,41,水,主料：水1000g,,其他,1000g,1,主锅中加入水、藕片、土豆、香菇、花菜、黑木耳、海带结、对虾、盐和食用油，盖上锅盖和量杯，设置：10分钟/110℃停刀汆烫，结束后取出沥干水分备用,NUTRITION_RETENTION_DISCARD_RISK,pending
450-10,450,家常麻辣香锅,28,食用油,食用油10g,,调料,10g,1,主锅中加入水、藕片、土豆、香菇、花菜、黑木耳、海带结、对虾、盐和食用油，盖上锅盖和量杯，设置：10分钟/110℃停刀汆烫，结束后取出沥干水分备用,NUTRITION_RETENTION_DISCARD_RISK,pending
450-2,450,家常麻辣香锅,972,藕,藕100g（（切片））,,蔬菜,100g,1,主锅中加入水、藕片、土豆、香菇、花菜、黑木耳、海带结、对虾、盐和食用油，盖上锅盖和量杯，设置：10分钟/110℃停刀汆烫，结束后取出沥干水分备用,NUTRITION_RETENTION_DISCARD_RISK,pending
450-3,450,家常麻辣香锅,74,土豆,土豆100g（（切片））,,蔬菜,100g,1,主锅中加入水、藕片、土豆、香菇、花菜、黑木耳、海带结、对虾、盐和食用油，盖上锅盖和量杯，设置：10分钟/110℃停刀汆烫，结束后取出沥干水分备用,NUTRITION_RETENTION_DISCARD_RISK,pending
450-4,450,家常麻辣香锅,85,香菇,香菇100g（（切片））,,菌菇,100g,1,主锅中加入水、藕片、土豆、香菇、花菜、黑木耳、海带结、对虾、盐和食用油，盖上锅盖和量杯，设置：10分钟/110℃停刀汆烫，结束后取出沥干水分备用,NUTRITION_RETENTION_DISCARD_RISK,pending
450-5,450,家常麻辣香锅,768,花菜,花菜150g（（切小朵））,,蔬菜,150g,1,主锅中加入水、藕片、土豆、香菇、花菜、黑木耳、海带结、对虾、盐和食用油，盖上锅盖和量杯，设置：10分钟/110℃停刀汆烫，结束后取出沥干水分备用,NUTRITION_RETENTION_DISCARD_RISK,pending
450-6,450,家常麻辣香锅,222,黑木耳,黑木耳60g,,蔬菜,60g,1,主锅中加入水、藕片、土豆、香菇、花菜、黑木耳、海带结、对虾、盐和食用油，盖上锅盖和量杯，设置：10分钟/110℃停刀汆烫，结束后取出沥干水分备用,NUTRITION_RETENTION_DISCARD_RISK,pending
450-7,450,家常麻辣香锅,973,海带结,海带结60g,,其他,60g,1,主锅中加入水、藕片、土豆、香菇、花菜、黑木耳、海带结、对虾、盐和食用油，盖上锅盖和量杯，设置：10分钟/110℃停刀汆烫，结束后取出沥干水分备用,NUTRITION_RETENTION_DISCARD_RISK,pending
450-8,450,家常麻辣香锅,231,对虾,对虾8只（（去头和虾线））,,水产,8只,1,主锅中加入水、藕片、土豆、香菇、花菜、黑木耳、海带结、对虾、盐和食用油，盖上锅盖和量杯，设置：10分钟/110℃停刀汆烫，结束后取出沥干水分备用,NUTRITION_RETENTION_DISCARD_RISK,pending
450-9,450,家常麻辣香锅,17,盐,盐3小勺,,调料,3小勺,1,主锅中加入水、藕片、土豆、香菇、花菜、黑木耳、海带结、对虾、盐和食用油，盖上锅盖和量杯，设置：10分钟/110℃停刀汆烫，结束后取出沥干水分备用,NUTRITION_RETENTION_DISCARD_RISK,pending
451-1,451,豌豆茶碗蒸,54,鸡蛋,主料：鸡蛋2个,,蛋奶,2个,2;3,2个鸡蛋打散，加盐少许，清水150毫升，搅打均匀;将鸡蛋液过滤，去除泡沫和蛋筋,NUTRITION_RETENTION_DISCARD_RISK,pending
452-7,452,免揉基础小欧包,41,水,温水(夏25度，冬35度，春秋30度)150毫升,温,其他,150毫升,,,NUTRITION_RETENTION_NO_STEP_BINDING,pending
454-4,454,姜饼屋,121,糖粉,糖粉100克,,谷物,100克,,,NUTRITION_RETENTION_NO_STEP_BINDING,pending
457-5,457,鲜沙姜生焗文昌鸡,17,盐,盐2克,,调料,2克,,,NUTRITION_RETENTION_NO_STEP_BINDING,pending
462-16,462,鲜肉月饼,133,细砂糖,细砂糖2克,,调料,2克,,,NUTRITION_RETENTION_NO_STEP_BINDING,pending
462-4,462,鲜肉月饼,133,细砂糖,细砂糖15克,,调料,15克,,,NUTRITION_RETENTION_NO_STEP_BINDING,pending
466-6,466,番茄红汤锅底,11,番茄,番茄600g（（去皮切块））,,蔬菜,600g,,,NUTRITION_RETENTION_NO_STEP_BINDING,pending
470-10,470,黄椒酱蒸鲜鱿,888,白酒,白酒3克,,其他,3克,1,黄彩椒切粒，加入盐2g、白酒拌匀腌制半小时后，沥干水分备用,NUTRITION_RETENTION_DISCARD_RISK,pending
470-6,470,黄椒酱蒸鲜鱿,17,盐,盐5克,,调料,5克,1,黄彩椒切粒，加入盐2g、白酒拌匀腌制半小时后，沥干水分备用,NUTRITION_RETENTION_DISCARD_RISK,pending
475-2,475,皂角银耳羹,313,皂角米,干皂角米15克,干,谷物,15克,,,NUTRITION_RETENTION_NO_STEP_BINDING,pending
475-3,475,皂角银耳羹,311,桃胶,干桃胶5克,干,水果,5克,,,NUTRITION_RETENTION_NO_STEP_BINDING,pending
475-4,475,皂角银耳羹,312,雪燕,干雪燕5克,干,其他,5克,,,NUTRITION_RETENTION_NO_STEP_BINDING,pending
475-5,475,皂角银耳羹,41,水,水1500克,,其他,1500克,,,NUTRITION_RETENTION_NO_STEP_BINDING,pending
475-6,475,皂角银耳羹,3,冰糖,冰糖85克,,调料,85克,,,NUTRITION_RETENTION_NO_STEP_BINDING,pending
475-7,475,皂角银耳羹,39,红枣,红枣6个,,水果,6个,,,NUTRITION_RETENTION_NO_STEP_BINDING,pending
475-8,475,皂角银耳羹,164,枸杞,枸杞12个,,其他,12个,,,NUTRITION_RETENTION_NO_STEP_BINDING,pending
475-9,475,皂角银耳羹,585,银耳,主料：干银耳15克,干,其他,15克,,,NUTRITION_RETENTION_NO_STEP_BINDING,pending
477-2,477,爽口凉皮,41,水,水900g,,其他,900g,1;2;4,主锅中加入中筋面粉和100g水，盖上锅盖和量杯，设置：2分钟/4档（反转）揉面，结束后，用刮刀将面团取出整形成较光滑的面团，盖上保鲜膜醒发约半小时;醒发后的面团用手掰成鸡蛋大小的块，放进主锅中，加入800g水，盖上锅盖和量杯，设置：7分钟/3档（反转）洗面;待溶液分层后，弃去上层清液，剩余的淀粉浆中加少量水混合,NUTRITION_RETENTION_DISCARD_RISK,pending
479-5,479,骨付鸡,98,料酒,料酒15克,,调料,15克,,,NUTRITION_RETENTION_NO_STEP_BINDING,pending
485-10,485,牛肝菌炖花胶,65,小葱,小葱1根,,调料,1根,,,NUTRITION_RETENTION_NO_STEP_BINDING,pending
485-11,485,牛肝菌炖花胶,6,姜,生姜2片,,调料,2片,5,将炒锅烧热，倒入C中的食用油，烧至七成热时（略微冒烟），加入C中葱、姜，小火煸至葱姜变黄后，将油倒出、留下葱姜，然后往锅中加入C中剩余的原料，再加入花胶段，大火煮3分钟，捞出花胶备用,NUTRITION_RETENTION_DISCARD_RISK,pending
485-13,485,牛肝菌炖花胶,98,料酒,料酒10克,,调料,10克,,,NUTRITION_RETENTION_NO_STEP_BINDING,pending
485-14,485,牛肝菌炖花胶,89,生抽,生抽5克,,调料,5克,,,NUTRITION_RETENTION_NO_STEP_BINDING,pending
485-15,485,牛肝菌炖花胶,125,鸡精,鸡精5克,,肉禽,5克,,,NUTRITION_RETENTION_NO_STEP_BINDING,pending
485-4,485,牛肝菌炖花胶,700,沸水,B料：沸水1200克,,其他,1200克,2;3,将洗净去根部硬块的牛肝菌放入沸水中大火煮1~2分钟，捞出用清水冲洗后沥干备用;将花胶放入锅中，加沸水浸没，大火焯水3分钟，然后加盖焖5分钟，直至用牙签能轻易插进去，捞出用清水冲洗,NUTRITION_RETENTION_DISCARD_RISK,pending
485-5,485,牛肝菌炖花胶,65,小葱,小葱1根,,调料,1根,,,NUTRITION_RETENTION_NO_STEP_BINDING,pending
485-7,485,牛肝菌炖花胶,125,鸡精,鸡精5克,,肉禽,5克,,,NUTRITION_RETENTION_NO_STEP_BINDING,pending
485-8,485,牛肝菌炖花胶,89,生抽,生抽5克,,调料,5克,,,NUTRITION_RETENTION_NO_STEP_BINDING,pending
485-9,485,牛肝菌炖花胶,28,食用油,C料：食用油30克,,调料,30克,5,将炒锅烧热，倒入C中的食用油，烧至七成热时（略微冒烟），加入C中葱、姜，小火煸至葱姜变黄后，将油倒出、留下葱姜，然后往锅中加入C中剩余的原料，再加入花胶段，大火煮3分钟，捞出花胶备用,NUTRITION_RETENTION_DISCARD_RISK,pending
486-5,486,爆炒鱿鱼,41,水,开水1000g,煮沸,其他,1000g,3,切好的鱿鱼放入开水中焯烫30秒后捞出沥干备用,NUTRITION_RETENTION_DISCARD_RISK,pending
492-3,492,姜饼,41,水,水60g,,其他,60g,,,NUTRITION_RETENTION_NO_STEP_BINDING,pending
493-1,493,茶焖虾,1033,龙井茶叶,主料：龙井茶叶5g,,其他,5g,,,NUTRITION_RETENTION_NO_STEP_BINDING,pending
493-2,493,茶焖虾,41,水,水200g,,其他,200g,5,加入沥干的茶叶和30g茶水，盖上锅盖和量杯，设置：2分钟/140℃/1档（反转）焖煮,NUTRITION_RETENTION_DISCARD_RISK,pending
500-8,500,洋葱烤黑椒牛仔骨,1043,金奖白兰地,金奖白兰地15克,,其他,15克,,,NUTRITION_RETENTION_NO_STEP_BINDING,pending
502-2,502,啤酒烧排骨,98,料酒,料酒5g,,调料,5g,1,主锅中加入排骨、料酒、5g姜片和水，盖上锅盖和量杯，设置：6分钟/140℃/1档（反转）焯水，结束后将锅内食物倒出并洗净排骨和主锅,NUTRITION_RETENTION_DISCARD_RISK,pending
509-21,509,中式炒组合菜,283,花椒,花椒粒2克,粒,调料,2克,4,辣子鸡备用食材：将20克干辣椒段和2克花椒粒用清水浸泡5分钟，沥干水份，加入5克油拌匀备用,NUTRITION_RETENTION_DISCARD_RISK,pending
512-3,512,蟹酿橙,6,姜,辅料：姜片45克,片,调料,45克,1;4;6,海豚微压锅中放入蒸架，加入800g水，将2只大闸蟹放在倒放在蒸架上，再放上15g姜片，设置：15分钟/一键大火;海豚微压锅中加入食用油、蟹壳&蟹脚和30g姜片;结束后捞出姜片和蟹壳&蟹脚,NUTRITION_RETENTION_DISCARD_RISK,pending
512-4,512,蟹酿橙,6,姜,姜丝2克,丝,调料,2克,,,NUTRITION_RETENTION_NO_STEP_BINDING,pending
515-4,515,柠檬鳕鱼,17,盐,辅料：盐3克,,调料,3克,2,鳕鱼洗净，沥干水分，用盐和白胡椒粉涂抹鱼身，腌制15分钟,NUTRITION_RETENTION_DISCARD_RISK,pending
515-5,515,柠檬鳕鱼,193,白胡椒粉,白胡椒粉2克,,谷物,2克,2,鳕鱼洗净，沥干水分，用盐和白胡椒粉涂抹鱼身，腌制15分钟,NUTRITION_RETENTION_DISCARD_RISK,pending
520-8,520,蔚蓝星空,68,纯牛奶,纯牛奶10g,,蛋奶,10g,,,NUTRITION_RETENTION_NO_STEP_BINDING,pending
523-9,523,草原羊肉烧麦,184,矿泉水,矿泉水15克,,其他,15克,,,NUTRITION_RETENTION_NO_STEP_BINDING,pending
531-15,531,意式肉酱面,17,盐,盐5克,,调料,5克,,,NUTRITION_RETENTION_NO_STEP_BINDING,pending
531-18,531,意式肉酱面,41,水,开水700克,煮沸,其他,700克,6;7,主锅中加入意大利细面、2g盐和开水，盖上锅盖，设置：10分钟/烧煮/大火;结束后，倒掉热水,NUTRITION_RETENTION_DISCARD_RISK,pending
545-1,545,惠山油酥,120,低筋面粉,A料：低筋面粉200g,,谷物,200g,,,NUTRITION_RETENTION_NO_STEP_BINDING,pending
545-12,545,惠山油酥,120,低筋面粉,低筋面粉20g,,谷物,20g,,,NUTRITION_RETENTION_NO_STEP_BINDING,pending
545-13,545,惠山油酥,155,色拉油,色拉油7g,,调料,7g,,,NUTRITION_RETENTION_NO_STEP_BINDING,pending
545-3,545,惠山油酥,155,色拉油,色拉油40g,,调料,40g,,,NUTRITION_RETENTION_NO_STEP_BINDING,pending
545-6,545,惠山油酥,41,水,温水（约45℃左右）18g,温,其他,18g,3,将白芝麻放入料理盆中，倒入开水，浸泡5分钟后用漏筛捞出备用,NUTRITION_RETENTION_DISCARD_RISK,pending
547-12,547,香辣烤鱼,1100,酸萝卜条,酸萝卜条50克,条,蔬菜,50克,6,将B除芹菜段、酸萝卜条外，其余蔬菜放入沸水中焯2分钟，捞出控干,NUTRITION_RETENTION_DISCARD_RISK,pending
547-5,547,香辣烤鱼,6,姜,姜片10克,片,调料,10克,,,NUTRITION_RETENTION_NO_STEP_BINDING,pending
547-8,547,香辣烤鱼,445,芹菜,B料：芹菜段50克,段,蔬菜,50克,6,将B除芹菜段、酸萝卜条外，其余蔬菜放入沸水中焯2分钟，捞出控干,NUTRITION_RETENTION_DISCARD_RISK,pending
549-3,549,香菇蒸鸡块,98,料酒,料酒15g,,调料,15g,,,NUTRITION_RETENTION_NO_STEP_BINDING,pending
554-4,554,闽南荔枝肉,41,水,水50g,,其他,50g,,,NUTRITION_RETENTION_NO_STEP_BINDING,pending
557-1,557,豆豉蒸黄骨鱼,1108,黄骨鱼,A料：黄骨鱼2条,,水产,2条,2,将黄骨鱼杀好洗干净并沥干水分,NUTRITION_RETENTION_DISCARD_RISK,pending
560-9,560,肉末榨菜蒸豆腐,98,料酒,料酒5克,,调料,5克,,,NUTRITION_RETENTION_NO_STEP_BINDING,pending
561-4,561,小吊梨汤,41,水,水1000克,,其他,1000克,,,NUTRITION_RETENTION_NO_STEP_BINDING,pending
561-5,561,小吊梨汤,1084,话梅,话梅4颗,,其他,4颗,,,NUTRITION_RETENTION_NO_STEP_BINDING,pending
561-6,561,小吊梨汤,164,枸杞,干枸杞5克,干,其他,5克,,,NUTRITION_RETENTION_NO_STEP_BINDING,pending
561-7,561,小吊梨汤,632,雪梨,主料：雪梨1个,,水果,1个,,,NUTRITION_RETENTION_NO_STEP_BINDING,pending
561-8,561,小吊梨汤,585,银耳,干银耳15克,干,其他,15克,,,NUTRITION_RETENTION_NO_STEP_BINDING,pending
561-9,561,小吊梨汤,185,黄冰糖,黄冰糖30克,,调料,30克,,,NUTRITION_RETENTION_NO_STEP_BINDING,pending
576-11,576,芝士包萨,17,盐,盐2克,,调料,2克,,,NUTRITION_RETENTION_NO_STEP_BINDING,pending
576-3,576,芝士包萨,17,盐,盐2克,,调料,2克,,,NUTRITION_RETENTION_NO_STEP_BINDING,pending
589-8,589,小葱金针豆腐,28,食用油,C料：食用油1汤匙,,调料,1汤匙,,,NUTRITION_RETENTION_NO_STEP_BINDING,pending
609-2,609,韭黄牛肉丝,98,料酒,料酒2大勺,,调料,2大勺,,,NUTRITION_RETENTION_NO_STEP_BINDING,pending
610-2,610,芝士泡菜面包,133,细砂糖,细砂糖7g,,调料,7g,,,NUTRITION_RETENTION_NO_STEP_BINDING,pending
610-6,610,芝士泡菜面包,41,水,水125g,,其他,125g,,,NUTRITION_RETENTION_NO_STEP_BINDING,pending
613-2,613,盐葱烤猪排,6,姜,辅料：姜末3克,末,调料,3克,,,NUTRITION_RETENTION_NO_STEP_BINDING,pending
613-8,613,盐葱烤猪排,201,糖,糖0.5克,,调料,0.5克,,,NUTRITION_RETENTION_NO_STEP_BINDING,pending
624-2,624,滋补鸡汤,98,料酒,料酒15克,,调料,15克,1,主锅中加入鸡块、15g姜片、15g料酒和600g水，盖上锅盖，设置：7分钟/焯水，结束后将主锅内食物倒出并清洗鸡块和主锅,NUTRITION_RETENTION_DISCARD_RISK,pending
627-7,627,奶黄包,97,白糖,白砂糖10克,,调料,10克,,,NUTRITION_RETENTION_NO_STEP_BINDING,pending
631-16,631,抹茶红豆白玉卷,132,淡奶油,D料：淡奶油300g,,蛋奶,300g,,,NUTRITION_RETENTION_NO_STEP_BINDING,pending
631-5,631,抹茶红豆白玉卷,97,白糖,白砂糖25g,,调料,25g,,,NUTRITION_RETENTION_NO_STEP_BINDING,pending
631-7,631,抹茶红豆白玉卷,41,水,水60ml,,其他,60ml,,,NUTRITION_RETENTION_NO_STEP_BINDING,pending
631-9,631,抹茶红豆白玉卷,97,白糖,白砂糖75g,,调料,75g,,,NUTRITION_RETENTION_NO_STEP_BINDING,pending
634-1,634,姜辣凤爪,229,鸡爪,主料：鸡爪400g,,肉禽,400g,1;2,主锅中加入鸡爪、5g姜片、料酒和700g水，盖上锅盖，不要放量杯，设置：8分钟/140℃/1档（反转）焯水烧煮;结束后将锅内食物倒出并洗净鸡爪和主锅,NUTRITION_RETENTION_DISCARD_RISK,pending
636-12,636,南汇扣甜肉,1186,上海青,上海青200克,,其他,200克,2;15,五花肉洗净、小上海青洗净沥干;往锅中加入食用油，下小上海青煮，煮好捞出，围绕着肉摆放于盘子边缘,NUTRITION_RETENTION_DISCARD_RISK,pending
636-3,636,南汇扣甜肉,28,食用油,食用油10克,,调料,10克,15,往锅中加入食用油，下小上海青煮，煮好捞出，围绕着肉摆放于盘子边缘,NUTRITION_RETENTION_DISCARD_RISK,pending
642-10,642,贝壳蛋糕,121,糖粉,装饰糖粉适量,装饰,谷物,,,,NUTRITION_RETENTION_NO_STEP_BINDING,pending
653-6,653,海盐奶盖茶,830,红茶,红茶3杯,,其他,3杯,2,烹饪结束，用勺子将制作好的奶盖盛到红茶上即可享用,NUTRITION_RETENTION_AMBIGUOUS,pending
665-6,665,肉松面包卷,54,鸡蛋,全蛋液40g,液,蛋奶,40g,,,NUTRITION_RETENTION_NO_STEP_BINDING,pending
669-1,669,清蒸鲈鱼（台式）,29,鲈鱼,A料：新鲜鲈鱼1条（约500g）,新鲜,水产,1条,1;5,将鲈鱼去鳞、鳃和内脏，洗净并沥干水分，将鱼身背部肉厚处两面各划三刀;烹饪结束后取出，轻轻倒掉盘内汤汁，将C中的葱丝、姜丝撒在鲈鱼上，再均匀淋上蒸鱼豉油,NUTRITION_RETENTION_DISCARD_RISK,pending
669-6,669,清蒸鲈鱼（台式）,33,葱,C料：葱丝少许,丝,调料,,2;5,将B中的姜片、葱段铺在鱼盘底部，放入鱼，用盐抹匀，再倒入料酒，腌制10分钟;烹饪结束后取出，轻轻倒掉盘内汤汁，将C中的葱丝、姜丝撒在鲈鱼上，再均匀淋上蒸鱼豉油,NUTRITION_RETENTION_DISCARD_RISK,pending
669-7,669,清蒸鲈鱼（台式）,6,姜,姜丝少许,丝,调料,,5,烹饪结束后取出，轻轻倒掉盘内汤汁，将C中的葱丝、姜丝撒在鲈鱼上，再均匀淋上蒸鱼豉油,NUTRITION_RETENTION_DISCARD_RISK,pending
671-5,671,比司吉蛋糕,133,细砂糖,细砂糖33g,,调料,33g,,,NUTRITION_RETENTION_NO_STEP_BINDING,pending
671-9,671,比司吉蛋糕,133,细砂糖,细砂糖20g,,调料,20g,,,NUTRITION_RETENTION_NO_STEP_BINDING,pending
680-3,680,黄金凤尾虾（台式）,98,料酒,料酒5克,,调料,5克,,,NUTRITION_RETENTION_NO_STEP_BINDING,pending
680-8,680,黄金凤尾虾（台式）,270,黑胡椒粉,黑胡椒粉适量,,谷物,,,,NUTRITION_RETENTION_NO_STEP_BINDING,pending
687-3,687,肉饼蒸蛋,98,料酒,料酒10克,,调料,10克,,,NUTRITION_RETENTION_NO_STEP_BINDING,pending
692-11,692,凉拌米豆腐,184,矿泉水,矿泉水30毫升,,其他,30毫升,,,NUTRITION_RETENTION_NO_STEP_BINDING,pending
693-9,693,娃娃菜卷金针菇,17,盐,食盐2克,,调料,2克,4,水烧开，放盐，将娃娃菜放入煮至稍软，捞出备用,NUTRITION_RETENTION_DISCARD_RISK,pending
698-1,698,奶茶,41,水,主料：水1000g,,其他,1000g,,,NUTRITION_RETENTION_NO_STEP_BINDING,pending
698-2,698,奶茶,1233,锡兰红茶,锡兰红茶25g,,其他,25g,1,加入锡兰红茶，盖上锅盖和量杯，设置：4分钟/90℃/2档熬煮,NUTRITION_RETENTION_AMBIGUOUS,pending
709-9,709,豆皮香菜卷,41,水,水15克,,其他,15克,,,NUTRITION_RETENTION_NO_STEP_BINDING,pending
715-6,715,椒麻鸡腿卷,17,盐,盐2克,,调料,2克,,,NUTRITION_RETENTION_NO_STEP_BINDING,pending
726-11,726,荷香糯米鸡,98,料酒,料酒5克,,调料,5克,,,NUTRITION_RETENTION_NO_STEP_BINDING,pending
726-2,726,荷香糯米鸡,447,糯米,糯米200克,,谷物,200克,1;6,将糯米200克放入清水中浸泡2小时;在鸡块中拌入浸泡沥干后的糯米200g,NUTRITION_RETENTION_DISCARD_RISK,pending
730-2,730,清蒸鲫鱼,1261,绿茶,绿茶100克,,其他,100克,3,再将绿茶塞入鱼腹内，置盘中,NUTRITION_RETENTION_AMBIGUOUS,pending
731-2,731,番茄牛肉汤,98,料酒,料酒10g,,调料,10g,1,主锅中加入牛肉、料酒、姜片和800g水，盖上锅盖和量杯，设置：8分钟/140℃/1档（反转）焯水，结束后将主锅内食物倒出并洗净牛肉和主锅,NUTRITION_RETENTION_DISCARD_RISK,pending
731-3,731,番茄牛肉汤,6,姜,姜片10g,片,调料,10g,1,主锅中加入牛肉、料酒、姜片和800g水，盖上锅盖和量杯，设置：8分钟/140℃/1档（反转）焯水，结束后将主锅内食物倒出并洗净牛肉和主锅,NUTRITION_RETENTION_DISCARD_RISK,pending
734-9,734,肉末豆腐蒸蛋,17,盐,盐3克,,调料,3克,3,鸡蛋加入盐和80毫升水搅拌均匀，过滤到豆腐中,NUTRITION_RETENTION_DISCARD_RISK,pending
743-1,743,清蒸农家鸡,625,土鸡,主料：土鸡半只,,肉禽,半只,1,土鸡放入碗中 倒入清水 将土鸡清洗干净 洗净后捞出切块备用,NUTRITION_RETENTION_DISCARD_RISK,pending
747-8,747,粉蒸藕夹,98,料酒,料酒2茶匙,,调料,2茶匙,,,NUTRITION_RETENTION_NO_STEP_BINDING,pending
753-2,753,妩媚妃子笑,41,水,冰水200g,冰,其他,200g,,,NUTRITION_RETENTION_NO_STEP_BINDING,pending
763-16,763,地中海风味纸包鳕鱼,390,白葡萄酒,白葡萄酒15克,,水果,15克,,,NUTRITION_RETENTION_NO_STEP_BINDING,pending
769-2,769,小米蒸排骨,290,小米,小米80克,,谷物,80克,1;5,将小米淘洗干净，浸泡1个小时备用;将浸泡好的小米，沥干水分，把每块排骨均匀裹上小米平铺放在盘子上,NUTRITION_RETENTION_DISCARD_RISK,pending
770-11,770,蔓越莓饼干,530,蔓越莓干,蔓越莓干40克,,其他,40克,,,NUTRITION_RETENTION_NO_STEP_BINDING,pending
770-2,770,蔓越莓饼干,531,朗姆酒,朗姆酒1.25克,,其他,1.25克,,,NUTRITION_RETENTION_NO_STEP_BINDING,pending
770-3,770,蔓越莓饼干,46,黄油,B料：黄油83克,,蛋奶,83克,,,NUTRITION_RETENTION_NO_STEP_BINDING,pending
770-5,770,蔓越莓饼干,54,鸡蛋,全蛋液17克,液,蛋奶,17克,,,NUTRITION_RETENTION_NO_STEP_BINDING,pending
770-7,770,蔓越莓饼干,46,黄油,主料：软化黄油85克,软化,蛋奶,85克,,,NUTRITION_RETENTION_NO_STEP_BINDING,pending
775-2,775,紫葡萄奶盖茶,1308,绿茶水,绿茶水700g,,其他,700g,2,结束后，过滤取汁，防至绿茶水中混匀分装至饮品杯中,NUTRITION_RETENTION_DISCARD_RISK,pending
779-4,779,烤鱿鱼,98,料酒,料酒10克,,调料,10克,,,NUTRITION_RETENTION_NO_STEP_BINDING,pending
780-4,780,小吊梨汤,41,水,水1000克,,其他,1000克,,,NUTRITION_RETENTION_NO_STEP_BINDING,pending
780-5,780,小吊梨汤,1084,话梅,话梅4颗,,其他,4颗,,,NUTRITION_RETENTION_NO_STEP_BINDING,pending
780-6,780,小吊梨汤,164,枸杞,干枸杞5克,干,其他,5克,,,NUTRITION_RETENTION_NO_STEP_BINDING,pending
780-7,780,小吊梨汤,632,雪梨,主料：雪梨1个,,水果,1个,,,NUTRITION_RETENTION_NO_STEP_BINDING,pending
780-8,780,小吊梨汤,585,银耳,干银耳15克,干,其他,15克,,,NUTRITION_RETENTION_NO_STEP_BINDING,pending
780-9,780,小吊梨汤,185,黄冰糖,黄冰糖30克,,调料,30克,,,NUTRITION_RETENTION_NO_STEP_BINDING,pending
787-2,787,烤羊排,656,葡萄酒,B料：葡萄酒90g,,水果,90g,,,NUTRITION_RETENTION_NO_STEP_BINDING,pending
788-2,788,蜜汁桂花虾,154,柠檬汁,柠檬汁10g,,水果,10g,1,对虾洗净剪去虾须，放入盆中，加入没过对虾的水，加入柠檬汁拌匀，浸泡10分钟，沥干水分备用,NUTRITION_RETENTION_DISCARD_RISK,pending
790-3,790,虾仁豆腐蒸水蛋,99,虾仁,虾仁9只,,水产,9只,2,虾仁盐揉搓后马上冲洗干净，沥干水份后，加入淀粉稍微拌均匀备用,NUTRITION_RETENTION_DISCARD_RISK,pending
801-7,801,抹茶达克瓦兹,121,糖粉,糖粉适量,,谷物,,,,NUTRITION_RETENTION_NO_STEP_BINDING,pending
811-8,811,蒜香蒸烤茄子,184,矿泉水,矿泉水20克,,其他,20克,,,NUTRITION_RETENTION_NO_STEP_BINDING,pending
817-13,817,酱汁蒸虎皮凤爪,28,食用油,食用油200ml,,调料,200ml,3,热锅倒入食用油，烧至三成热，倒入鸡爪，炸至转色后捞出,NUTRITION_RETENTION_DISCARD_RISK,pending
823-2,823,雪菜蒸黄鱼,98,料酒,料酒10g,,调料,10g,,,NUTRITION_RETENTION_NO_STEP_BINDING,pending
825-7,825,秘制鸡翅,98,料酒,料酒10克,,调料,10克,,,NUTRITION_RETENTION_NO_STEP_BINDING,pending
827-1,827,开韭蒸鳜鱼,471,鳜鱼,主料：鳜鱼600克,,水产,600克,2;4,挑一条体型饱满的鳜鱼开花刀;把鳜鱼放入葱姜水中浸泡，可以去除鱼腥味,NUTRITION_RETENTION_DISCARD_RISK,pending
827-7,827,开韭蒸鳜鱼,33,葱,葱姜水500克,,调料,,3;4,姜切片，葱切段，放入水中制成葱姜水;把鳜鱼放入葱姜水中浸泡，可以去除鱼腥味,NUTRITION_RETENTION_DISCARD_RISK,pending
827-8,827,开韭蒸鳜鱼,6,姜,葱姜水500克,,调料,,3;4,姜切片，葱切段，放入水中制成葱姜水;把鳜鱼放入葱姜水中浸泡，可以去除鱼腥味,NUTRITION_RETENTION_DISCARD_RISK,pending
827-9,827,开韭蒸鳜鱼,41,水,葱姜水500克,,其他,,3;4,姜切片，葱切段，放入水中制成葱姜水;把鳜鱼放入葱姜水中浸泡，可以去除鱼腥味,NUTRITION_RETENTION_DISCARD_RISK,pending
831-6,831,状元饺,41,水,水7克,,其他,7克,,,NUTRITION_RETENTION_NO_STEP_BINDING,pending
837-2,837,清蒸多宝鱼,212,红辣椒,辅料：红辣椒6克,,蔬菜,6克,6,蒸好后去除汤汁和姜丝，盖上香菜碎、葱丝、甜椒丝、红辣椒圈,NUTRITION_RETENTION_DISCARD_RISK,pending
837-3,837,清蒸多宝鱼,1369,甜椒,甜椒80克,,其他,80克,3;6,将大葱、甜椒、姜清洗干净全部切丝;蒸好后去除汤汁和姜丝，盖上香菜碎、葱丝、甜椒丝、红辣椒圈,NUTRITION_RETENTION_DISCARD_RISK,pending
837-5,837,清蒸多宝鱼,6,姜,姜10克,,调料,10克,3;4;6,将大葱、甜椒、姜清洗干净全部切丝;将多宝鱼放在蒸盘上，撒上姜丝;蒸好后去除汤汁和姜丝，盖上香菜碎、葱丝、甜椒丝、红辣椒圈,NUTRITION_RETENTION_DISCARD_RISK,pending
837-8,837,清蒸多宝鱼,71,香菜,香菜8克,,蔬菜,8克,6,蒸好后去除汤汁和姜丝，盖上香菜碎、葱丝、甜椒丝、红辣椒圈,NUTRITION_RETENTION_DISCARD_RISK,pending
840-14,840,胡萝卜羊肉包子,97,白糖,白糖10克,,调料,10克,,,NUTRITION_RETENTION_NO_STEP_BINDING,pending
840-4,840,胡萝卜羊肉包子,97,白糖,白糖13克,,调料,13克,,,NUTRITION_RETENTION_NO_STEP_BINDING,pending
841-8,841,笋干扣肉,6,姜,生姜10克,,调料,10克,,,NUTRITION_RETENTION_NO_STEP_BINDING,pending
845-4,845,茄汁牛腩,6,姜,姜片20g,片,调料,20g,2,主锅中加入牛腩、20g料酒、姜片和800g水，盖上锅盖和量杯，设置：8分钟/140℃/1档（反转）焯水，结束后将锅内食物倒出并洗净牛腩和主锅,NUTRITION_RETENTION_DISCARD_RISK,pending
847-13,847,清蒸豆腐肉丸子,48,淀粉,生粉8克,,谷物,8克,,,NUTRITION_RETENTION_NO_STEP_BINDING,pending
847-16,847,清蒸豆腐肉丸子,48,淀粉,生粉5克,,谷物,5克,,,NUTRITION_RETENTION_NO_STEP_BINDING,pending
847-17,847,清蒸豆腐肉丸子,89,生抽,生抽30毫升,,调料,30毫升,,,NUTRITION_RETENTION_NO_STEP_BINDING,pending
847-5,847,清蒸豆腐肉丸子,65,小葱,小葱7克,,调料,7克,,,NUTRITION_RETENTION_NO_STEP_BINDING,pending
847-6,847,清蒸豆腐肉丸子,98,料酒,料酒10克,,调料,10克,,,NUTRITION_RETENTION_NO_STEP_BINDING,pending
847-7,847,清蒸豆腐肉丸子,89,生抽,生抽4克,,调料,4克,,,NUTRITION_RETENTION_NO_STEP_BINDING,pending
875-6,875,大理石饼干,120,低筋面粉,B料：低筋面粉78克,,谷物,78克,,,NUTRITION_RETENTION_NO_STEP_BINDING,pending
875-8,875,大理石饼干,46,黄油,黄油48克,,蛋奶,48克,,,NUTRITION_RETENTION_NO_STEP_BINDING,pending
875-9,875,大理石饼干,121,糖粉,糖粉36克,,谷物,36克,,,NUTRITION_RETENTION_NO_STEP_BINDING,pending
884-1,884,柠檬蒸鱼柳,1413,龙利鱼柳,A料：龙利鱼柳300克,,水产,300克,1,龙利鱼柳在冰箱冷藏室自然解冻后冲洗一下沥干，用A剩余原料腌10分钟,NUTRITION_RETENTION_DISCARD_RISK,pending
884-2,884,柠檬蒸鱼柳,98,料酒,料酒15克,,调料,15克,,,NUTRITION_RETENTION_NO_STEP_BINDING,pending
890-13,890,红酒烩牛肉,20,橄榄油,橄榄油适量,,调料,,5,珐琅锅明火加热，加入橄榄油与牛肉，使牛肉煎至金黄色，加入适量的黄油使其增香，倒出牛肉过滤出多余的油，锅中留有少量的油,NUTRITION_RETENTION_DISCARD_RISK,pending
890-14,890,红酒烩牛肉,46,黄油,黄油100克,,蛋奶,100克,5,珐琅锅明火加热，加入橄榄油与牛肉，使牛肉煎至金黄色，加入适量的黄油使其增香，倒出牛肉过滤出多余的油，锅中留有少量的油,NUTRITION_RETENTION_DISCARD_RISK,pending
890-3,890,红酒烩牛肉,1420,红葡萄酒,红葡萄酒600克,,水果,600克,3,混合红葡萄酒与波特酒煮沸去除多余的酒精备用,NUTRITION_RETENTION_DISCARD_RISK,pending
890-4,890,红酒烩牛肉,1421,波特酒,波特酒300克,,其他,300克,3,混合红葡萄酒与波特酒煮沸去除多余的酒精备用,NUTRITION_RETENTION_DISCARD_RISK,pending
895-2,895,卤蛋,41,水,水600g,,其他,600g,,,NUTRITION_RETENTION_NO_STEP_BINDING,pending
905-7,905,蛋黄肉松青团,66,芝麻油,麻油10毫升,,坚果,10毫升,,,NUTRITION_RETENTION_NO_STEP_BINDING,pending
920-5,920,珍珠圆子,98,料酒,料酒15克,,调料,15克,,,NUTRITION_RETENTION_NO_STEP_BINDING,pending
935-4,935,元气蒸蛋,98,料酒,料酒1茶匙,,调料,1茶匙,2,在锅中加入500g水，加入B中料酒、姜片后烧开，放入蛤蜊，待其开口后捞出,NUTRITION_RETENTION_DISCARD_RISK,pending
944-1,944,橄榄鳊鱼,767,鳊鱼,A料：鳊鱼1条,,水产,1条,1,将鳊鱼去鳞、腮和内脏，洗净并沥干水分，鱼背肉厚处斜划2~3刀,NUTRITION_RETENTION_DISCARD_RISK,pending
944-15,944,橄榄鳊鱼,28,食用油,D料：食用油15克,,调料,15克,,,NUTRITION_RETENTION_NO_STEP_BINDING,pending
944-4,944,橄榄鳊鱼,17,盐,盐2克,,调料,2克,,,NUTRITION_RETENTION_NO_STEP_BINDING,pending
944-6,944,橄榄鳊鱼,6,姜,C料：生姜片2片,片,调料,2片,,,NUTRITION_RETENTION_NO_STEP_BINDING,pending
945-3,945,水盆羊肉,98,料酒,料酒20g,,调料,20g,,,NUTRITION_RETENTION_NO_STEP_BINDING,pending
947-4,947,双椒鳙鱼头,17,盐,盐2克,,调料,2克,,,NUTRITION_RETENTION_NO_STEP_BINDING,pending
947-5,947,双椒鳙鱼头,98,料酒,料酒30克,,调料,30克,,,NUTRITION_RETENTION_NO_STEP_BINDING,pending
947-7,947,双椒鳙鱼头,6,姜,生姜2片,,调料,2片,,,NUTRITION_RETENTION_NO_STEP_BINDING,pending
954-2,954,仔姜烧鸭,33,葱,葱段8g,段,调料,8g,1,主锅中加入鸭肉、葱段、姜片、10g料酒和700g水，盖上锅盖和量杯，设置：8分钟/140℃/ 1档（反转）焯水，结束后将锅内食物倒出并洗净鸭肉和主锅,NUTRITION_RETENTION_DISCARD_RISK,pending
954-3,954,仔姜烧鸭,6,姜,姜片15g,片,调料,15g,1,主锅中加入鸭肉、葱段、姜片、10g料酒和700g水，盖上锅盖和量杯，设置：8分钟/140℃/ 1档（反转）焯水，结束后将锅内食物倒出并洗净鸭肉和主锅,NUTRITION_RETENTION_DISCARD_RISK,pending
965-6,965,葡式蛋挞,351,蛋挞皮,主料：冷冻蛋挞皮9个,冷冻,蛋奶,9个,,,NUTRITION_RETENTION_NO_STEP_BINDING,pending
973-4,973,马卡龙,678,蛋白,B料：蛋白50克,,蛋奶,50克,,,NUTRITION_RETENTION_NO_STEP_BINDING,pending
974-9,974,叉烧焗餐包,176,蜂蜜,蜂蜜25g,,调料,25g,,,NUTRITION_RETENTION_NO_STEP_BINDING,pending
975-1,975,啤酒鸭,1510,鸭腿,A料：鸭腿700g,,肉禽,700g,1;4,将鸭腿用清水洗净后，斩成3.5*3.5cm的块状;取出鸭腿肉沥干，放入锅中，加冷水浸没，加入B中的料酒，大火加热至沸腾，水沸后继续焯水3分钟，捞出用清水洗净，沥干,NUTRITION_RETENTION_DISCARD_RISK,pending
975-3,975,啤酒鸭,98,料酒,B料：料酒5汤匙,,调料,5汤匙,4,取出鸭腿肉沥干，放入锅中，加冷水浸没，加入B中的料酒，大火加热至沸腾，水沸后继续焯水3分钟，捞出用清水洗净，沥干,NUTRITION_RETENTION_DISCARD_RISK,pending
976-4,976,泰式鸡翅,41,水,水105克,,其他,105克,,,NUTRITION_RETENTION_NO_STEP_BINDING,pending
978-5,978,南瓜粉蒸肉,98,料酒,料酒10g,,调料,10g,,,NUTRITION_RETENTION_NO_STEP_BINDING,pending
990-3,990,鳕鱼泥,41,水,水600g,,其他,600g,2,主锅中加入600g水，盖上锅盖，放上复式蒸锅，设置：18分钟/140℃/1档蒸制，蒸好后去除细小鱼刺,NUTRITION_RETENTION_DISCARD_RISK,pending
998-7,998,酥皮泡芙,120,低筋面粉,辅料：低筋面粉24克,,谷物,24克,,,NUTRITION_RETENTION_NO_STEP_BINDING,pending
998-9,998,酥皮泡芙,46,黄油,黄油20克,,蛋奶,20克,,,NUTRITION_RETENTION_NO_STEP_BINDING,pending
1002-5,1002,草莓派,46,黄油,B料：黄油50克,,蛋奶,50克,,,NUTRITION_RETENTION_NO_STEP_BINDING,pending
1002-6,1002,草莓派,121,糖粉,糖粉50克,,谷物,50克,,,NUTRITION_RETENTION_NO_STEP_BINDING,pending
1004-16,1004,菇香银鲳,28,食用油,D料：食用油15克,,调料,15克,,,NUTRITION_RETENTION_NO_STEP_BINDING,pending
1004-5,1004,菇香银鲳,6,姜,C料：生姜2片,,调料,2片,,,NUTRITION_RETENTION_NO_STEP_BINDING,pending
1006-4,1006,红枣百合蒸南瓜,185,黄冰糖,辅料：黄冰糖10克,,调料,10克,5,锅中加入黄冰糖，煮至冰糖完全融化，用铲子慢慢搅拌，至微微浓稠时倒出备用,NUTRITION_RETENTION_DISCARD_RISK,pending
1008-5,1008,冬菇滑鸡煲,98,料酒,料酒10克,,调料,10克,,,NUTRITION_RETENTION_NO_STEP_BINDING,pending
1015-1,1015,粤式白灼菜心,41,水,主料：水1000g,,其他,1000g,1;3,主锅中加入水、5g食用油和盐，盖上锅盖和量杯，设置：8分钟/140℃/1档烧煮;将菜心取出摆盘，倒掉主锅中的水并擦干,NUTRITION_RETENTION_DISCARD_RISK,pending
1018-1,1018,秋葵酿虾,363,鲜虾,主料：鲜虾200克,,水产,200克,3,将鲜虾洗净，去除虾线，切掉虾头，将虾壳剥掉，取出虾肉,NUTRITION_RETENTION_DISCARD_RISK,pending
1020-2,1020,香辣烤鸡爪,41,水,B料：水1400g,,其他,1400g,2;3,锅中放入鸡爪，加清水没过鸡爪，大火煮至水开，煮约10分钟关火，捞出鸡爪用冷水冲洗干净;锅中加入1400g水，加入B中所有调料，放入鸡爪，大火烧开，水开后转中火继续炖煮约40分钟，炖煮后期水越来越少，需间歇翻拌鸡爪，直至鸡爪用筷子可戳烂，收汁上色，关火捞出鸡爪放在大碗中,NUTRITION_RETENTION_DISCARD_RISK,pending
1020-5,1020,香辣烤鸡爪,98,料酒,料酒1汤匙,,调料,1汤匙,,,NUTRITION_RETENTION_NO_STEP_BINDING,pending
1026-11,1026,煎烤酱汁鱼排,29,鲈鱼,主料：鲈鱼1条（（片出鱼排约300克））,,水产,1条,1,鲈鱼去鳞、去鱼鳃后，剖开腹部去除内脏后洗净备用,NUTRITION_RETENTION_DISCARD_RISK,pending
1041-2,1041,儿童肉松,41,水,水1000g,,其他,1000g,,,NUTRITION_RETENTION_NO_STEP_BINDING,pending
1048-7,1048,苹果派,46,黄油,B料：黄油50克,,蛋奶,50克,,,NUTRITION_RETENTION_NO_STEP_BINDING,pending
1048-8,1048,苹果派,133,细砂糖,细砂糖50克,,调料,50克,,,NUTRITION_RETENTION_NO_STEP_BINDING,pending
1049-3,1049,虾蓉夜开花,605,高汤,高汤10毫升,,其他,10毫升,,,NUTRITION_RETENTION_NO_STEP_BINDING,pending
1049-8,1049,虾蓉夜开花,98,料酒,料酒5毫升,,调料,5毫升,,,NUTRITION_RETENTION_NO_STEP_BINDING,pending
1051-7,1051,果味烤肉塔可,98,料酒,料酒10克,,调料,10克,,,NUTRITION_RETENTION_NO_STEP_BINDING,pending
1054-1,1054,蒜蓉蒸海参斑,1578,海参斑,A料：海参斑1条（(600g)）,,水产,1条,1;5,将海参斑去鳞、去鳃，开膛去内脏，洗净并沥干水分，背部开刀， 加入B中的姜片、葱段、盐、料酒抹匀，腌制10分钟;烹饪结束后取出，倒掉鱼盘内汤汁，将蒸鱼豉油淋在鱼身上，再将葱丝、姜丝、蒜末放在海参斑上,NUTRITION_RETENTION_DISCARD_RISK,pending
1054-11,1054,蒜蓉蒸海参斑,36,蒸鱼豉油,蒸鱼豉油45克,,调料,45克,5,烹饪结束后取出，倒掉鱼盘内汤汁，将蒸鱼豉油淋在鱼身上，再将葱丝、姜丝、蒜末放在海参斑上,NUTRITION_RETENTION_DISCARD_RISK,pending
1054-14,1054,蒜蓉蒸海参斑,17,盐,盐2克,,调料,2克,1;2,将海参斑去鳞、去鳃，开膛去内脏，洗净并沥干水分，背部开刀， 加入B中的姜片、葱段、盐、料酒抹匀，腌制10分钟;粉丝用水涨发好后，沥干，加入蒜蓉、生抽、盐、糖、味精、鸡精拌均匀,NUTRITION_RETENTION_DISCARD_RISK,pending
1054-3,1054,蒜蓉蒸海参斑,17,盐,B料：盐2克,,调料,2克,,,NUTRITION_RETENTION_NO_STEP_BINDING,pending
1054-4,1054,蒜蓉蒸海参斑,33,葱,葱10克,,调料,10克,1;5;6,将海参斑去鳞、去鳃，开膛去内脏，洗净并沥干水分，背部开刀， 加入B中的姜片、葱段、盐、料酒抹匀，腌制10分钟;烹饪结束后取出，倒掉鱼盘内汤汁，将蒸鱼豉油淋在鱼身上，再将葱丝、姜丝、蒜末放在海参斑上;将炒锅烧热，倒入食用油，烧至七成热（略微冒烟）时均匀淋在葱姜蒜上，趁热食用,NUTRITION_RETENTION_DISCARD_RISK,pending
1054-5,1054,蒜蓉蒸海参斑,6,姜,姜10克,,调料,10克,1;5;6,将海参斑去鳞、去鳃，开膛去内脏，洗净并沥干水分，背部开刀， 加入B中的姜片、葱段、盐、料酒抹匀，腌制10分钟;烹饪结束后取出，倒掉鱼盘内汤汁，将蒸鱼豉油淋在鱼身上，再将葱丝、姜丝、蒜末放在海参斑上;将炒锅烧热，倒入食用油，烧至七成热（略微冒烟）时均匀淋在葱姜蒜上，趁热食用,NUTRITION_RETENTION_DISCARD_RISK,pending
1054-7,1054,蒜蓉蒸海参斑,6,姜,C料：姜3克,,调料,3克,,,NUTRITION_RETENTION_NO_STEP_BINDING,pending
1054-9,1054,蒜蓉蒸海参斑,33,葱,葱4克,,调料,4克,,,NUTRITION_RETENTION_NO_STEP_BINDING,pending
1060-11,1060,酸辣土豆丝,28,食用油,主料：食用油20克,,调料,20克,,,NUTRITION_RETENTION_NO_STEP_BINDING,pending
1060-4,1060,酸辣土豆丝,30,辣椒,干辣椒丝4克,干+丝,蔬菜,4克,,,NUTRITION_RETENTION_NO_STEP_BINDING,pending
1060-5,1060,酸辣土豆丝,17,盐,盐2克,,调料,2克,,,NUTRITION_RETENTION_NO_STEP_BINDING,pending
1060-6,1060,酸辣土豆丝,89,生抽,生抽10克,,调料,10克,,,NUTRITION_RETENTION_NO_STEP_BINDING,pending
1060-8,1060,酸辣土豆丝,432,白醋,白醋20克,,调料,20克,,,NUTRITION_RETENTION_NO_STEP_BINDING,pending
1060-9,1060,酸辣土豆丝,74,土豆,土豆丝350克,丝,蔬菜,350克,,,NUTRITION_RETENTION_NO_STEP_BINDING,pending
1067-14,1067,日式串烧,98,料酒,辅料：料酒30g,,调料,30g,,,NUTRITION_RETENTION_NO_STEP_BINDING,pending
1067-21,1067,日式串烧,41,水,清水30g,,其他,30g,,,NUTRITION_RETENTION_NO_STEP_BINDING,pending
1071-2,1071,剁椒蒸鱿鱼,98,料酒,料酒15g,,调料,15g,,,NUTRITION_RETENTION_NO_STEP_BINDING,pending
1072-1,1072,蛤蜊蒸蛋,1472,鲜活蛤蜊,A料：鲜活蛤蜊10~15个（约150g）/,,水产,,,,NUTRITION_RETENTION_NO_STEP_BINDING,pending
1072-2,1072,蛤蜊蒸蛋,54,鸡蛋,鸡蛋2个,,蛋奶,2个,,,NUTRITION_RETENTION_NO_STEP_BINDING,pending
1072-3,1072,蛤蜊蒸蛋,17,盐,B料：盐1.25克,,调料,1.25克,,,NUTRITION_RETENTION_NO_STEP_BINDING,pending
1072-4,1072,蛤蜊蒸蛋,98,料酒,料酒5克,,调料,5克,,,NUTRITION_RETENTION_NO_STEP_BINDING,pending
1072-5,1072,蛤蜊蒸蛋,6,姜,生姜2片,,调料,2片,,,NUTRITION_RETENTION_NO_STEP_BINDING,pending
1072-7,1072,蛤蜊蒸蛋,89,生抽,生抽5克,,调料,5克,,,NUTRITION_RETENTION_NO_STEP_BINDING,pending
1072-8,1072,蛤蜊蒸蛋,66,芝麻油,芝麻油5克,,坚果,5克,,,NUTRITION_RETENTION_NO_STEP_BINDING,pending
1072-9,1072,蛤蜊蒸蛋,1472,鲜活蛤蜊,主料：鲜活蛤蜊15只,,水产,15只,,,NUTRITION_RETENTION_NO_STEP_BINDING,pending
1073-1,1073,大白菜包肉,1594,大白菜叶,主料：大白菜叶60克,,蔬菜,60克,4,锅中加水烧开，加盐，放入大白菜叶煮软，捞出,NUTRITION_RETENTION_DISCARD_RISK,pending
1075-14,1075,花环椰蓉面包,54,鸡蛋,C料：全蛋液（刷表面用）少量,液,蛋奶,,,,NUTRITION_RETENTION_NO_STEP_BINDING,pending
1075-5,1075,花环椰蓉面包,54,鸡蛋,全蛋液20g,液,蛋奶,20g,,,NUTRITION_RETENTION_NO_STEP_BINDING,pending
1094-15,1094,红烧肉,156,五花肉,主料：五花肉500克,,肉禽,500克,,,NUTRITION_RETENTION_NO_STEP_BINDING,pending
1094-16,1094,红烧肉,98,料酒,料酒35克,,调料,35克,,,NUTRITION_RETENTION_NO_STEP_BINDING,pending
1094-18,1094,红烧肉,41,水,水870克,,其他,870克,,,NUTRITION_RETENTION_NO_STEP_BINDING,pending
1094-2,1094,红烧肉,6,姜,生姜2片,,调料,2片,,,NUTRITION_RETENTION_NO_STEP_BINDING,pending
1094-22,1094,红烧肉,139,老抽,老抽10克,,调料,10克,,,NUTRITION_RETENTION_NO_STEP_BINDING,pending
1094-3,1094,红烧肉,65,小葱,小葱段10克,段,调料,10克,,,NUTRITION_RETENTION_NO_STEP_BINDING,pending
1094-4,1094,红烧肉,98,料酒,料酒15克,,调料,15克,,,NUTRITION_RETENTION_NO_STEP_BINDING,pending
1094-5,1094,红烧肉,65,小葱,B料：小葱20克,,调料,20克,,,NUTRITION_RETENTION_NO_STEP_BINDING,pending
1094-6,1094,红烧肉,6,姜,生姜2片,,调料,2片,,,NUTRITION_RETENTION_NO_STEP_BINDING,pending
1094-8,1094,红烧肉,142,八角,八角1个,,调料,1个,,,NUTRITION_RETENTION_NO_STEP_BINDING,pending
1094-9,1094,红烧肉,89,生抽,C料：生抽15克,,调料,15克,,,NUTRITION_RETENTION_NO_STEP_BINDING,pending
1101-7,1101,鸡汁百叶包,166,黄酒,黄酒10毫升,,其他,10毫升,,,NUTRITION_RETENTION_NO_STEP_BINDING,pending
1106-7,1106,白露|菌香肉酱蒸百合,41,水,水50毫升,,其他,50毫升,6,加入水煮两分钟，倒出备用,NUTRITION_RETENTION_DISCARD_RISK,pending
1110-16,1110,梅子酱焖肉,98,料酒,料酒2茶匙,,调料,2茶匙,1,将五花肉洗净切成2cm见方的肉块放入锅中，加冷水浸没，将A中葱、姜、料酒加入其中，大火至沸腾后继续焯水2分钟，捞出清水冲洗干净并沥干水分备用,NUTRITION_RETENTION_DISCARD_RISK,pending
1110-2,1110,梅子酱焖肉,33,葱,葱2段,,调料,2段,1,将五花肉洗净切成2cm见方的肉块放入锅中，加冷水浸没，将A中葱、姜、料酒加入其中，大火至沸腾后继续焯水2分钟，捞出清水冲洗干净并沥干水分备用,NUTRITION_RETENTION_DISCARD_RISK,pending
1110-3,1110,梅子酱焖肉,6,姜,生姜2片,,调料,2片,1,将五花肉洗净切成2cm见方的肉块放入锅中，加冷水浸没，将A中葱、姜、料酒加入其中，大火至沸腾后继续焯水2分钟，捞出清水冲洗干净并沥干水分备用,NUTRITION_RETENTION_DISCARD_RISK,pending
1110-4,1110,梅子酱焖肉,98,料酒,料酒1茶匙,,调料,1茶匙,,,NUTRITION_RETENTION_NO_STEP_BINDING,pending
1110-8,1110,梅子酱焖肉,33,葱,葱段5g,段,调料,5g,,,NUTRITION_RETENTION_NO_STEP_BINDING,pending
1110-9,1110,梅子酱焖肉,6,姜,生姜3片,,调料,3片,,,NUTRITION_RETENTION_NO_STEP_BINDING,pending
1119-7,1119,番茄玉米汤,54,鸡蛋,鸡蛋100g（（打散））,,蛋奶,100g,,,NUTRITION_RETENTION_NO_STEP_BINDING,pending
1136-6,1136,半熟乳酪砖,531,朗姆酒,朗姆酒3mL,,其他,3mL,,,NUTRITION_RETENTION_NO_STEP_BINDING,pending
1150-3,1150,法式千层土豆,122,牛奶,牛奶200ml,,蛋奶,200ml,1,将奶油和牛奶倒入一个大的炖锅中，再放入大蒜、月桂叶、百里香、肉豆蔻粉、黑胡椒碎和盐一起煮沸一次，离火静置 5 分钟后过滤，再把液体倒进炖锅中备用,NUTRITION_RETENTION_DISCARD_RISK,pending
1150-4,1150,法式千层土豆,50,蒜,大蒜碎15克,碎,调料,15克,1,将奶油和牛奶倒入一个大的炖锅中，再放入大蒜、月桂叶、百里香、肉豆蔻粉、黑胡椒碎和盐一起煮沸一次，离火静置 5 分钟后过滤，再把液体倒进炖锅中备用,NUTRITION_RETENTION_DISCARD_RISK,pending
1150-6,1150,法式千层土豆,1423,月桂叶,新鲜月桂叶1片,新鲜,其他,1片,1,将奶油和牛奶倒入一个大的炖锅中，再放入大蒜、月桂叶、百里香、肉豆蔻粉、黑胡椒碎和盐一起煮沸一次，离火静置 5 分钟后过滤，再把液体倒进炖锅中备用,NUTRITION_RETENTION_DISCARD_RISK,pending
1150-7,1150,法式千层土豆,19,黑胡椒,黑胡椒碎5克,碎,其他,5克,1,将奶油和牛奶倒入一个大的炖锅中，再放入大蒜、月桂叶、百里香、肉豆蔻粉、黑胡椒碎和盐一起煮沸一次，离火静置 5 分钟后过滤，再把液体倒进炖锅中备用,NUTRITION_RETENTION_DISCARD_RISK,pending
1150-8,1150,法式千层土豆,1646,肉豆蔻,肉豆蔻适量,,其他,,1,将奶油和牛奶倒入一个大的炖锅中，再放入大蒜、月桂叶、百里香、肉豆蔻粉、黑胡椒碎和盐一起煮沸一次，离火静置 5 分钟后过滤，再把液体倒进炖锅中备用,NUTRITION_RETENTION_DISCARD_RISK,pending
1150-9,1150,法式千层土豆,17,盐,盐4克,,调料,4克,1,将奶油和牛奶倒入一个大的炖锅中，再放入大蒜、月桂叶、百里香、肉豆蔻粉、黑胡椒碎和盐一起煮沸一次，离火静置 5 分钟后过滤，再把液体倒进炖锅中备用,NUTRITION_RETENTION_DISCARD_RISK,pending
1154-1,1154,红柚茉莉果茶,1649,茉莉绿茶茶包,主料：茉莉绿茶茶包1个（（约2g））,,其他,1个,,,NUTRITION_RETENTION_NO_STEP_BINDING,pending
1154-2,1154,红柚茉莉果茶,41,水,冰水240g,冰,其他,240g,,,NUTRITION_RETENTION_NO_STEP_BINDING,pending
1157-6,1157,巧克力马卡龙,678,蛋白,B料：蛋白50克,,蛋奶,50克,,,NUTRITION_RETENTION_NO_STEP_BINDING,pending
1158-7,1158,粉蒸排骨,98,料酒,料酒2茶匙,,调料,2茶匙,,,NUTRITION_RETENTION_NO_STEP_BINDING,pending
1164-3,1164,香烤豆腐,155,色拉油,色拉油30克,,调料,30克,,,NUTRITION_RETENTION_NO_STEP_BINDING,pending
1171-6,1171,荠菜鲜肉青团,41,水,开水150克,煮沸,其他,150克,1;3,将澄面倒入碗中，加入开水将澄面烫熟，用筷子搅拌均匀;荠菜放入锅中焯水后捞出，将烫好的荠菜切碎,NUTRITION_RETENTION_DISCARD_RISK,pending
1180-8,1180,滋补羊肉汤,98,料酒,料酒10毫升,,调料,10毫升,,,NUTRITION_RETENTION_NO_STEP_BINDING,pending
1206-10,1206,西北羊排,33,葱,葱段15克,段,调料,15克,,,NUTRITION_RETENTION_NO_STEP_BINDING,pending
1206-2,1206,西北羊排,1420,红葡萄酒,B料：红葡萄酒90克,,水果,90克,,,NUTRITION_RETENTION_NO_STEP_BINDING,pending
1206-20,1206,西北羊排,33,葱,葱花适量,花,调料,,,,NUTRITION_RETENTION_NO_STEP_BINDING,pending
1207-8,1207,青酱意面,41,水,水800g,,其他,800g,8;11,主锅加入水，盖上锅盖和量杯;烧煮结束后，取出意面沥干水份备用,NUTRITION_RETENTION_DISCARD_RISK,pending
1212-1,1212,麻酱鸡丝,261,鸡胸肉,主料：鸡胸肉1块（（约200g））,,肉禽,1块,1;2,主锅中放入鸡胸肉和水，盖上锅盖和量杯，设置：15分钟/100℃/1档（反转）煮制;烹饪结束，捞出鸡胸肉洗净过冷水，顺着鸡肉纤维撕成鸡丝,NUTRITION_RETENTION_DISCARD_RISK,pending
1212-2,1212,麻酱鸡丝,41,水,水500g,,其他,500g,1;2,主锅中放入鸡胸肉和水，盖上锅盖和量杯，设置：15分钟/100℃/1档（反转）煮制;烹饪结束，捞出鸡胸肉洗净过冷水，顺着鸡肉纤维撕成鸡丝,NUTRITION_RETENTION_DISCARD_RISK,pending
1213-2,1213,葱烤银鳕鱼,239,大葱,辅料：京葱50克,,调料,50克,2,锅中倒油炸京葱 炸到微黄微焦 出香味后捞出,NUTRITION_RETENTION_DISCARD_RISK,pending
1216-1,1216,蒜香排骨,1709,猪仔排,A料：猪仔排500克,,肉禽,500克,1,猪仔排剁10厘米段，清水浸泡1小时左右，漂去血水，沥干水分放入料理盆中备用,NUTRITION_RETENTION_DISCARD_RISK,pending
1216-9,1216,蒜香排骨,98,料酒,料酒12克,,调料,12克,,,NUTRITION_RETENTION_NO_STEP_BINDING,pending
1225-4,1225,红豆面包,54,鸡蛋,全蛋液50克,液,蛋奶,50克,,,NUTRITION_RETENTION_NO_STEP_BINDING,pending
1225-6,1225,红豆面包,41,水,水95克,,其他,95克,,,NUTRITION_RETENTION_NO_STEP_BINDING,pending
1230-2,1230,曲奇饼干,133,细砂糖,细砂糖45克,,调料,45克,,,NUTRITION_RETENTION_NO_STEP_BINDING,pending
1230-3,1230,曲奇饼干,17,盐,盐1小勺,,调料,1小勺,,,NUTRITION_RETENTION_NO_STEP_BINDING,pending
1230-5,1230,曲奇饼干,120,低筋面粉,低筋面粉145克,,谷物,145克,,,NUTRITION_RETENTION_NO_STEP_BINDING,pending
1230-6,1230,曲奇饼干,669,奶粉,奶粉10克,,蛋奶,10克,,,NUTRITION_RETENTION_NO_STEP_BINDING,pending
1230-7,1230,曲奇饼干,54,鸡蛋,辅料：全蛋液25克,液,蛋奶,25克,,,NUTRITION_RETENTION_NO_STEP_BINDING,pending
1230-8,1230,曲奇饼干,17,盐,盐0.5克,,调料,0.5克,,,NUTRITION_RETENTION_NO_STEP_BINDING,pending
1230-9,1230,曲奇饼干,133,细砂糖,细砂糖33克,,调料,33克,,,NUTRITION_RETENTION_NO_STEP_BINDING,pending
1238-7,1238,水果盒子蛋糕,97,白糖,白砂糖30克,,调料,30克,,,NUTRITION_RETENTION_NO_STEP_BINDING,pending
1238-9,1238,水果盒子蛋糕,97,白糖,白砂糖30克,,调料,30克,,,NUTRITION_RETENTION_NO_STEP_BINDING,pending
1240-9,1240,白菜肉卷,1594,大白菜叶,大白菜叶300g,,蔬菜,300g,3,结束后，将大白菜叶放入煮沸的水中烫一下，捞出后晾凉,NUTRITION_RETENTION_DISCARD_RISK,pending
1243-5,1243,鱼干虾干蒸豆腐,98,料酒,料酒5毫升,,调料,5毫升,,,NUTRITION_RETENTION_NO_STEP_BINDING,pending
1248-3,1248,山药鸡蛋糊,605,高汤,辅料：高汤100毫升,,其他,100毫升,,,NUTRITION_RETENTION_NO_STEP_BINDING,pending
1248-8,1248,山药鸡蛋糊,98,料酒,料酒5毫升,,调料,5毫升,,,NUTRITION_RETENTION_NO_STEP_BINDING,pending
1261-3,1261,玉米蒸排骨,6,姜,B料：姜片3片,片,调料,3片,1,将排骨清洗干净后用开水小焯，放入姜片，去除血腥，之后清洗掉血块沥干备用,NUTRITION_RETENTION_DISCARD_RISK,pending
1264-4,1264,山楂苹果消食饮,111,纯净水,纯净水700g,,其他,700g,,,NUTRITION_RETENTION_NO_STEP_BINDING,pending
1273-4,1273,蔬菜丝汤,41,水,开水600g,煮沸,其他,600g,,,NUTRITION_RETENTION_NO_STEP_BINDING,pending
1285-7,1285,葱油小黄鱼,1741,老酒,老酒5克,,其他,5克,,,NUTRITION_RETENTION_NO_STEP_BINDING,pending
1289-4,1289,双椒鳙鱼头（台式）,17,盐,盐1/2茶匙,,调料,1/2茶匙,,,NUTRITION_RETENTION_NO_STEP_BINDING,pending
1289-5,1289,双椒鳙鱼头（台式）,98,料酒,料酒2汤匙,,调料,2汤匙,,,NUTRITION_RETENTION_NO_STEP_BINDING,pending
1289-7,1289,双椒鳙鱼头（台式）,6,姜,生姜2片,,调料,2片,,,NUTRITION_RETENTION_NO_STEP_BINDING,pending
1291-4,1291,豉汁凤爪,888,白酒,白酒5克,,其他,5克,,,NUTRITION_RETENTION_NO_STEP_BINDING,pending
1296-1,1296,小米蒸牛肉,798,牛肉,主料：牛肉200克,,肉禽,200克,3;4;5,牛肉切碎，小葱切段;加生抽、料酒、盐、五香粉、辣椒粉用手按摩牛肉帮助配料入味，腌制30分钟;小米滤水沥干，同腌制的牛肉均匀的抓到一起,NUTRITION_RETENTION_DISCARD_RISK,pending
1296-2,1296,小米蒸牛肉,290,小米,小米50克,,谷物,50克,2;5,小米提前浸泡一个小时;小米滤水沥干，同腌制的牛肉均匀的抓到一起,NUTRITION_RETENTION_DISCARD_RISK,pending
1298-1,1298,绿豆汤,344,绿豆,主料：绿豆200克,,谷物,200克,1;2,绿豆洗净后，装入碗中加入没过绿豆的水，浸泡八小时以上;将泡好的绿豆捞出沥干水分，放入碗中，加入清水和冰糖,NUTRITION_RETENTION_DISCARD_RISK,pending
1300-9,1300,清蒸人参鸡,1079,鸡汤,鸡汤800克,,肉禽,800克,,,NUTRITION_RETENTION_NO_STEP_BINDING,pending
1301-5,1301,火爆燎肉,98,料酒,料酒5g,,调料,5g,,,NUTRITION_RETENTION_NO_STEP_BINDING,pending
1303-1,1303,梅干菜扣肉,156,五花肉,A料：五花肉300克,,肉禽,300克,2,将洗干净的五花肉放入锅中，加冷水浸没，并加入B中的葱段、姜片、料酒，大火加热至沸腾，水沸后继续焯水10分钟，捞出用清水洗净，切成5cm*3cm*0.5cm肉片,NUTRITION_RETENTION_DISCARD_RISK,pending
1303-11,1303,梅干菜扣肉,98,料酒,料酒15克,,调料,15克,2,将洗干净的五花肉放入锅中，加冷水浸没，并加入B中的葱段、姜片、料酒，大火加热至沸腾，水沸后继续焯水10分钟，捞出用清水洗净，切成5cm*3cm*0.5cm肉片,NUTRITION_RETENTION_DISCARD_RISK,pending
1303-17,1303,梅干菜扣肉,65,小葱,小葱4段,,调料,4段,,,NUTRITION_RETENTION_NO_STEP_BINDING,pending
1303-18,1303,梅干菜扣肉,6,姜,生姜2片,,调料,2片,,,NUTRITION_RETENTION_NO_STEP_BINDING,pending
1303-3,1303,梅干菜扣肉,65,小葱,B料：小葱4段,,调料,4段,,,NUTRITION_RETENTION_NO_STEP_BINDING,pending
1303-4,1303,梅干菜扣肉,6,姜,姜片1片,片,调料,1片,2,将洗干净的五花肉放入锅中，加冷水浸没，并加入B中的葱段、姜片、料酒，大火加热至沸腾，水沸后继续焯水10分钟，捞出用清水洗净，切成5cm*3cm*0.5cm肉片,NUTRITION_RETENTION_DISCARD_RISK,pending
1303-5,1303,梅干菜扣肉,98,料酒,料酒15克,,调料,15克,,,NUTRITION_RETENTION_NO_STEP_BINDING,pending
1303-6,1303,梅干菜扣肉,6,姜,生姜1片,,调料,1片,,,NUTRITION_RETENTION_NO_STEP_BINDING,pending
1316-2,1316,玛格丽特,41,水,水400g,,其他,400g,,,NUTRITION_RETENTION_NO_STEP_BINDING,pending
1317-2,1317,椒盐鸡软骨,6,姜,姜片10g,片,调料,10g,1,主锅中加入鸡软骨、姜片、料酒和水，盖上锅盖和量杯，设置：6分钟/140℃/1档（反转）焯水，结束后将锅内食物倒出并洗净鸡软骨和主锅,NUTRITION_RETENTION_DISCARD_RISK,pending
1317-3,1317,椒盐鸡软骨,98,料酒,料酒10g,,调料,10g,1,主锅中加入鸡软骨、姜片、料酒和水，盖上锅盖和量杯，设置：6分钟/140℃/1档（反转）焯水，结束后将锅内食物倒出并洗净鸡软骨和主锅,NUTRITION_RETENTION_DISCARD_RISK,pending
1323-3,1323,香辣啤酒鸭,98,料酒,料酒20g,,调料,20g,,,NUTRITION_RETENTION_NO_STEP_BINDING,pending
1323-4,1323,香辣啤酒鸭,41,水,水800g,,其他,800g,,,NUTRITION_RETENTION_NO_STEP_BINDING,pending
1328-6,1328,维也纳蛋糕,531,朗姆酒,朗姆酒10毫升,,其他,10毫升,,,NUTRITION_RETENTION_NO_STEP_BINDING,pending
1329-14,1329,轻松一锅蒸,33,葱,葱花2克,花,调料,2克,,,NUTRITION_RETENTION_NO_STEP_BINDING,pending
1329-18,1329,轻松一锅蒸,89,生抽,生抽30克,,调料,30克,,,NUTRITION_RETENTION_NO_STEP_BINDING,pending
1329-20,1329,轻松一锅蒸,97,白糖,白砂糖5克,,调料,5克,,,NUTRITION_RETENTION_NO_STEP_BINDING,pending
1329-27,1329,轻松一锅蒸,17,盐,盐25克,,调料,25克,,,NUTRITION_RETENTION_NO_STEP_BINDING,pending
1329-30,1329,轻松一锅蒸,33,葱,葱花5克,花,调料,5克,,,NUTRITION_RETENTION_NO_STEP_BINDING,pending
1329-5,1329,轻松一锅蒸,17,盐,盐2克,,调料,2克,,,NUTRITION_RETENTION_NO_STEP_BINDING,pending
1329-7,1329,轻松一锅蒸,50,蒜,蒜末10克,末,调料,10克,,,NUTRITION_RETENTION_NO_STEP_BINDING,pending
1331-7,1331,虾仁豆腐蒸水蛋,41,水,水800g,,其他,800g,,,NUTRITION_RETENTION_NO_STEP_BINDING,pending
1336-3,1336,蓝莓山药泥,432,白醋,白醋15毫升,,调料,15毫升,2,把山药浸入清水中，加白醋，搅拌均匀，去除黏液,NUTRITION_RETENTION_DISCARD_RISK,pending
1337-5,1337,五味青团,671,草莓,草莓4个,,水果,4个,5,将草莓洗净沥干水份，切除根部待用,NUTRITION_RETENTION_DISCARD_RISK,pending
1342-5,1342,蒸鱼丸,6,姜,姜末5克,末,调料,5克,2;5,生姜末用20克清水浸泡约15分钟;再加入滤出的生姜水，帮助去腥,NUTRITION_RETENTION_DISCARD_RISK,pending
1344-1,1344,蛋黄云腿月饼,243,中筋面粉,A料：中筋面粉160g,,谷物,160g,,,NUTRITION_RETENTION_NO_STEP_BINDING,pending
1346-1,1346,剁椒鸡翅,149,鸡中翅,A料：鸡中翅350克,,肉禽,350克,1;4;5,鸡中翅洗净，将其两面均划两刀;方太灶具调至9段火，锅中加入清水放入鸡中翅、食盐、八角、桂皮、倒入料酒;将其煮开，煮开两分钟，将鸡中翅捞出沥干,NUTRITION_RETENTION_DISCARD_RISK,pending
1354-3,1354,英式红茶拿铁,1794,伯爵红茶,伯爵红茶400g,,其他,400g,1,主锅中插入搅拌棒并卡在刀组上，加入全脂牛奶、伯爵红茶汤和香草糖浆，盖上锅盖和量杯,NUTRITION_RETENTION_AMBIGUOUS,pending
1373-11,1373,雪花牛肉烤金针菇,28,食用油,食用油30克,,调料,30克,,,NUTRITION_RETENTION_NO_STEP_BINDING,pending
1373-13,1373,雪花牛肉烤金针菇,89,生抽,D料：生抽6克,,调料,6克,,,NUTRITION_RETENTION_NO_STEP_BINDING,pending
1373-16,1373,雪花牛肉烤金针菇,26,辣椒粉,辣椒粉1克,,蔬菜,1克,,,NUTRITION_RETENTION_NO_STEP_BINDING,pending
1373-17,1373,雪花牛肉烤金针菇,28,食用油,食用油25克,,调料,25克,,,NUTRITION_RETENTION_NO_STEP_BINDING,pending
1373-2,1373,雪花牛肉烤金针菇,89,生抽,B料：生抽15克,,调料,15克,,,NUTRITION_RETENTION_NO_STEP_BINDING,pending
1373-6,1373,雪花牛肉烤金针菇,26,辣椒粉,辣椒粉2克,,蔬菜,2克,,,NUTRITION_RETENTION_NO_STEP_BINDING,pending
1405-7,1405,花生米浆,41,水,水1100克,,其他,1100克,,,NUTRITION_RETENTION_NO_STEP_BINDING,pending
1410-13,1410,香烤卤猪蹄,98,料酒,料酒6T,,调料,6T,,,NUTRITION_RETENTION_NO_STEP_BINDING,pending
1425-1,1425,凉拌西葫芦,41,水,主料：水600g,,其他,600g,1;3,主锅中加入水、盐和食用油，盖上锅盖和量杯，设置：5分钟/140℃/1档烧煮;结束后取出西葫芦，沥干水分后倒入盘中，并洗净主锅,NUTRITION_RETENTION_DISCARD_RISK,pending
1426-10,1426,嫩烤鱼,508,莲藕,莲藕片200克,片,蔬菜,200克,3,取1锅加入足量清水，打开方太灶蒸烤烹饪机，大火档煮至水沸，下入芹菜段、土豆片、莲藕片、洋葱片和千张，焯3分钟后捞出沥干水分，平铺在蒸烤盘中,NUTRITION_RETENTION_DISCARD_RISK,pending
1426-11,1426,嫩烤鱼,12,洋葱,洋葱片100克,片,蔬菜,100克,3,取1锅加入足量清水，打开方太灶蒸烤烹饪机，大火档煮至水沸，下入芹菜段、土豆片、莲藕片、洋葱片和千张，焯3分钟后捞出沥干水分，平铺在蒸烤盘中,NUTRITION_RETENTION_DISCARD_RISK,pending
1426-12,1426,嫩烤鱼,707,千张,千张200克,,豆制品,200克,3,取1锅加入足量清水，打开方太灶蒸烤烹饪机，大火档煮至水沸，下入芹菜段、土豆片、莲藕片、洋葱片和千张，焯3分钟后捞出沥干水分，平铺在蒸烤盘中,NUTRITION_RETENTION_DISCARD_RISK,pending
1426-13,1426,嫩烤鱼,239,大葱,C料：京葱段10克,段,调料,10克,,,NUTRITION_RETENTION_NO_STEP_BINDING,pending
1426-25,1426,嫩烤鱼,605,高汤,高汤200克,,其他,200克,,,NUTRITION_RETENTION_NO_STEP_BINDING,pending
1426-26,1426,嫩烤鱼,702,草鱼,主料：草鱼1条,,水产,1条,,,NUTRITION_RETENTION_NO_STEP_BINDING,pending
1426-27,1426,嫩烤鱼,74,土豆,土豆片150克,片,蔬菜,150克,3,取1锅加入足量清水，打开方太灶蒸烤烹饪机，大火档煮至水沸，下入芹菜段、土豆片、莲藕片、洋葱片和千张，焯3分钟后捞出沥干水分，平铺在蒸烤盘中,NUTRITION_RETENTION_DISCARD_RISK,pending
1426-28,1426,嫩烤鱼,508,莲藕,莲藕片100克,片,蔬菜,100克,,,NUTRITION_RETENTION_NO_STEP_BINDING,pending
1426-29,1426,嫩烤鱼,707,千张,千张80克,,豆制品,80克,,,NUTRITION_RETENTION_NO_STEP_BINDING,pending
1426-30,1426,嫩烤鱼,17,盐,辅料：盐4克,,调料,4克,,,NUTRITION_RETENTION_NO_STEP_BINDING,pending
1426-31,1426,嫩烤鱼,98,料酒,料酒10克,,调料,10克,,,NUTRITION_RETENTION_NO_STEP_BINDING,pending
1426-33,1426,嫩烤鱼,6,姜,姜片11克,片,调料,11克,,,NUTRITION_RETENTION_NO_STEP_BINDING,pending
1426-36,1426,嫩烤鱼,445,芹菜,芹菜段25克,段,蔬菜,25克,3,取1锅加入足量清水，打开方太灶蒸烤烹饪机，大火档煮至水沸，下入芹菜段、土豆片、莲藕片、洋葱片和千张，焯3分钟后捞出沥干水分，平铺在蒸烤盘中,NUTRITION_RETENTION_DISCARD_RISK,pending
1426-37,1426,嫩烤鱼,12,洋葱,洋葱片50克,片,蔬菜,50克,,,NUTRITION_RETENTION_NO_STEP_BINDING,pending
1426-38,1426,嫩烤鱼,239,大葱,京葱段10克,段,调料,10克,,,NUTRITION_RETENTION_NO_STEP_BINDING,pending
1426-39,1426,嫩烤鱼,50,蒜,蒜片20克,片,调料,20克,,,NUTRITION_RETENTION_NO_STEP_BINDING,pending
1426-4,1426,嫩烤鱼,33,葱,葱段15克,段,调料,15克,,,NUTRITION_RETENTION_NO_STEP_BINDING,pending
1426-40,1426,嫩烤鱼,28,食用油,食用油30克,,调料,30克,,,NUTRITION_RETENTION_NO_STEP_BINDING,pending
1426-41,1426,嫩烤鱼,710,郫县豆瓣酱,郫县豆瓣酱30克,,调料,30克,,,NUTRITION_RETENTION_NO_STEP_BINDING,pending
1426-42,1426,嫩烤鱼,711,红油火锅底料,红油火锅底料80克,,调料,80克,,,NUTRITION_RETENTION_NO_STEP_BINDING,pending
1426-43,1426,嫩烤鱼,119,啤酒,啤酒300克,,其他,300克,,,NUTRITION_RETENTION_NO_STEP_BINDING,pending
1426-44,1426,嫩烤鱼,52,蚝油,蚝油10克,,调料,10克,,,NUTRITION_RETENTION_NO_STEP_BINDING,pending
1426-45,1426,嫩烤鱼,139,老抽,老抽3克,,调料,3克,,,NUTRITION_RETENTION_NO_STEP_BINDING,pending
1426-46,1426,嫩烤鱼,89,生抽,生抽10克,,调料,10克,,,NUTRITION_RETENTION_NO_STEP_BINDING,pending
1426-47,1426,嫩烤鱼,37,胡椒粉,胡椒粉1克,,谷物,1克,,,NUTRITION_RETENTION_NO_STEP_BINDING,pending
1426-5,1426,嫩烤鱼,6,姜,姜片6克,片,调料,6克,,,NUTRITION_RETENTION_NO_STEP_BINDING,pending
1426-6,1426,嫩烤鱼,498,菜籽油,菜籽油30克,,蔬菜,30克,,,NUTRITION_RETENTION_NO_STEP_BINDING,pending
1426-7,1426,嫩烤鱼,243,中筋面粉,中筋面粉10克,,谷物,10克,,,NUTRITION_RETENTION_NO_STEP_BINDING,pending
1426-8,1426,嫩烤鱼,445,芹菜,B料：芹菜段25克,段,蔬菜,25克,,,NUTRITION_RETENTION_NO_STEP_BINDING,pending
1426-9,1426,嫩烤鱼,74,土豆,土豆片300克,片,蔬菜,300克,,,NUTRITION_RETENTION_NO_STEP_BINDING,pending
1445-15,1445,糯米烧麦,897,肉汤,肉汤50g,,其他,50g,,,NUTRITION_RETENTION_NO_STEP_BINDING,pending
1448-1,1448,快手三色麻薯,890,麻薯预拌粉,A料：麻薯预拌粉100克,,谷物,100克,,,NUTRITION_RETENTION_NO_STEP_BINDING,pending
1448-11,1448,快手三色麻薯,890,麻薯预拌粉,辅料：麻薯预拌粉100克,,谷物,100克,,,NUTRITION_RETENTION_NO_STEP_BINDING,pending
1448-12,1448,快手三色麻薯,1183,植物油,植物油20克,,调料,20克,,,NUTRITION_RETENTION_NO_STEP_BINDING,pending
1448-13,1448,快手三色麻薯,122,牛奶,牛奶17克,,蛋奶,17克,,,NUTRITION_RETENTION_NO_STEP_BINDING,pending
1448-14,1448,快手三色麻薯,54,鸡蛋,鸡蛋1个,,蛋奶,1个,,,NUTRITION_RETENTION_NO_STEP_BINDING,pending
1448-2,1448,快手三色麻薯,1183,植物油,植物油20克,,调料,20克,,,NUTRITION_RETENTION_NO_STEP_BINDING,pending
1448-3,1448,快手三色麻薯,122,牛奶,牛奶17克,,蛋奶,17克,,,NUTRITION_RETENTION_NO_STEP_BINDING,pending
1448-4,1448,快手三色麻薯,54,鸡蛋,鸡蛋1个,,蛋奶,1个,,,NUTRITION_RETENTION_NO_STEP_BINDING,pending
1448-6,1448,快手三色麻薯,890,麻薯预拌粉,主料：麻薯预拌粉100克,,谷物,100克,,,NUTRITION_RETENTION_NO_STEP_BINDING,pending
1448-7,1448,快手三色麻薯,1183,植物油,植物油20克,,调料,20克,,,NUTRITION_RETENTION_NO_STEP_BINDING,pending
1448-8,1448,快手三色麻薯,122,牛奶,牛奶17克,,蛋奶,17克,,,NUTRITION_RETENTION_NO_STEP_BINDING,pending
1448-9,1448,快手三色麻薯,54,鸡蛋,鸡蛋1个,,蛋奶,1个,,,NUTRITION_RETENTION_NO_STEP_BINDING,pending
1460-7,1460,香菇盏,98,料酒,料酒5克,,调料,5克,,,NUTRITION_RETENTION_NO_STEP_BINDING,pending
1461-5,1461,抹茶大理石磅蛋糕,120,低筋面粉,B料：低筋面粉50克,,谷物,50克,,,NUTRITION_RETENTION_NO_STEP_BINDING,pending
1461-6,1461,抹茶大理石磅蛋糕,123,泡打粉,泡打粉1克,,谷物,1克,,,NUTRITION_RETENTION_NO_STEP_BINDING,pending
1461-7,1461,抹茶大理石磅蛋糕,120,低筋面粉,C料：低筋面粉45克,,谷物,45克,,,NUTRITION_RETENTION_NO_STEP_BINDING,pending
1461-9,1461,抹茶大理石磅蛋糕,123,泡打粉,泡打粉1克,,谷物,1克,,,NUTRITION_RETENTION_NO_STEP_BINDING,pending
1465-1,1465,武汉拌毛豆,41,水,主料：水800g,,其他,800g,1;3,主锅中加入水、桂皮、八角、香叶、2小勺盐和5g食用油，盖上锅盖和量杯，设置：8分钟/140℃/2档（反转）煮沸;结束后取出毛豆放入凉开水中冷却沥干备用，并清洗主锅,NUTRITION_RETENTION_DISCARD_RISK,pending
1472-8,1472,麻辣对虾,98,料酒,料酒1汤匙,,调料,1汤匙,,,NUTRITION_RETENTION_NO_STEP_BINDING,pending
1472-9,1472,麻辣对虾,17,盐,盐1/4茶匙,,调料,1/4茶匙,,,NUTRITION_RETENTION_NO_STEP_BINDING,pending
1480-6,1480,简易版蒸鲈鱼,17,盐,盐2克,,调料,2克,2,鲈鱼去鳞去除内脏后洗净，抹干水分，在鱼身斜切几刀，在表皮和内部抹上少许的盐和料酒腌制片刻,NUTRITION_RETENTION_DISCARD_RISK,pending
1480-7,1480,简易版蒸鲈鱼,98,料酒,料酒10克,,调料,10克,2,鲈鱼去鳞去除内脏后洗净，抹干水分，在鱼身斜切几刀，在表皮和内部抹上少许的盐和料酒腌制片刻,NUTRITION_RETENTION_DISCARD_RISK,pending
1484-8,1484,芒果塔,133,细砂糖,细砂糖10克,,调料,10克,,,NUTRITION_RETENTION_NO_STEP_BINDING,pending
1484-9,1484,芒果塔,120,低筋面粉,低筋面粉20克,,谷物,20克,,,NUTRITION_RETENTION_NO_STEP_BINDING,pending
1486-12,1486,广式啫啫鸡,745,花雕酒,花雕酒15克,,其他,15克,,,NUTRITION_RETENTION_NO_STEP_BINDING,pending
1491-2,1491,鲍鱼焖仔排,41,水,水500g,,其他,500g,1;3,主锅中加入肋排和水，盖上锅盖和量杯，设置：5分钟/140℃/1档（反转）焯水;鲍鱼洗净，在面上划十字刀后放入碗中，用料酒、5g葱白段和5g姜片泡10分钟后沥干水分,NUTRITION_RETENTION_DISCARD_RISK,pending
1491-4,1491,鲍鱼焖仔排,98,料酒,料酒10g,,调料,10g,3,鲍鱼洗净，在面上划十字刀后放入碗中，用料酒、5g葱白段和5g姜片泡10分钟后沥干水分,NUTRITION_RETENTION_DISCARD_RISK,pending
1492-1,1492,红烧肉,6,姜,A料：姜片40克,片,调料,40克,,,NUTRITION_RETENTION_NO_STEP_BINDING,pending
1492-13,1492,红烧肉,6,姜,生姜2片,,调料,2片,,,NUTRITION_RETENTION_NO_STEP_BINDING,pending
1492-18,1492,红烧肉,98,料酒,料酒30克,,调料,30克,,,NUTRITION_RETENTION_NO_STEP_BINDING,pending
1492-20,1492,红烧肉,97,白糖,白糖15克,,调料,15克,,,NUTRITION_RETENTION_NO_STEP_BINDING,pending
1492-21,1492,红烧肉,41,水,水150克,,其他,150克,,,NUTRITION_RETENTION_NO_STEP_BINDING,pending
1492-24,1492,红烧肉,28,食用油,食用油15克,,调料,15克,,,NUTRITION_RETENTION_NO_STEP_BINDING,pending
1492-25,1492,红烧肉,97,白糖,白糖20克,,调料,20克,,,NUTRITION_RETENTION_NO_STEP_BINDING,pending
1492-26,1492,红烧肉,89,生抽,生抽20克,,调料,20克,,,NUTRITION_RETENTION_NO_STEP_BINDING,pending
1492-27,1492,红烧肉,139,老抽,老抽12克,,调料,12克,,,NUTRITION_RETENTION_NO_STEP_BINDING,pending
1492-28,1492,红烧肉,142,八角,八角2个,,调料,2个,,,NUTRITION_RETENTION_NO_STEP_BINDING,pending
1492-29,1492,红烧肉,284,香叶,香叶2片,,调料,2片,,,NUTRITION_RETENTION_NO_STEP_BINDING,pending
1492-3,1492,红烧肉,1529,绍兴黄酒,绍兴黄酒80克,,其他,80克,,,NUTRITION_RETENTION_NO_STEP_BINDING,pending
1492-30,1492,红烧肉,30,辣椒,干辣椒1个,干,蔬菜,1个,,,NUTRITION_RETENTION_NO_STEP_BINDING,pending
1492-31,1492,红烧肉,41,水,水500克,,其他,500克,,,NUTRITION_RETENTION_NO_STEP_BINDING,pending
1492-4,1492,红烧肉,28,食用油,食用油15克,,调料,15克,,,NUTRITION_RETENTION_NO_STEP_BINDING,pending
1492-5,1492,红烧肉,97,白糖,白糖10克,,调料,10克,,,NUTRITION_RETENTION_NO_STEP_BINDING,pending
1492-6,1492,红烧肉,89,生抽,生抽20克,,调料,20克,,,NUTRITION_RETENTION_NO_STEP_BINDING,pending
1492-7,1492,红烧肉,139,老抽,老抽12克,,调料,12克,,,NUTRITION_RETENTION_NO_STEP_BINDING,pending
1492-8,1492,红烧肉,142,八角,八角2个,,调料,2个,,,NUTRITION_RETENTION_NO_STEP_BINDING,pending
1492-9,1492,红烧肉,284,香叶,香叶2片,,调料,2片,,,NUTRITION_RETENTION_NO_STEP_BINDING,pending
1499-5,1499,地中海式焗海鲜,1731,白兰地,白兰地（酒）20克,,其他,20克,,,NUTRITION_RETENTION_NO_STEP_BINDING,pending
1501-1,1501,卤煮小龙虾,113,小龙虾,主料：小龙虾1000g（（洗净））,,水产,1000g,2;3,加入小龙虾，盖上锅盖和量杯，设置：20分钟/110℃/1档（反转）熬煮;烹饪结束，倒出小龙虾待凉，卤汁留用，洗净主锅,NUTRITION_RETENTION_DISCARD_RISK,pending
1514-7,1514,清蒸鸡肉白菜卷,98,料酒,料酒15毫升,,调料,15毫升,,,NUTRITION_RETENTION_NO_STEP_BINDING,pending
1522-2,1522,酥嫩孜然烤羊排,6,姜,姜适量,,调料,,2,然后加入姜片、盐，小火煮40分钟，捞出沥干,NUTRITION_RETENTION_DISCARD_RISK,pending
1522-5,1522,酥嫩孜然烤羊排,17,盐,盐适量,,调料,,2,然后加入姜片、盐，小火煮40分钟，捞出沥干,NUTRITION_RETENTION_DISCARD_RISK,pending
1525-4,1525,桑葚燕麦粥,111,纯净水,纯净水500克,,其他,500克,,,NUTRITION_RETENTION_NO_STEP_BINDING,pending
1529-3,1529,姜汁调蛋,166,黄酒,辅料：黄酒10毫升,,其他,10毫升,2,将姜汁，黄酒，红糖混合入锅，煮沸后倒出，放置至40℃左右备用,NUTRITION_RETENTION_DISCARD_RISK,pending
1530-2,1530,百花蒸豆腐,99,虾仁,虾仁150克,,水产,150克,6,虾仁洗净沥干，将其拍碎,NUTRITION_RETENTION_DISCARD_RISK,pending
1533-9,1533,南瓜豆沙冰皮月饼,170,糯米粉,熟糯米粉适量,熟,谷物,,,,NUTRITION_RETENTION_NO_STEP_BINDING,pending
1537-4,1537,香蕉咕咕霍夫,474,香蕉,香蕉40g,,水果,40g,,,NUTRITION_RETENTION_NO_STEP_BINDING,pending
1537-8,1537,香蕉咕咕霍夫,133,细砂糖,细砂糖15g,,调料,15g,,,NUTRITION_RETENTION_NO_STEP_BINDING,pending
1538-15,1538,鱼香肉丝盖浇饭,41,水,水50g,,其他,50g,,,NUTRITION_RETENTION_NO_STEP_BINDING,pending
1551-2,1551,芥蓝蒸肥牛,926,肥牛卷,肥牛卷150克,,肉禽,150克,4,捞出的芥蓝整齐摆放于盘中，将肥牛卷摆放于其上,NUTRITION_RETENTION_DISCARD_RISK,pending
1551-4,1551,芥蓝蒸肥牛,28,食用油,食用油20毫升,,调料,20毫升,3,方太灶具调至8段火，锅中加入清水，水烧开，加入一半食用油，将芥蓝放入煮1分钟捞出,NUTRITION_RETENTION_DISCARD_RISK,pending
1560-6,1560,高桥松饼,208,猪油,猪油50g,,肉禽,50g,,,NUTRITION_RETENTION_NO_STEP_BINDING,pending
1571-6,1571,皮冻,98,料酒,料酒20g,,调料,20g,,,NUTRITION_RETENTION_NO_STEP_BINDING,pending
1573-10,1573,黄金猪排,98,料酒,料酒15克,,调料,15克,,,NUTRITION_RETENTION_NO_STEP_BINDING,pending
1573-15,1573,黄金猪排,28,食用油,食用油30克,,调料,30克,,,NUTRITION_RETENTION_NO_STEP_BINDING,pending
1575-6,1575,桂花肉,98,料酒,料酒15克,,调料,15克,,,NUTRITION_RETENTION_NO_STEP_BINDING,pending
1580-11,1580,烤火鸡,17,盐,盐40克,,调料,40克,,,NUTRITION_RETENTION_NO_STEP_BINDING,pending
1580-12,1580,烤火鸡,19,黑胡椒,黑胡椒粒10克,粒,其他,10克,,,NUTRITION_RETENTION_NO_STEP_BINDING,pending
1580-2,1580,烤火鸡,1947,苹果酒,B料：苹果酒600克,,水果,600克,,,NUTRITION_RETENTION_NO_STEP_BINDING,pending
1580-21,1580,烤火鸡,1948,香橙,香橙3个,,水果,3个,,,NUTRITION_RETENTION_NO_STEP_BINDING,pending
1580-22,1580,烤火鸡,287,柠檬,柠檬2个,,水果,2个,,,NUTRITION_RETENTION_NO_STEP_BINDING,pending
1580-24,1580,烤火鸡,12,洋葱,洋葱1个,,蔬菜,1个,,,NUTRITION_RETENTION_NO_STEP_BINDING,pending
1580-25,1580,烤火鸡,759,红酒,红酒20克,,其他,20克,,,NUTRITION_RETENTION_NO_STEP_BINDING,pending
1580-26,1580,烤火鸡,14,迷迭香,迷迭香1束,,其他,1束,,,NUTRITION_RETENTION_NO_STEP_BINDING,pending
1580-27,1580,烤火鸡,17,盐,盐适量,,调料,,,,NUTRITION_RETENTION_NO_STEP_BINDING,pending
1580-8,1580,烤火鸡,14,迷迭香,迷迭香1束,,其他,1束,,,NUTRITION_RETENTION_NO_STEP_BINDING,pending
1593-4,1593,蛋黄酥（多层）,41,水,水180g,,其他,180g,,,NUTRITION_RETENTION_NO_STEP_BINDING,pending
1593-6,1593,蛋黄酥（多层）,208,猪油,猪油180g,,肉禽,180g,,,NUTRITION_RETENTION_NO_STEP_BINDING,pending
1601-7,1601,冬笋排骨廋肉汤,98,料酒,料酒5g,,调料,5g,4,主锅中加入排骨、10g姜片、料酒和500g水，盖上锅盖和量杯，设置：6分钟/140℃/1档（反转）焯水，结束后将主锅内食物倒出并洗净排骨和主锅,NUTRITION_RETENTION_DISCARD_RISK,pending
1602-8,1602,黑椒蒜蓉蒸鸡腿,98,料酒,料酒2克,,调料,2克,,,NUTRITION_RETENTION_NO_STEP_BINDING,pending
1607-2,1607,海南鸡饭,910,香茅草,香茅草1根,,其他,1根,,,NUTRITION_RETENTION_NO_STEP_BINDING,pending
1607-5,1607,海南鸡饭,17,盐,盐1/2茶匙,,调料,1/2茶匙,,,NUTRITION_RETENTION_NO_STEP_BINDING,pending
1607-9,1607,海南鸡饭,910,香茅草,香茅草1根,,其他,1根,,,NUTRITION_RETENTION_NO_STEP_BINDING,pending
1611-12,1611,珍珠爆浆蛋糕,41,水,水适量,,其他,,8;9,炖锅中加入适量水，煮沸后放入黑珍珠，煮约8分钟，倒入碗中焖3分钟;锅中放入红糖，加少许水，加热使红糖融化，捞出黑珍珠放入红糖中拌匀，浸泡约20分钟，若此时蛋糕还未准备好，可将红糖珍珠水浴保温,NUTRITION_RETENTION_DISCARD_RISK,pending
1611-5,1611,珍珠爆浆蛋糕,129,红茶包,红茶包3包,,其他,3包,,,NUTRITION_RETENTION_NO_STEP_BINDING,pending
1612-1,1612,清蒸鲈鱼,29,鲈鱼,主料：鲈鱼400克,,水产,400克,1;2;4,取一大碗放在锅盖上，称取大葱白、姜片、鲈鱼、料酒和盐，混合均匀腌制10分钟;腌制用的姜片和葱白段间隔摆放在鱼盘底部，放上鲈鱼后放入复式蒸锅并盖上蒸盖备用;烹饪结束，取下复式蒸锅并取出鱼盘，倒掉汤汁后在鲈鱼上撒上红椒丝和葱丝，淋上蒸鱼豉油即可食用,NUTRITION_RETENTION_DISCARD_RISK,pending
1612-10,1612,清蒸鲈鱼,6,姜,辅料：生姜3片,,调料,3片,,,NUTRITION_RETENTION_NO_STEP_BINDING,pending
1612-14,1612,清蒸鲈鱼,33,葱,葱丝5克,丝,调料,5克,2;4,腌制用的姜片和葱白段间隔摆放在鱼盘底部，放上鲈鱼后放入复式蒸锅并盖上蒸盖备用;烹饪结束，取下复式蒸锅并取出鱼盘，倒掉汤汁后在鲈鱼上撒上红椒丝和葱丝，淋上蒸鱼豉油即可食用,NUTRITION_RETENTION_DISCARD_RISK,pending
1612-15,1612,清蒸鲈鱼,6,姜,姜丝5克,丝,调料,5克,,,NUTRITION_RETENTION_NO_STEP_BINDING,pending
1612-16,1612,清蒸鲈鱼,36,蒸鱼豉油,蒸鱼豉油30克,,调料,30克,4,烹饪结束，取下复式蒸锅并取出鱼盘，倒掉汤汁后在鲈鱼上撒上红椒丝和葱丝，淋上蒸鱼豉油即可食用,NUTRITION_RETENTION_DISCARD_RISK,pending
1612-2,1612,清蒸鲈鱼,17,盐,盐2小勺,,调料,2小勺,,,NUTRITION_RETENTION_NO_STEP_BINDING,pending
1612-3,1612,清蒸鲈鱼,98,料酒,料酒10克,,调料,10克,,,NUTRITION_RETENTION_NO_STEP_BINDING,pending
1612-7,1612,清蒸鲈鱼,36,蒸鱼豉油,蒸鱼豉油20克,,调料,20克,,,NUTRITION_RETENTION_NO_STEP_BINDING,pending
1612-9,1612,清蒸鲈鱼,33,葱,葱丝适量,丝,调料,,,,NUTRITION_RETENTION_NO_STEP_BINDING,pending
1616-1,1616,皮蛋瘦肉粥,605,高汤,主料：高汤1000克,,其他,1000克,,,NUTRITION_RETENTION_NO_STEP_BINDING,pending
1618-11,1618,原味墨西哥面包,54,鸡蛋,鸡蛋27克,,蛋奶,27克,,,NUTRITION_RETENTION_NO_STEP_BINDING,pending
1618-3,1618,原味墨西哥面包,54,鸡蛋,鸡蛋15克,,蛋奶,15克,,,NUTRITION_RETENTION_NO_STEP_BINDING,pending
1618-7,1618,原味墨西哥面包,17,盐,盐1克,,调料,1克,,,NUTRITION_RETENTION_NO_STEP_BINDING,pending
1619-18,1619,咖喱鸡肉面包,133,细砂糖,细砂糖1g,,调料,1g,,,NUTRITION_RETENTION_NO_STEP_BINDING,pending
1619-3,1619,咖喱鸡肉面包,133,细砂糖,细砂糖12g,,调料,12g,,,NUTRITION_RETENTION_NO_STEP_BINDING,pending
1619-5,1619,咖喱鸡肉面包,17,盐,盐1g,,调料,1g,,,NUTRITION_RETENTION_NO_STEP_BINDING,pending
1619-8,1619,咖喱鸡肉面包,41,水,水100g,,其他,100g,,,NUTRITION_RETENTION_NO_STEP_BINDING,pending
1622-10,1622,辣子鸡,690,花椒油,花椒油10克,,调料,10克,2,干辣椒段、花椒泡水10分钟后捞出沥干水分，拌上花椒油备用,NUTRITION_RETENTION_DISCARD_RISK,pending
1623-8,1623,蜜汁叉烧,1319,叉烧酱,叉烧酱适量/,,调料,,,,NUTRITION_RETENTION_NO_STEP_BINDING,pending
1624-1,1624,党参蒸乌鸡,715,乌鸡,主料：乌鸡1只,,肉禽,1只,2,将乌鸡，用清水冲洗干净，入开水中余烫片刻，以去除血污,NUTRITION_RETENTION_DISCARD_RISK,pending
1624-6,1624,党参蒸乌鸡,98,料酒,料酒10克,,调料,10克,,,NUTRITION_RETENTION_NO_STEP_BINDING,pending
1627-10,1627,豆豉蒸排骨,92,豆豉,辅料：豆豉45克,,其他,45克,,,NUTRITION_RETENTION_NO_STEP_BINDING,pending
1627-11,1627,豆豉蒸排骨,33,葱,葱花2克,花,调料,2克,,,NUTRITION_RETENTION_NO_STEP_BINDING,pending
1627-2,1627,豆豉蒸排骨,97,白糖,白糖1大勺,,调料,1大勺,,,NUTRITION_RETENTION_NO_STEP_BINDING,pending
1627-4,1627,豆豉蒸排骨,89,生抽,生抽15克,,调料,15克,,,NUTRITION_RETENTION_NO_STEP_BINDING,pending
1627-5,1627,豆豉蒸排骨,17,盐,盐1小勺,,调料,1小勺,,,NUTRITION_RETENTION_NO_STEP_BINDING,pending
1631-6,1631,荔枝桂圆汤,164,枸杞,枸杞10粒（（泡发洗净））,,其他,10粒,2,烹饪完成，倒出用枸杞装饰即可,NUTRITION_RETENTION_DISCARD_RISK,pending
1634-18,1634,法式洛林咸塔,17,盐,盐1g,,调料,1g,,,NUTRITION_RETENTION_NO_STEP_BINDING,pending
1634-19,1634,法式洛林咸塔,37,胡椒粉,胡椒粉1g,,谷物,1g,,,NUTRITION_RETENTION_NO_STEP_BINDING,pending
1634-2,1634,法式洛林咸塔,17,盐,盐2g,,调料,2g,,,NUTRITION_RETENTION_NO_STEP_BINDING,pending
1634-5,1634,法式洛林咸塔,54,鸡蛋,全蛋液40g,液,蛋奶,40g,,,NUTRITION_RETENTION_NO_STEP_BINDING,pending
1636-15,1636,时蔬鸡肉串,155,色拉油,色拉油20克,,调料,20克,,,NUTRITION_RETENTION_NO_STEP_BINDING,pending
1636-16,1636,时蔬鸡肉串,17,盐,盐3克,,调料,3克,,,NUTRITION_RETENTION_NO_STEP_BINDING,pending
1643-2,1643,西红柿烧芦子,41,水,水400g,,其他,400g,1;2,主锅中加入嫩葫芦块、400g水和1勺盐，盖上锅盖和量杯，设置： 6分钟/140℃/1档（反转）焯水;结束后，倒出嫩葫芦片过冷水并沥干水分，清洗主锅,NUTRITION_RETENTION_DISCARD_RISK,pending
1643-7,1643,西红柿烧芦子,17,盐,盐2小勺,,调料,2小勺,,,NUTRITION_RETENTION_NO_STEP_BINDING,pending
1648-1,1648,白灼小龙虾,113,小龙虾,主料：小龙虾800g（（洗净））,,水产,800g,1;2,主锅中加入小龙虾、1500g开水、小葱段、姜片和料酒，盖上锅盖和量杯，设置：10分钟/140℃/1档（反转）熬煮;烹饪结束，取出小龙虾过凉沥干水分，并洗净主锅,NUTRITION_RETENTION_DISCARD_RISK,pending
1648-2,1648,白灼小龙虾,41,水,开水1500g,煮沸,其他,1500g,1;2,主锅中加入小龙虾、1500g开水、小葱段、姜片和料酒，盖上锅盖和量杯，设置：10分钟/140℃/1档（反转）熬煮;烹饪结束，取出小龙虾过凉沥干水分，并洗净主锅,NUTRITION_RETENTION_DISCARD_RISK,pending
1650-2,1650,迷迭香柠檬烤鸡,98,料酒,辅料：料酒50克,,调料,50克,,,NUTRITION_RETENTION_NO_STEP_BINDING,pending
1651-9,1651,酱烤肋条肉,17,盐,盐5克,,调料,5克,,,NUTRITION_RETENTION_NO_STEP_BINDING,pending
1659-5,1659,杨枝甘露,41,水,水700克,,其他,700克,2;4,主锅内加入水，盖上锅盖和量杯，设置：10分钟/140℃/1档煮开;烹饪完成，将西米倒出冲凉水备用,NUTRITION_RETENTION_DISCARD_RISK,pending
1666-9,1666,蜂蜜牛奶小餐包,41,水,水5g,,其他,5g,,,NUTRITION_RETENTION_NO_STEP_BINDING,pending
1668-2,1668,培根茄汁意面,41,水,水500克,,其他,500克,1;3;5,将培根切0.5厘米宽条，番茄焯水去皮后切成0.8*0.8cm的粒;在微波专用盒中放入A中意大利面、盐、水并盖上盖子，与调味料B一同放入蒸微一体机微波加热区;当提示音响起，取出意大利面，沥干水分，与食用油拌匀，取出调料碗B放在一边待用,NUTRITION_RETENTION_DISCARD_RISK,pending
1668-4,1668,培根茄汁意面,28,食用油,食用油1汤匙,,调料,1汤匙,5,当提示音响起，取出意大利面，沥干水分，与食用油拌匀，取出调料碗B放在一边待用,NUTRITION_RETENTION_DISCARD_RISK,pending
1668-8,1668,培根茄汁意面,17,盐,盐1/8茶匙,,调料,1/8茶匙,,,NUTRITION_RETENTION_NO_STEP_BINDING,pending
1677-4,1677,泰式烤全翅,41,水,水105g,,其他,105g,,,NUTRITION_RETENTION_NO_STEP_BINDING,pending
1697-12,1697,蛋黄酥,163,黑芝麻,黑芝麻适量,,坚果,,,,NUTRITION_RETENTION_NO_STEP_BINDING,pending
1697-15,1697,蛋黄酥,208,猪油,猪油135克,,肉禽,135克,,,NUTRITION_RETENTION_NO_STEP_BINDING,pending
1697-19,1697,蛋黄酥,163,黑芝麻,黑芝麻5克,,坚果,5克,,,NUTRITION_RETENTION_NO_STEP_BINDING,pending
1697-2,1697,蛋黄酥,208,猪油,猪油81克,,肉禽,81克,,,NUTRITION_RETENTION_NO_STEP_BINDING,pending
1697-6,1697,蛋黄酥,208,猪油,猪油90克,,肉禽,90克,,,NUTRITION_RETENTION_NO_STEP_BINDING,pending
1703-4,1703,番茄牛腩,6,姜,生姜4片,,调料,4片,3,将牛腩放入锅中加入冷水浸没，并加入A中姜片、葱段、料酒，大火加热至水沸腾，水沸后继续焯水2分钟，捞出用清水冲干净，沥干备用,NUTRITION_RETENTION_DISCARD_RISK,pending
1703-5,1703,番茄牛腩,98,料酒,料酒15克,,调料,15克,3,将牛腩放入锅中加入冷水浸没，并加入A中姜片、葱段、料酒，大火加热至水沸腾，水沸后继续焯水2分钟，捞出用清水冲干净，沥干备用,NUTRITION_RETENTION_DISCARD_RISK,pending
1703-9,1703,番茄牛腩,98,料酒,料酒15克,,调料,15克,,,NUTRITION_RETENTION_NO_STEP_BINDING,pending
1707-2,1707,雪菜炒蚕豆,41,水,水100g,,其他,100g,,,NUTRITION_RETENTION_NO_STEP_BINDING,pending
1713-5,1713,红茶戚风,1518,红茶茶叶,红茶茶叶7克,,其他,7克,,,NUTRITION_RETENTION_NO_STEP_BINDING,pending
1722-3,1722,鱼香茄子,17,盐,盐1/4茶匙,,调料,1/4茶匙,,,NUTRITION_RETENTION_NO_STEP_BINDING,pending
1722-4,1722,鱼香茄子,28,食用油,B料：食用油2茶匙,,调料,2茶匙,,,NUTRITION_RETENTION_NO_STEP_BINDING,pending
1722-7,1722,鱼香茄子,41,水,清水1茶匙,,其他,1茶匙,,,NUTRITION_RETENTION_NO_STEP_BINDING,pending
1723-11,1723,红烧肉,98,料酒,料酒30克,,调料,30克,1,将五花肉用水冲洗，切成方形（2*2cm）左右的肉块，放入锅中加冷水浸没，并加入A中姜片、葱段、料酒，大火加热至水沸腾，水沸后继续焯水2分钟，捞出用清水冲干净,NUTRITION_RETENTION_DISCARD_RISK,pending
1723-2,1723,红烧肉,6,姜,生姜2片,,调料,2片,1,将五花肉用水冲洗，切成方形（2*2cm）左右的肉块，放入锅中加冷水浸没，并加入A中姜片、葱段、料酒，大火加热至水沸腾，水沸后继续焯水2分钟，捞出用清水冲干净,NUTRITION_RETENTION_DISCARD_RISK,pending
1723-3,1723,红烧肉,65,小葱,小葱段10克,段,调料,10克,,,NUTRITION_RETENTION_NO_STEP_BINDING,pending
1723-4,1723,红烧肉,98,料酒,料酒15克,,调料,15克,,,NUTRITION_RETENTION_NO_STEP_BINDING,pending
1723-5,1723,红烧肉,65,小葱,B料：小葱20克,,调料,20克,,,NUTRITION_RETENTION_NO_STEP_BINDING,pending
1723-6,1723,红烧肉,6,姜,生姜2片,,调料,2片,,,NUTRITION_RETENTION_NO_STEP_BINDING,pending
1727-7,1727,六味山楂条,111,纯净水,纯净水20克,,其他,20克,,,NUTRITION_RETENTION_NO_STEP_BINDING,pending
1730-1,1730,豆苗树叶饺,2025,豌豆苗,主料：豌豆苗200克,,其他,200克,2;3;4;6,锅中倒适量水，水沸后将洗净的豌豆苗放入锅中，小火煮沸1分钟后捞出;用料理机打碎豌豆苗，并用筛网过滤;过滤后的豌豆苗纤维用纱布挤掉水分备用;肉馅中放入剩下的调味料拌均，再加入过滤后的的豌豆苗纤维搅拌均匀,NUTRITION_RETENTION_DISCARD_RISK,pending
1730-4,1730,豆苗树叶饺,1309,肉馅,肉馅400克,,其他,400克,6,肉馅中放入剩下的调味料拌均，再加入过滤后的的豌豆苗纤维搅拌均匀,NUTRITION_RETENTION_DISCARD_RISK,pending
1731-6,1731,蛋黄肉粽,98,料酒,料酒10克,,调料,10克,,,NUTRITION_RETENTION_NO_STEP_BINDING,pending
1732-3,1732,无糖大米饼,111,纯净水,纯净水50毫升,,其他,50毫升,,,NUTRITION_RETENTION_NO_STEP_BINDING,pending
1736-3,1736,茶叶蛋,41,水,水750克,,其他,750克,,,NUTRITION_RETENTION_NO_STEP_BINDING,pending
1738-14,1738,低盐卤牛肉,41,水,水1000克,,其他,1000克,,,NUTRITION_RETENTION_NO_STEP_BINDING,pending
1749-5,1749,鸡肉玉米焖饭,33,葱,葱花5克,花,调料,5克,,,NUTRITION_RETENTION_NO_STEP_BINDING,pending
1754-6,1754,胡萝卜牛腩煲,6,姜,姜片10g,片,调料,10g,2,主锅中加入牛腩、600g水、姜片和料酒，盖上锅盖和量杯，设置：8分钟/140℃/1档（反转）焯水，结束后将锅内食物倒出并清洗牛腩和主锅,NUTRITION_RETENTION_DISCARD_RISK,pending
1754-7,1754,胡萝卜牛腩煲,98,料酒,料酒15g,,调料,15g,2,主锅中加入牛腩、600g水、姜片和料酒，盖上锅盖和量杯，设置：8分钟/140℃/1档（反转）焯水，结束后将锅内食物倒出并清洗牛腩和主锅,NUTRITION_RETENTION_DISCARD_RISK,pending
1773-1,1773,超级水果茶,1649,茉莉绿茶茶包,主料：茉莉绿茶茶包2个（（约4g））,,其他,2个,,,NUTRITION_RETENTION_NO_STEP_BINDING,pending
1773-2,1773,超级水果茶,41,水,冰水480g,冰,其他,480g,,,NUTRITION_RETENTION_NO_STEP_BINDING,pending
1775-2,1775,椰蓉开口酥,208,猪油,猪油45g,,肉禽,45g,,,NUTRITION_RETENTION_NO_STEP_BINDING,pending
1775-4,1775,椰蓉开口酥,208,猪油,猪油35g,,肉禽,35g,,,NUTRITION_RETENTION_NO_STEP_BINDING,pending
1776-1,1776,奶油培根意面,41,水,主料：水1000g,,其他,1000g,1;4,主锅加入水，盖上锅盖和量杯;烧煮结束后，取出意面沥干水份备用,NUTRITION_RETENTION_DISCARD_RISK,pending
1778-1,1778,南瓜糯米球,227,南瓜,主料：南瓜200克,,蔬菜,200克,2;4;11,南瓜去皮切片;蒸好取出，用勺子碾碎，制成南瓜泥;炸至芝麻球表面金黄，捞出沥油，享用南瓜糯米球吧,NUTRITION_RETENTION_DISCARD_RISK,pending
1778-2,1778,南瓜糯米球,447,糯米,糯米300克,,谷物,300克,5;11,加入白砂糖、糯米粉，搅拌均匀;炸至芝麻球表面金黄，捞出沥油，享用南瓜糯米球吧,NUTRITION_RETENTION_DISCARD_RISK,pending
1788-8,1788,排骨蒸茄子,6,姜,姜10克,,调料,10克,3;4,姜切片;汤锅中加水，放入姜片，将水煮开，然后加入排骨，煮1分钟或至排骨变色，关火捞出排骨备用,NUTRITION_RETENTION_DISCARD_RISK,pending
1797-8,1797,乳酪黄金月饼,97,白糖,白糖64克,,调料,64克,,,NUTRITION_RETENTION_NO_STEP_BINDING,pending
1800-1,1800,糖桂花蒸荸荠,2067,荸荠,A料：荸荠300g,,其他,300g,1;2,将荸荠洗净，削去外皮，冲洗干净，放入清水中浸泡10分钟，再沥干水分，备用;将沥干水分的荸荠放入大碗中，依次加入B中原料，搅拌均匀,NUTRITION_RETENTION_DISCARD_RISK,pending
1814-4,1814,肉末粉丝包,201,糖,糖10克,,调料,10克,,,NUTRITION_RETENTION_NO_STEP_BINDING,pending
1817-10,1817,奶酪包,133,细砂糖,细砂糖30g,,调料,30g,,,NUTRITION_RETENTION_NO_STEP_BINDING,pending
1817-11,1817,奶酪包,122,牛奶,牛奶20g,,蛋奶,20g,,,NUTRITION_RETENTION_NO_STEP_BINDING,pending
1817-2,1817,奶酪包,133,细砂糖,细砂糖30g,,调料,30g,,,NUTRITION_RETENTION_NO_STEP_BINDING,pending
1817-4,1817,奶酪包,122,牛奶,牛奶165g,,蛋奶,165g,,,NUTRITION_RETENTION_NO_STEP_BINDING,pending
1817-9,1817,奶酪包,669,奶粉,奶粉20g,,蛋奶,20g,,,NUTRITION_RETENTION_NO_STEP_BINDING,pending
1820-1,1820,红薯米饭,348,大米,主料：大米300g,,谷物,300g,2,取一大碗称取洗净沥干的大米和330g水，再将红薯丁均匀的铺放在大米表面,NUTRITION_RETENTION_DISCARD_RISK,pending
1820-2,1820,红薯米饭,493,红薯,红薯150g,,其他,150g,1;2,红薯去皮洗净后切成1cm立方块;取一大碗称取洗净沥干的大米和330g水，再将红薯丁均匀的铺放在大米表面,NUTRITION_RETENTION_DISCARD_RISK,pending
1827-3,1827,拿破仑酥,46,黄油,黄油20g,,蛋奶,20g,,,NUTRITION_RETENTION_NO_STEP_BINDING,pending
1838-2,1838,柠汁煎鳕鱼,20,橄榄油,橄榄油15克,,调料,15克,,,NUTRITION_RETENTION_NO_STEP_BINDING,pending
1838-9,1838,柠汁煎鳕鱼,20,橄榄油,橄榄油30克,,调料,30克,,,NUTRITION_RETENTION_NO_STEP_BINDING,pending
1840-5,1840,草莓奶油塔,46,黄油,B料：黄油50克,,蛋奶,50克,,,NUTRITION_RETENTION_NO_STEP_BINDING,pending
1840-7,1840,草莓奶油塔,133,细砂糖,细砂糖50克,,调料,50克,,,NUTRITION_RETENTION_NO_STEP_BINDING,pending
1852-11,1852,蓝莓马芬,46,黄油,C料：黄油50克,,蛋奶,50克,,,NUTRITION_RETENTION_NO_STEP_BINDING,pending
1852-5,1852,蓝莓马芬,243,中筋面粉,B料：中筋面粉120克,,谷物,120克,,,NUTRITION_RETENTION_NO_STEP_BINDING,pending
1856-10,1856,荷叶糯米鸡中翅,89,生抽,生抽1T,,调料,1T,,,NUTRITION_RETENTION_NO_STEP_BINDING,pending
1856-11,1856,荷叶糯米鸡中翅,52,蚝油,蚝油1t,,调料,1t,,,NUTRITION_RETENTION_NO_STEP_BINDING,pending
1856-12,1856,荷叶糯米鸡中翅,17,盐,盐0.5t,,调料,0.5t,,,NUTRITION_RETENTION_NO_STEP_BINDING,pending
1856-2,1856,荷叶糯米鸡中翅,89,生抽,生抽2t,,调料,2t,,,NUTRITION_RETENTION_NO_STEP_BINDING,pending
1856-3,1856,荷叶糯米鸡中翅,17,盐,盐0.75t,,调料,0.75t,,,NUTRITION_RETENTION_NO_STEP_BINDING,pending
1856-4,1856,荷叶糯米鸡中翅,98,料酒,料酒1T,,调料,1T,,,NUTRITION_RETENTION_NO_STEP_BINDING,pending
1856-6,1856,荷叶糯米鸡中翅,52,蚝油,蚝油1t,,调料,1t,,,NUTRITION_RETENTION_NO_STEP_BINDING,pending
1865-6,1865,黑胡椒烤仔鸡,98,料酒,料酒15g,,调料,15g,,,NUTRITION_RETENTION_NO_STEP_BINDING,pending
1866-3,1866,烤猪排,239,大葱,大葱半根,,调料,半根,2;3,把大葱切成四段;在装有沸水的汤锅中加入蒜瓣、大葱、烧酒、猪肋排和黑胡椒，搅拌煮5分钟，捞出排骨,NUTRITION_RETENTION_DISCARD_RISK,pending
1866-4,1866,烤猪排,50,蒜,蒜10克,,调料,10克,3,在装有沸水的汤锅中加入蒜瓣、大葱、烧酒、猪肋排和黑胡椒，搅拌煮5分钟，捞出排骨,NUTRITION_RETENTION_DISCARD_RISK,pending
1866-5,1866,烤猪排,2109,烧酒,烧酒75毫升,,其他,75毫升,3,在装有沸水的汤锅中加入蒜瓣、大葱、烧酒、猪肋排和黑胡椒，搅拌煮5分钟，捞出排骨,NUTRITION_RETENTION_DISCARD_RISK,pending
1867-3,1867,剁椒鱼头,98,料酒,料酒10g,,调料,10g,,,NUTRITION_RETENTION_NO_STEP_BINDING,pending
1867-4,1867,剁椒鱼头,6,姜,姜片10g,片,调料,10g,,,NUTRITION_RETENTION_NO_STEP_BINDING,pending
1870-2,1870,黄瓜牛奶冻,122,牛奶,牛奶100g,,蛋奶,100g,1;3,主锅中加入黄瓜、牛奶和白糖，盖上锅盖和量杯，设置：5秒/9档打浆;主锅中加入吉利丁粉和过滤的黄瓜牛奶汁，盖上锅盖和量杯，设置：1分钟/3档搅拌均匀,NUTRITION_RETENTION_DISCARD_RISK,pending
1870-4,1870,黄瓜牛奶冻,131,吉利丁粉,吉利丁粉8g,,谷物,8g,3,主锅中加入吉利丁粉和过滤的黄瓜牛奶汁，盖上锅盖和量杯，设置：1分钟/3档搅拌均匀,NUTRITION_RETENTION_DISCARD_RISK,pending
1872-4,1872,红茶海绵蛋糕,830,红茶,红茶末10克,末,其他,10克,7,倒入红茶末，混合均匀，制成红茶海绵蛋糕浆,NUTRITION_RETENTION_AMBIGUOUS,pending
1885-2,1885,暖胃羊肉汤,98,料酒,料酒20g,,调料,20g,,,NUTRITION_RETENTION_NO_STEP_BINDING,pending
1888-2,1888,南瓜鸡腿煲,855,鸡腿,鸡腿1只（约300克）,,肉禽,1只,2;4,鸡腿去掉骨头，切成小块;将鸡腿丁倒入开水里焯水捞出，再将青豆放入开水里焯水捞出备用,NUTRITION_RETENTION_DISCARD_RISK,pending
1889-14,1889,菠萝包,1157,无盐黄油,无盐黄油50克,,蛋奶,50克,,,NUTRITION_RETENTION_NO_STEP_BINDING,pending
1889-2,1889,菠萝包,669,奶粉,奶粉25克,,蛋奶,25克,,,NUTRITION_RETENTION_NO_STEP_BINDING,pending
1889-3,1889,菠萝包,17,盐,盐1.5g,,调料,1.5g,,,NUTRITION_RETENTION_NO_STEP_BINDING,pending
1889-5,1889,菠萝包,54,鸡蛋,全蛋液65克,液,蛋奶,65克,,,NUTRITION_RETENTION_NO_STEP_BINDING,pending
1889-8,1889,菠萝包,1157,无盐黄油,无盐黄油25克,,蛋奶,25克,,,NUTRITION_RETENTION_NO_STEP_BINDING,pending
1899-1,1899,石斛洋参炖响螺汤,2128,鸡脚,主料：鸡脚6只6只,,肉禽,6只,4,锅中猪肉块、鸡肉块和鸡脚，加足量清水，打开烹饪中心，开大火档焯水后捞出，沥干水份备用,NUTRITION_RETENTION_DISCARD_RISK,pending
1906-6,1906,火焰布丁,133,细砂糖,B料：细砂糖20克,,调料,20克,,,NUTRITION_RETENTION_NO_STEP_BINDING,pending
1911-1,1911,南乳蒸鸡腿,598,鸡腿肉,主料：鸡腿肉300克,,肉禽,300克,1,鸡腿肉切大块，小米椒切圈，洗净沥干水分,NUTRITION_RETENTION_DISCARD_RISK,pending
1915-2,1915,粉蒸豆角,58,面粉,辅料：面粉30克,,谷物,30克,2,豆角择洗干净，沥干水分，切成段，用面粉拌匀,NUTRITION_RETENTION_DISCARD_RISK,pending
1916-10,1916,口水鸡,17,盐,C料：盐1/4茶匙,,调料,1/4茶匙,,,NUTRITION_RETENTION_NO_STEP_BINDING,pending
1916-11,1916,口水鸡,201,糖,糖3/4茶匙,,调料,3/4茶匙,,,NUTRITION_RETENTION_NO_STEP_BINDING,pending
1916-2,1916,口水鸡,17,盐,盐1/4茶匙,,调料,1/4茶匙,,,NUTRITION_RETENTION_NO_STEP_BINDING,pending
1916-3,1916,口水鸡,201,糖,糖1/4茶匙,,调料,1/4茶匙,,,NUTRITION_RETENTION_NO_STEP_BINDING,pending
1916-8,1916,口水鸡,65,小葱,小葱1根,,调料,1根,,,NUTRITION_RETENTION_NO_STEP_BINDING,pending
1918-3,1918,四川回锅肉,65,小葱,小葱1根,,调料,1根,1,主锅中加入五花肉、20g姜片、小葱结、花椒、20g料酒和水，盖上锅盖和量杯，设置：30分钟/98℃/1档（反转）烧煮，结束后将锅内食物倒出并洗净五花肉和主锅,NUTRITION_RETENTION_DISCARD_RISK,pending
1918-4,1918,四川回锅肉,283,花椒,花椒1小勺,,调料,1小勺,1,主锅中加入五花肉、20g姜片、小葱结、花椒、20g料酒和水，盖上锅盖和量杯，设置：30分钟/98℃/1档（反转）烧煮，结束后将锅内食物倒出并洗净五花肉和主锅,NUTRITION_RETENTION_DISCARD_RISK,pending
1922-8,1922,黑豆浆蒸黑米蛋糕,1519,黑豆,辅料：黑豆10克,,其他,10克,,,NUTRITION_RETENTION_NO_STEP_BINDING,pending
1934-6,1934,姜汁菠菜,41,水,水800g,,其他,800g,2;4,主锅中加入水，盖上锅盖和量杯，设置：7分钟/140℃/1档（反转）烧煮;烹饪结束，菠菜过冷水后沥干水分，压入一平底容器中备用,NUTRITION_RETENTION_DISCARD_RISK,pending
1935-6,1935,栗子焖羊肉,98,料酒,料酒15g,,调料,15g,1,主锅中加入羊肉块、15g料酒、10g姜片和500g水，盖上锅盖和量杯，设置：10分钟/140℃/1档（反转）焯水，结束后倒出清洗羊肉和主锅,NUTRITION_RETENTION_DISCARD_RISK,pending
1941-3,1941,清蒸鸡,177,西兰花,西兰花70克,花,其他,70克,1;9;10,洗净的西兰花去根部，切成四瓣，再拦腰切开;揭盖，取出鸡块，将汤水倒入锅中，往锅中放入西兰花，煮至断生;捞出煮好的西兰花放入鸡块中，点缀上香菜即可,NUTRITION_RETENTION_DISCARD_RISK,pending
1943-11,1943,吉野家牛肉饭,2165,味淋,味淋40g,,其他,40g,,,NUTRITION_RETENTION_NO_STEP_BINDING,pending
1946-3,1946,烤金菇牛肉卷,17,盐,辅料：盐2克,,调料,2克,,,NUTRITION_RETENTION_NO_STEP_BINDING,pending
1946-7,1946,烤金菇牛肉卷,17,盐,盐2克,,调料,2克,,,NUTRITION_RETENTION_NO_STEP_BINDING,pending
1946-9,1946,烤金菇牛肉卷,98,料酒,料酒4毫升,,调料,4毫升,,,NUTRITION_RETENTION_NO_STEP_BINDING,pending
1947-12,1947,藤椒笋壳鱼,36,蒸鱼豉油,蒸鱼豉油1汤匙,,调料,1汤匙,8,烹饪结束后取出，轻轻倒掉盘内汤汁，捡去姜片，将原料B中蒸鱼豉油和清水混合均匀后淋在鱼片,NUTRITION_RETENTION_DISCARD_RISK,pending
1947-13,1947,藤椒笋壳鱼,41,水,清水1汤匙,,其他,1汤匙,1;8,将笋壳鱼去鳞、鳃和内脏，洗净并沥干水分;烹饪结束后取出，轻轻倒掉盘内汤汁，捡去姜片，将原料B中蒸鱼豉油和清水混合均匀后淋在鱼片,NUTRITION_RETENTION_DISCARD_RISK,pending
1947-6,1947,藤椒笋壳鱼,17,盐,B料：盐1/4茶匙,,调料,1/4茶匙,,,NUTRITION_RETENTION_NO_STEP_BINDING,pending
1949-3,1949,刀切馒头,188,酵母,酵母1大勺,,其他,1大勺,,,NUTRITION_RETENTION_NO_STEP_BINDING,pending
1949-6,1949,刀切馒头,41,水,辅料：温水237克,温,其他,237克,,,NUTRITION_RETENTION_NO_STEP_BINDING,pending
1949-7,1949,刀切馒头,188,酵母,酵母5克,,其他,5克,,,NUTRITION_RETENTION_NO_STEP_BINDING,pending
1956-10,1956,干锅包菜,201,糖,糖1/4茶匙,,调料,1/4茶匙,,,NUTRITION_RETENTION_NO_STEP_BINDING,pending
1956-11,1956,干锅包菜,98,料酒,料酒1/4茶匙,,调料,1/4茶匙,,,NUTRITION_RETENTION_NO_STEP_BINDING,pending
1956-18,1956,干锅包菜,17,盐,盐1/8茶匙,,调料,1/8茶匙,,,NUTRITION_RETENTION_NO_STEP_BINDING,pending
1956-19,1956,干锅包菜,125,鸡精,鸡精1/8茶匙,,肉禽,1/8茶匙,,,NUTRITION_RETENTION_NO_STEP_BINDING,pending
1956-20,1956,干锅包菜,201,糖,糖1/2茶匙,,调料,1/2茶匙,,,NUTRITION_RETENTION_NO_STEP_BINDING,pending
1956-8,1956,干锅包菜,17,盐,盐1/8茶匙,,调料,1/8茶匙,,,NUTRITION_RETENTION_NO_STEP_BINDING,pending
1956-9,1956,干锅包菜,125,鸡精,鸡精1/8茶匙,,肉禽,1/8茶匙,,,NUTRITION_RETENTION_NO_STEP_BINDING,pending
1966-1,1966,水蒸蛋,54,鸡蛋,A料：鸡蛋2个,,蛋奶,2个,,,NUTRITION_RETENTION_NO_STEP_BINDING,pending
1966-2,1966,水蒸蛋,17,盐,盐2克,,调料,2克,,,NUTRITION_RETENTION_NO_STEP_BINDING,pending
1966-4,1966,水蒸蛋,89,生抽,生抽5克,,调料,5克,,,NUTRITION_RETENTION_NO_STEP_BINDING,pending
1966-5,1966,水蒸蛋,66,芝麻油,芝麻油5克,,坚果,5克,,,NUTRITION_RETENTION_NO_STEP_BINDING,pending
1966-6,1966,水蒸蛋,54,鸡蛋,主料：鸡蛋2颗,,蛋奶,2颗,,,NUTRITION_RETENTION_NO_STEP_BINDING,pending
1966-7,1966,水蒸蛋,17,盐,盐2小勺,,调料,2小勺,,,NUTRITION_RETENTION_NO_STEP_BINDING,pending
1966-9,1966,水蒸蛋,41,水,水600克,,其他,600克,,,NUTRITION_RETENTION_NO_STEP_BINDING,pending
1971-5,1971,巧克力脆皮泡芙,120,低筋面粉,B料：低筋面粉180克,,谷物,180克,,,NUTRITION_RETENTION_NO_STEP_BINDING,pending
1971-6,1971,巧克力脆皮泡芙,46,黄油,黄油105克,,蛋奶,105克,,,NUTRITION_RETENTION_NO_STEP_BINDING,pending
1971-9,1971,巧克力脆皮泡芙,133,细砂糖,细砂糖20克,,调料,20克,,,NUTRITION_RETENTION_NO_STEP_BINDING,pending
1978-1,1978,白桃茉莉气泡水,1649,茉莉绿茶茶包,主料：茉莉绿茶茶包1个（（约2g））,,其他,1个,,,NUTRITION_RETENTION_NO_STEP_BINDING,pending
1978-2,1978,白桃茉莉气泡水,41,水,冰水240g,冰,其他,240g,,,NUTRITION_RETENTION_NO_STEP_BINDING,pending
1982-10,1982,西北羊排（台式）,33,葱,葱段10克,段,调料,10克,,,NUTRITION_RETENTION_NO_STEP_BINDING,pending
1982-2,1982,西北羊排（台式）,1420,红葡萄酒,B料：红葡萄酒40克,,水果,40克,,,NUTRITION_RETENTION_NO_STEP_BINDING,pending
1982-20,1982,西北羊排（台式）,33,葱,葱花适量,花,调料,,,,NUTRITION_RETENTION_NO_STEP_BINDING,pending
1985-12,1985,辫子面包,54,鸡蛋,全蛋液（刷面包表面）适量,液,蛋奶,,,,NUTRITION_RETENTION_NO_STEP_BINDING,pending
1985-6,1985,辫子面包,54,鸡蛋,全蛋液25g,液,蛋奶,25g,,,NUTRITION_RETENTION_NO_STEP_BINDING,pending
1985-7,1985,辫子面包,41,水,水100g,,其他,100g,,,NUTRITION_RETENTION_NO_STEP_BINDING,pending
1991-5,1991,砂锅牛腱,98,料酒,料酒10g,,调料,10g,1,主锅中加入牛腱肉、冬笋、800g水、10g姜片和料酒，盖上锅盖和量杯，设置：8分钟/140℃/1档（反转）焯水，结束后将锅内食物倒出并洗净牛腱肉、冬笋和主锅,NUTRITION_RETENTION_DISCARD_RISK,pending
