source_key,operation,target_ingredient_ids,reason_code,form,review_status,reviewer,reviewed_at
三文鱼块,merge,546,processing_variant,块,approved,project_owner,2026-08-09
乳酪,merge,1242,synonym,,approved,project_owner,2026-08-09
乳酪碎,merge,1376,processing_variant,碎,approved,project_owner,2026-08-09
五花肉丁,merge,156,processing_variant,丁,approved,project_owner,2026-08-09
五花肉末,merge,156,processing_variant,末,approved,project_owner,2026-08-09
五花肉片,merge,156,processing_variant,片,approved,project_owner,2026-08-09
京葱,merge,239,synonym,,approved,project_owner,2026-08-09
京葱段,merge,708,processing_variant,段,approved,project_owner,2026-08-09
元肉,merge,716,synonym,,approved,project_owner,2026-08-09
全蛋液,merge,54,processing_variant,液,approved,project_owner,2026-08-09
全麦吐司片,merge,641,processing_variant,片,approved,project_owner,2026-08-09
冬瓜片,merge,794,processing_variant,片,approved,project_owner,2026-08-09
冬笋丝,merge,216,processing_variant,丝,approved,project_owner,2026-08-09
冬笋块,merge,216,processing_variant,块,approved,project_owner,2026-08-09
冬菇,merge,85,synonym,,approved,project_owner,2026-08-09
冰水,merge,41,processing_variant,冰,approved,project_owner,2026-08-09
冰牛奶,merge,122,processing_variant,冰,approved,project_owner,2026-08-09
冰糖碎,merge,3,processing_variant,碎,approved,project_owner,2026-08-09
冷冻惠灵顿牛排,merge,126,processing_variant,冷冻,approved,project_owner,2026-08-09
冷冻甘薯薯条,merge,2014,processing_variant,冷冻,approved,project_owner,2026-08-09
冷冻红糖馒头,merge,1710,processing_variant,冷冻,approved,project_owner,2026-08-09
冷冻芝士焗榴莲,merge,1915,processing_variant,冷冻,approved,project_owner,2026-08-09
冷冻蛋挞皮,merge,351,processing_variant,冷冻,approved,project_owner,2026-08-09
冷冻青豆,merge,364,processing_variant,冷冻,approved,project_owner,2026-08-09
冷冻青豆粒,merge,364,processing_variant,冷冻+粒,approved,project_owner,2026-08-09
冷冻龙利鱼,merge,484,processing_variant,冷冻,approved,project_owner,2026-08-09
冷水,merge,41,processing_variant,冷,approved,project_owner,2026-08-09
切丁牛肉,merge,798,processing_variant,切丁,approved,project_owner,2026-08-09
切块猪肋排,merge,515,processing_variant,切块,approved,project_owner,2026-08-09
切片面包,merge,2112,processing_variant,切片,approved,project_owner,2026-08-09
剁椒,merge,260,synonym,,approved,project_owner,2026-08-09
北芪,merge,385,synonym,,approved,project_owner,2026-08-09
千张丝,merge,707,processing_variant,丝,approved,project_owner,2026-08-09
半成品冷冻薯条,merge,1628,processing_variant,半成品+冷冻,approved,project_owner,2026-08-09
半成品冷冻鸡米花,merge,532,processing_variant,半成品+冷冻,approved,project_owner,2026-08-09
南瓜块,merge,227,processing_variant,块,approved,project_owner,2026-08-09
南瓜泥,merge,227,processing_variant,泥,approved,project_owner,2026-08-09
去皮丝瓜,merge,232,processing_variant,去皮,approved,project_owner,2026-08-09
去皮五花肉,merge,156,processing_variant,去皮,approved,project_owner,2026-08-09
去皮南瓜,merge,227,processing_variant,去皮,approved,project_owner,2026-08-09
去皮土豆,merge,74,processing_variant,去皮,approved,project_owner,2026-08-09
去皮大蒜,merge,150,processing_variant,去皮,approved,project_owner,2026-08-09
去皮小土豆,merge,978,processing_variant,去皮,approved,project_owner,2026-08-09
去皮山药块,merge,465,processing_variant,去皮+块,approved,project_owner,2026-08-09
去皮新鲜南瓜,merge,227,processing_variant,去皮+新鲜,approved,project_owner,2026-08-09
去皮新鲜紫薯,merge,397,processing_variant,去皮+新鲜,approved,project_owner,2026-08-09
去皮板栗,merge,524,processing_variant,去皮,approved,project_owner,2026-08-09
去皮栗子,merge,1081,processing_variant,去皮,approved,project_owner,2026-08-09
去皮梨肉,merge,1,processing_variant,去皮,approved,project_owner,2026-08-09
去皮猪五花肉,merge,138,processing_variant,去皮,approved,project_owner,2026-08-09
去皮红薯,merge,493,processing_variant,去皮,approved,project_owner,2026-08-09
去皮绿豆,merge,344,processing_variant,去皮,approved,project_owner,2026-08-09
去皮胡萝卜,merge,84,processing_variant,去皮,approved,project_owner,2026-08-09
去皮花生,merge,277,processing_variant,去皮,approved,project_owner,2026-08-09
去皮香芋,merge,822,processing_variant,去皮,approved,project_owner,2026-08-09
口蘑片,merge,658,processing_variant,片,approved,project_owner,2026-08-09
吉利丁片,merge,787,processing_variant,片,approved,project_owner,2026-08-09
吐司片,merge,1241,processing_variant,片,approved,project_owner,2026-08-09
咖喱块,merge,,processing_variant,块,rejected,project_owner,2026-08-09
咸鱼块,merge,1774,processing_variant,块,approved,project_owner,2026-08-09
圆椒块,merge,23,processing_variant,块,approved,project_owner,2026-08-09
土豆丁,merge,74,processing_variant,丁,approved,project_owner,2026-08-09
土豆丝,merge,74,processing_variant,丝,approved,project_owner,2026-08-09
土豆块,merge,74,processing_variant,块,approved,project_owner,2026-08-09
土豆片,merge,74,processing_variant,片,approved,project_owner,2026-08-09
地瓜,merge,493,synonym,,approved,project_owner,2026-08-09
坚果碎,merge,171,processing_variant,碎,approved,project_owner,2026-08-09
培根片,merge,267,processing_variant,片,approved,project_owner,2026-08-09
墨鱼丝,merge,1702,processing_variant,丝,approved,project_owner,2026-08-09
大葱末,merge,239,processing_variant,末,approved,project_owner,2026-08-09
大葱段,merge,239,processing_variant,段,approved,project_owner,2026-08-09
大葱片,merge,239,processing_variant,片,approved,project_owner,2026-08-09
大葱白段,merge,507,processing_variant,段,approved,project_owner,2026-08-09
大葱碎,merge,239,processing_variant,碎,approved,project_owner,2026-08-09
大蒜,merge,50,synonym,,approved,project_owner,2026-08-09
大蒜末,merge,150,processing_variant,末,approved,project_owner,2026-08-09
大蒜片,merge,150,processing_variant,片,approved,project_owner,2026-08-09
大蒜碎,merge,150,processing_variant,碎,approved,project_owner,2026-08-09
大蒜粒,merge,150,processing_variant,粒,approved,project_owner,2026-08-09
大蒜蓉,merge,150,processing_variant,蓉,approved,project_owner,2026-08-09
奥利奥饼干碎,merge,1426,processing_variant,碎,approved,project_owner,2026-08-09
奶酪丝,merge,1242,processing_variant,丝,approved,project_owner,2026-08-09
奶酪碎,merge,1242,processing_variant,碎,approved,project_owner,2026-08-09
姜丝,merge,6,processing_variant,丝,approved,project_owner,2026-08-09
姜块,merge,6,processing_variant,块,approved,project_owner,2026-08-09
姜末,merge,6,processing_variant,末,approved,project_owner,2026-08-09
姜汁,merge,6,processing_variant,汁,approved,project_owner,2026-08-09
姜片,merge,6,processing_variant,片,approved,project_owner,2026-08-09
姜粒,merge,6,processing_variant,粒,approved,project_owner,2026-08-09
姜蓉,merge,6,processing_variant,蓉,approved,project_owner,2026-08-09
嫩姜丝,merge,1633,processing_variant,丝,approved,project_owner,2026-08-09
孜然粒,merge,795,processing_variant,粒,approved,project_owner,2026-08-09
小米椒,merge,,synonym,,rejected,project_owner,2026-08-09
小米椒碎,merge,194,processing_variant,碎,approved,project_owner,2026-08-09
小米辣碎,merge,112,processing_variant,碎,approved,project_owner,2026-08-09
小葱,merge,,synonym,,rejected,project_owner,2026-08-09
小葱段,merge,65,processing_variant,段,approved,project_owner,2026-08-09
山楂碎,merge,633,processing_variant,碎,approved,project_owner,2026-08-09
山药泥,merge,465,processing_variant,泥,approved,project_owner,2026-08-09
巧克力块,merge,352,processing_variant,块,approved,project_owner,2026-08-09
巧克力碎块,merge,352,processing_variant,碎+块,approved,project_owner,2026-08-09
巧克力碎片,merge,352,processing_variant,碎+片,approved,project_owner,2026-08-09
干制牛肝菌,merge,1025,processing_variant,干,approved,project_owner,2026-08-09
干姜,merge,6,processing_variant,干,approved,project_owner,2026-08-09
干山楂片,merge,633,processing_variant,干+片,approved,project_owner,2026-08-09
干山药片,merge,465,processing_variant,干+片,approved,project_owner,2026-08-09
干木耳,merge,60,processing_variant,干,approved,project_owner,2026-08-09
干杨梅,merge,342,processing_variant,干,approved,project_owner,2026-08-09
干松茸,merge,2044,processing_variant,干,approved,project_owner,2026-08-09
干枸杞,merge,164,processing_variant,干,approved,project_owner,2026-08-09
干柠檬片,merge,287,processing_variant,干+片,approved,project_owner,2026-08-09
干桂圆,merge,716,processing_variant,干,approved,project_owner,2026-08-09
干桂圆肉,merge,726,processing_variant,干,approved,project_owner,2026-08-09
干桂花,merge,376,processing_variant,干,approved,project_owner,2026-08-09
干桃胶,merge,311,processing_variant,干,approved,project_owner,2026-08-09
干桑葚,merge,1433,processing_variant,干,approved,project_owner,2026-08-09
干榛蘑,merge,1443,processing_variant,干,approved,project_owner,2026-08-09
干海带,merge,334,processing_variant,干,approved,project_owner,2026-08-09
干海藻,merge,620,processing_variant,干,approved,project_owner,2026-08-09
干淀粉,merge,48,processing_variant,干,approved,project_owner,2026-08-09
干烤麸,merge,2076,processing_variant,干,approved,project_owner,2026-08-09
干燕窝,merge,882,processing_variant,干,approved,project_owner,2026-08-09
干玫瑰,merge,1327,processing_variant,干,approved,project_owner,2026-08-09
干百合,merge,1047,processing_variant,干,approved,project_owner,2026-08-09
干皂角米,merge,313,processing_variant,干,approved,project_owner,2026-08-09
干石斛,merge,817,processing_variant,干,approved,project_owner,2026-08-09
干竹荪,merge,866,processing_variant,干,approved,project_owner,2026-08-09
干粉丝,merge,224,processing_variant,干,approved,project_owner,2026-08-09
干紫菜,merge,666,processing_variant,干,approved,project_owner,2026-08-09
干红,merge,1980,processing_variant,干,approved,project_owner,2026-08-09
干红枣,merge,39,processing_variant,干,approved,project_owner,2026-08-09
干红枣碎,merge,39,processing_variant,干+碎,approved,project_owner,2026-08-09
干红椒,merge,235,processing_variant,干,approved,project_owner,2026-08-09
干红辣椒,merge,212,processing_variant,干,approved,project_owner,2026-08-09
干红辣椒段,merge,212,processing_variant,干+段,approved,project_owner,2026-08-09
干腐竹,merge,744,processing_variant,干,approved,project_owner,2026-08-09
干花椒,merge,283,processing_variant,干,approved,project_owner,2026-08-09
干花椒粒,merge,283,processing_variant,干+粒,approved,project_owner,2026-08-09
干茶树菇,merge,867,processing_variant,干,approved,project_owner,2026-08-09
干荷叶,discard,,non_edible,,approved,project_owner,2026-08-09
干莲子,merge,346,processing_variant,干,approved,project_owner,2026-08-09
干葱,merge,,processing_variant,干,rejected,project_owner,2026-08-09
干虫草花,merge,730,processing_variant,干,approved,project_owner,2026-08-09
干蝶豆花,merge,693,processing_variant,干,approved,project_owner,2026-08-09
干裙带菜,merge,1833,processing_variant,干,approved,project_owner,2026-08-09
干豆豉,merge,92,processing_variant,干,approved,project_owner,2026-08-09
干豌豆,merge,713,processing_variant,干,approved,project_owner,2026-08-09
干贝,merge,233,processing_variant,干,approved,project_owner,2026-08-09
干辣椒,merge,30,processing_variant,干,approved,project_owner,2026-08-09
干辣椒丝,merge,30,processing_variant,干+丝,approved,project_owner,2026-08-09
干辣椒段,merge,30,processing_variant,干+段,approved,project_owner,2026-08-09
干迷迭香末,merge,14,processing_variant,干+末,approved,project_owner,2026-08-09
干酵母,merge,188,processing_variant,干,approved,project_owner,2026-08-09
干银耳,merge,585,processing_variant,干,approved,project_owner,2026-08-09
干雪燕,merge,312,processing_variant,干,approved,project_owner,2026-08-09
干面条,merge,371,processing_variant,干,approved,project_owner,2026-08-09
干香菇,merge,85,processing_variant,干,approved,project_owner,2026-08-09
干鱿鱼,merge,318,processing_variant,干,approved,project_owner,2026-08-09
干黄花菜,merge,1029,processing_variant,干,approved,project_owner,2026-08-09
干黄豆,merge,662,processing_variant,干,approved,project_owner,2026-08-09
干黑木耳,merge,222,processing_variant,干,approved,project_owner,2026-08-09
干龙眼肉,merge,634,processing_variant,干,approved,project_owner,2026-08-09
年糕片,merge,1791,processing_variant,片,approved,project_owner,2026-08-09
开水,merge,41,processing_variant,煮沸,approved,project_owner,2026-08-09
彩椒丁,merge,747,processing_variant,丁,approved,project_owner,2026-08-09
彩椒丝,merge,747,processing_variant,丝,approved,project_owner,2026-08-09
彩椒末,merge,747,processing_variant,末,approved,project_owner,2026-08-09
彩椒条,merge,747,processing_variant,条,approved,project_owner,2026-08-09
意大利芹碎,merge,393,processing_variant,碎,approved,project_owner,2026-08-09
排骨块,merge,91,processing_variant,块,approved,project_owner,2026-08-09
排骨段,merge,91,processing_variant,段,approved,project_owner,2026-08-09
新鲜对虾,merge,231,processing_variant,新鲜,approved,project_owner,2026-08-09
新鲜小红辣椒,merge,575,processing_variant,新鲜,approved,project_owner,2026-08-09
新鲜小龙虾,merge,113,processing_variant,新鲜,approved,project_owner,2026-08-09
新鲜山楂,merge,633,processing_variant,新鲜,approved,project_owner,2026-08-09
新鲜扇贝,merge,195,processing_variant,新鲜,approved,project_owner,2026-08-09
新鲜排骨,merge,91,processing_variant,新鲜,approved,project_owner,2026-08-09
新鲜月桂叶,merge,1423,processing_variant,新鲜,approved,project_owner,2026-08-09
新鲜木耳,merge,60,processing_variant,新鲜,approved,project_owner,2026-08-09
新鲜板栗仁,merge,526,processing_variant,新鲜,approved,project_owner,2026-08-09
新鲜柠檬,merge,287,processing_variant,新鲜,approved,project_owner,2026-08-09
新鲜椰肉条,merge,1222,processing_variant,新鲜+条,approved,project_owner,2026-08-09
新鲜橘叶,merge,1809,processing_variant,新鲜,approved,project_owner,2026-08-09
新鲜牡蛎,merge,69,processing_variant,新鲜,approved,project_owner,2026-08-09
新鲜玉米,merge,365,processing_variant,新鲜,approved,project_owner,2026-08-09
新鲜生板栗,merge,524,processing_variant,新鲜生,approved,project_owner,2026-08-09
新鲜百里香,merge,271,processing_variant,新鲜,approved,project_owner,2026-08-09
新鲜笋壳鱼,merge,2151,processing_variant,新鲜,approved,project_owner,2026-08-09
新鲜草莓,merge,671,processing_variant,新鲜,approved,project_owner,2026-08-09
新鲜荔枝,merge,1198,processing_variant,新鲜,approved,project_owner,2026-08-09
新鲜荷叶,discard,,non_edible,,approved,project_owner,2026-08-09
新鲜藤椒,merge,2173,processing_variant,新鲜,approved,project_owner,2026-08-09
新鲜虾仁,merge,99,processing_variant,新鲜,approved,project_owner,2026-08-09
新鲜迷迭香,merge,14,processing_variant,新鲜,approved,project_owner,2026-08-09
新鲜香菇,merge,85,processing_variant,新鲜,approved,project_owner,2026-08-09
新鲜鱿鱼,merge,318,processing_variant,新鲜,approved,project_owner,2026-08-09
新鲜鲈鱼,merge,29,processing_variant,新鲜,approved,project_owner,2026-08-09
新鲜鳙鱼头,merge,1245,processing_variant,新鲜,approved,project_owner,2026-08-09
新鲜鸭舌,merge,1398,processing_variant,新鲜,approved,project_owner,2026-08-09
朝天椒末,merge,442,processing_variant,末,approved,project_owner,2026-08-09
杏仁片,merge,44,processing_variant,片,approved,project_owner,2026-08-09
杏仁碎,merge,44,processing_variant,碎,approved,project_owner,2026-08-09
枣泥,merge,736,processing_variant,泥,approved,project_owner,2026-08-09
柠檬片,merge,287,processing_variant,片,approved,project_owner,2026-08-09
核桃仁,merge,306,processing_variant,去壳,approved,project_owner,2026-08-09
核桃碎,merge,306,processing_variant,碎,approved,project_owner,2026-08-09
棉线,discard,,non_edible,,approved,project_owner,2026-08-09
椰丝末,merge,480,processing_variant,末,approved,project_owner,2026-08-09
榨菜末,merge,568,processing_variant,末,approved,project_owner,2026-08-09
欧芹碎,merge,1206,processing_variant,碎,approved,project_owner,2026-08-09
法切羊排,merge,844,processing_variant,法切,approved,project_owner,2026-08-09
泡发木耳,merge,60,processing_variant,泡发,approved,project_owner,2026-08-09
泡发海参,merge,593,processing_variant,泡发,approved,project_owner,2026-08-09
泡发粉丝,merge,224,processing_variant,泡发,approved,project_owner,2026-08-09
泡发糯米,merge,447,processing_variant,泡发,approved,project_owner,2026-08-09
泡发红薯粉丝,merge,668,processing_variant,泡发+丝,approved,project_owner,2026-08-09
泡发香菇,merge,85,processing_variant,泡发,approved,project_owner,2026-08-09
泡发黄豆,merge,662,processing_variant,泡发,approved,project_owner,2026-08-09
洋葱丁,merge,12,processing_variant,丁,approved,project_owner,2026-08-09
洋葱丝,merge,12,processing_variant,丝,approved,project_owner,2026-08-09
洋葱块,merge,12,processing_variant,块,approved,project_owner,2026-08-09
洋葱末,merge,12,processing_variant,末,approved,project_owner,2026-08-09
洋葱片,merge,12,processing_variant,片,approved,project_owner,2026-08-09
洋葱碎,merge,12,processing_variant,碎,approved,project_owner,2026-08-09
洗净的鸡爪,merge,229,processing_variant,洗净的,approved,project_owner,2026-08-09
海带丝,merge,334,processing_variant,丝,approved,project_owner,2026-08-09
海苔丝,merge,1227,processing_variant,丝,approved,project_owner,2026-08-09
海苔碎,merge,1227,processing_variant,碎,approved,project_owner,2026-08-09
清水,merge,41,synonym,,approved,project_owner,2026-08-09
温开水,merge,41,processing_variant,煮沸+温,approved,project_owner,2026-08-09
温水,merge,41,processing_variant,温,approved,project_owner,2026-08-09
火腿片,merge,281,processing_variant,片,approved,project_owner,2026-08-09
火腿粒,merge,281,processing_variant,粒,approved,project_owner,2026-08-09
火腿肠丁,merge,244,processing_variant,丁,approved,project_owner,2026-08-09
热水,merge,41,processing_variant,热,approved,project_owner,2026-08-09
煮熟五花肉,merge,156,processing_variant,煮熟,approved,project_owner,2026-08-09
熟中筋面粉,merge,243,processing_variant,熟,approved,project_owner,2026-08-09
熟冬笋,merge,216,processing_variant,熟,approved,project_owner,2026-08-09
熟南瓜块,merge,227,processing_variant,熟+块,approved,project_owner,2026-08-09
熟南瓜泥,merge,227,processing_variant,熟+泥,approved,project_owner,2026-08-09
熟咸蛋黄,merge,592,processing_variant,熟,approved,project_owner,2026-08-09
熟土豆片,merge,74,processing_variant,熟+片,approved,project_owner,2026-08-09
熟地黄,merge,1434,processing_variant,熟,approved,project_owner,2026-08-09
熟小米,merge,290,processing_variant,熟,approved,project_owner,2026-08-09
熟意大利面,merge,1502,processing_variant,熟,approved,project_owner,2026-08-09
熟松子,merge,542,processing_variant,熟,approved,project_owner,2026-08-09
熟枸杞,merge,164,processing_variant,熟,approved,project_owner,2026-08-09
熟核桃,merge,306,processing_variant,熟,approved,project_owner,2026-08-09
熟核桃仁,merge,162,processing_variant,熟,approved,project_owner,2026-08-09
熟核桃碎,merge,306,processing_variant,熟+碎,approved,project_owner,2026-08-09
熟牛肚,merge,2056,processing_variant,熟,approved,project_owner,2026-08-09
熟牛腩,merge,743,processing_variant,熟,approved,project_owner,2026-08-09
熟牛蹄筋,merge,21,processing_variant,熟,approved,project_owner,2026-08-09
熟猪油,merge,208,processing_variant,熟,approved,project_owner,2026-08-09
熟猪肉,merge,81,processing_variant,熟,approved,project_owner,2026-08-09
熟猪肚,merge,966,processing_variant,熟,approved,project_owner,2026-08-09
熟玉米粒,merge,365,processing_variant,熟+粒,approved,project_owner,2026-08-09
熟甜豆粒,merge,1687,processing_variant,熟+粒,approved,project_owner,2026-08-09
熟白芝麻,merge,147,processing_variant,熟,approved,project_owner,2026-08-09
熟的六月黄母蟹,merge,2153,processing_variant,熟,approved,project_owner,2026-08-09
熟米饭,merge,79,processing_variant,熟,approved,project_owner,2026-08-09
熟糯米粉,merge,170,processing_variant,熟,approved,project_owner,2026-08-09
熟紫薯泥,merge,397,processing_variant,熟+泥,approved,project_owner,2026-08-09
熟紫薯片,merge,397,processing_variant,熟+片,approved,project_owner,2026-08-09
熟肉丸,merge,2117,processing_variant,熟,approved,project_owner,2026-08-09
熟腰果,merge,742,processing_variant,熟,approved,project_owner,2026-08-09
熟芝麻,merge,247,processing_variant,熟,approved,project_owner,2026-08-09
熟花生,merge,277,processing_variant,熟,approved,project_owner,2026-08-09
熟花生仁,merge,609,processing_variant,熟,approved,project_owner,2026-08-09
熟花生碎,merge,277,processing_variant,熟+碎,approved,project_owner,2026-08-09
熟花生粒,merge,277,processing_variant,熟+粒,approved,project_owner,2026-08-09
熟蔬菜碎,merge,1781,processing_variant,熟,approved,project_owner,2026-08-09
熟豆面,merge,1672,processing_variant,熟,approved,project_owner,2026-08-09
熟长意面,merge,1266,processing_variant,熟,approved,project_owner,2026-08-09
熟面粉,merge,58,processing_variant,熟,approved,project_owner,2026-08-09
熟鹌鹑蛋,merge,266,processing_variant,熟,approved,project_owner,2026-08-09
熟黄豆粉,merge,1306,processing_variant,熟,approved,project_owner,2026-08-09
熟黑芝麻,merge,163,processing_variant,熟,approved,project_owner,2026-08-09
熟黑豆,merge,1519,processing_variant,熟,approved,project_owner,2026-08-09
燕麦片,merge,,processing_variant,片,rejected,project_owner,2026-08-09
牙签,discard,,non_edible,,approved,project_owner,2026-08-09
牛肉末,merge,798,processing_variant,末,approved,project_owner,2026-08-09
牛肉碎,merge,798,processing_variant,碎,approved,project_owner,2026-08-09
牛肉粒,merge,798,processing_variant,粒,approved,project_owner,2026-08-09
猪五花肉末,merge,138,processing_variant,末,approved,project_owner,2026-08-09
猪前腿肉末,merge,992,processing_variant,末,approved,project_owner,2026-08-09
猪后腿肉末,merge,157,processing_variant,末,approved,project_owner,2026-08-09
猪油粒,merge,208,processing_variant,粒,approved,project_owner,2026-08-09
猪肉末,merge,81,processing_variant,末,approved,project_owner,2026-08-09
猪肉片,merge,81,processing_variant,片,approved,project_owner,2026-08-09
猪肉碎,merge,81,processing_variant,碎,approved,project_owner,2026-08-09
玉米粒,merge,365,processing_variant,粒,approved,project_owner,2026-08-09
甜玉米粒,merge,536,processing_variant,粒,approved,project_owner,2026-08-09
生姜,merge,6,synonym,,approved,project_owner,2026-08-09
生姜末,merge,38,processing_variant,末,approved,project_owner,2026-08-09
生姜片,merge,38,processing_variant,片,approved,project_owner,2026-08-09
生姜粒,merge,38,processing_variant,粒,approved,project_owner,2026-08-09
生粉,merge,48,synonym,,approved,project_owner,2026-08-09
番茄片,merge,11,processing_variant,片,approved,project_owner,2026-08-09
瘦肉丁,merge,255,processing_variant,丁,approved,project_owner,2026-08-09
瘦肉末,merge,255,processing_variant,末,approved,project_owner,2026-08-09
白砂糖,merge,97,synonym,,approved,project_owner,2026-08-09
白胡椒碎,merge,698,processing_variant,碎,approved,project_owner,2026-08-09
白胡椒粒,merge,698,processing_variant,粒,approved,project_owner,2026-08-09
白蘑菇丁,merge,387,processing_variant,丁,approved,project_owner,2026-08-09
白醋,merge,,synonym,,rejected,project_owner,2026-08-09
砂糖,merge,97,synonym,,approved,project_owner,2026-08-09
笋丁,merge,908,processing_variant,丁,approved,project_owner,2026-08-09
粽叶,discard,,non_edible,,approved,project_owner,2026-08-09
糖冬瓜碎,merge,617,processing_variant,碎,approved,project_owner,2026-08-09
紫薯泥,merge,397,processing_variant,泥,approved,project_owner,2026-08-09
红彩椒丁,merge,24,processing_variant,丁,approved,project_owner,2026-08-09
红彩椒粒,merge,24,processing_variant,粒,approved,project_owner,2026-08-09
红枣碎,merge,39,processing_variant,碎,approved,project_owner,2026-08-09
红椒丁,merge,235,processing_variant,丁,approved,project_owner,2026-08-09
红椒丝,merge,235,processing_variant,丝,approved,project_owner,2026-08-09
红椒末,merge,235,processing_variant,末,approved,project_owner,2026-08-09
红椒片,merge,235,processing_variant,片,approved,project_owner,2026-08-09
红椒粒,merge,235,processing_variant,粒,approved,project_owner,2026-08-09
红绿丝碎,merge,647,processing_variant,碎,approved,project_owner,2026-08-09
红茶末,merge,830,processing_variant,末,approved,project_owner,2026-08-09
红辣椒丝,merge,212,processing_variant,丝,approved,project_owner,2026-08-09
红辣椒块,merge,212,processing_variant,块,approved,project_owner,2026-08-09
罐装去皮番茄,merge,11,processing_variant,罐装+去皮,approved,project_owner,2026-08-09
罐装啤酒,merge,119,processing_variant,罐装,approved,project_owner,2026-08-09
羊排段,merge,844,processing_variant,段,approved,project_owner,2026-08-09
肋排段,merge,410,processing_variant,段,approved,project_owner,2026-08-09
胡萝卜丁,merge,84,processing_variant,丁,approved,project_owner,2026-08-09
胡萝卜丝,merge,84,processing_variant,丝,approved,project_owner,2026-08-09
胡萝卜块,merge,84,processing_variant,块,approved,project_owner,2026-08-09
胡萝卜末,merge,84,processing_variant,末,approved,project_owner,2026-08-09
胡萝卜片,merge,84,processing_variant,片,approved,project_owner,2026-08-09
胡萝卜粒,merge,84,processing_variant,粒,approved,project_owner,2026-08-09
腰果碎,merge,742,processing_variant,碎,approved,project_owner,2026-08-09
艾草泥,merge,1440,processing_variant,泥,approved,project_owner,2026-08-09
芝士,merge,1242,synonym,,approved,project_owner,2026-08-09
芝士片,merge,429,processing_variant,片,approved,project_owner,2026-08-09
芝士碎,merge,429,processing_variant,碎,approved,project_owner,2026-08-09
花椒粒,merge,283,processing_variant,粒,approved,project_owner,2026-08-09
花生末,merge,277,processing_variant,末,approved,project_owner,2026-08-09
花生碎,merge,277,processing_variant,碎,approved,project_owner,2026-08-09
芹菜末,merge,445,processing_variant,末,approved,project_owner,2026-08-09
芹菜段,merge,445,processing_variant,段,approved,project_owner,2026-08-09
芹菜粒,merge,445,processing_variant,粒,approved,project_owner,2026-08-09
荷叶,discard,,non_edible,,approved,project_owner,2026-08-09
莲藕片,merge,508,processing_variant,片,approved,project_owner,2026-08-09
葱丝,merge,33,processing_variant,丝,approved,project_owner,2026-08-09
葱末,merge,33,processing_variant,末,approved,project_owner,2026-08-09
葱条,merge,33,processing_variant,条,approved,project_owner,2026-08-09
葱段,merge,33,processing_variant,段,approved,project_owner,2026-08-09
葱白末,merge,210,processing_variant,末,approved,project_owner,2026-08-09
葱白段,merge,210,processing_variant,段,approved,project_owner,2026-08-09
葱白碎,merge,210,processing_variant,碎,approved,project_owner,2026-08-09
葱碎,merge,33,processing_variant,碎,approved,project_owner,2026-08-09
葱花,merge,33,processing_variant,花,approved,project_owner,2026-08-09
蒜头,merge,50,synonym,,approved,project_owner,2026-08-09
蒜末,merge,50,processing_variant,末,approved,project_owner,2026-08-09
蒜泥,merge,50,processing_variant,泥,approved,project_owner,2026-08-09
蒜片,merge,50,processing_variant,片,approved,project_owner,2026-08-09
蒜粒,merge,50,processing_variant,粒,approved,project_owner,2026-08-09
蒜蓉,merge,50,processing_variant,蓉,approved,project_owner,2026-08-09
蒸熟紫薯,merge,397,processing_variant,蒸熟,approved,project_owner,2026-08-09
蒸熟芋头,merge,401,processing_variant,蒸熟,approved,project_owner,2026-08-09
藕片,merge,972,processing_variant,片,approved,project_owner,2026-08-09
蛋液,merge,54,processing_variant,液,approved,project_owner,2026-08-09
装饰糖粉,merge,121,processing_variant,装饰,approved,project_owner,2026-08-09
西红柿,merge,11,synonym,,approved,project_owner,2026-08-09
西蓝花,merge,177,synonym,,approved,project_owner,2026-08-09
豌豆粒,merge,713,processing_variant,粒,approved,project_owner,2026-08-09
软化黄油,merge,46,processing_variant,软化,approved,project_owner,2026-08-09
辣椒末,merge,30,processing_variant,末,approved,project_owner,2026-08-09
迷迭香碎,merge,14,processing_variant,碎,approved,project_owner,2026-08-09
里脊肉丝,merge,781,processing_variant,丝,approved,project_owner,2026-08-09
铁棍山药段,merge,467,processing_variant,段,approved,project_owner,2026-08-09
银鳕鱼块,merge,1295,processing_variant,块,approved,project_owner,2026-08-09
陈皮丝,merge,544,processing_variant,丝,approved,project_owner,2026-08-09
陈醋,merge,,synonym,,rejected,project_owner,2026-08-09
青椒丝,merge,115,processing_variant,丝,approved,project_owner,2026-08-09
青椒末,merge,115,processing_variant,末,approved,project_owner,2026-08-09
青椒段,merge,115,processing_variant,段,approved,project_owner,2026-08-09
青椒粒,merge,115,processing_variant,粒,approved,project_owner,2026-08-09
青豆粒,merge,364,processing_variant,粒,approved,project_owner,2026-08-09
面包片,merge,2112,processing_variant,片,approved,project_owner,2026-08-09
韭菜末,merge,59,processing_variant,末,approved,project_owner,2026-08-09
韭菜粒,merge,59,processing_variant,粒,approved,project_owner,2026-08-09
食盐,merge,17,synonym,,approved,project_owner,2026-08-09
香油,merge,66,synonym,,approved,project_owner,2026-08-09
香菇丁,merge,85,processing_variant,丁,approved,project_owner,2026-08-09
香菇片,merge,85,processing_variant,片,approved,project_owner,2026-08-09
香菜末,merge,71,processing_variant,末,approved,project_owner,2026-08-09
香菜段,merge,71,processing_variant,段,approved,project_owner,2026-08-09
香菜碎,merge,71,processing_variant,碎,approved,project_owner,2026-08-09
香葱,merge,,synonym,,rejected,project_owner,2026-08-09
香葱末,merge,594,processing_variant,末,approved,project_owner,2026-08-09
马苏里拉奶酪丝,merge,811,processing_variant,丝,approved,project_owner,2026-08-09
马苏里拉芝士,merge,811,synonym,,approved,project_owner,2026-08-09
马苏里拉芝士碎,merge,15,processing_variant,碎,approved,project_owner,2026-08-09
马蹄片,merge,254,processing_variant,片,approved,project_owner,2026-08-09
高汤块,merge,,processing_variant,块,rejected,project_owner,2026-08-09
鱿鱼花,merge,318,processing_variant,花,approved,project_owner,2026-08-09
鲫鱼段,merge,226,processing_variant,段,approved,project_owner,2026-08-09
鳕鱼块,merge,152,processing_variant,块,approved,project_owner,2026-08-09
鸡块,merge,773,processing_variant,块,approved,project_owner,2026-08-09
鸡肉丁,merge,1174,processing_variant,丁,approved,project_owner,2026-08-09
鸡肉块,merge,1174,processing_variant,块,approved,project_owner,2026-08-09
鸡肉末,merge,1174,processing_variant,末,approved,project_owner,2026-08-09
鸡胸肉丁,merge,261,processing_variant,丁,approved,project_owner,2026-08-09
鸡蛋液,merge,54,processing_variant,液,approved,project_owner,2026-08-09
麻油,merge,66,synonym,,approved,project_owner,2026-08-09
黄瓜丝,merge,90,processing_variant,丝,approved,project_owner,2026-08-09
黑巧克力末,merge,305,processing_variant,末,approved,project_owner,2026-08-09
黑胡椒碎,merge,19,processing_variant,碎,approved,project_owner,2026-08-09
黑胡椒粒,merge,19,processing_variant,粒,approved,project_owner,2026-08-09
鲍鱼壳,discard,,non_edible,,approved,project_owner,2026-08-10
去壳熟鹌鹑蛋,merge,266,processing_variant,去壳+熟,approved,project_owner,2026-08-10
去核红枣,merge,39,processing_variant,去核,approved,project_owner,2026-08-10
去籽山楂,merge,633,processing_variant,去籽,approved,project_owner,2026-08-10
去芯莲子,merge,346,processing_variant,去芯,approved,project_owner,2026-08-10
去芯鲜莲子,merge,346,processing_variant,去芯+鲜,approved,project_owner,2026-08-10
去蒂香菇,merge,85,processing_variant,去蒂,approved,project_owner,2026-08-10
去骨大鸡腿,merge,1014,processing_variant,去骨,approved,project_owner,2026-08-10
去骨鸡腿排,merge,855,processing_variant,去骨+排,approved,project_owner,2026-08-10
泡水枸杞,merge,164,processing_variant,泡水,approved,project_owner,2026-08-10
洗好的秋刀鱼,merge,338,processing_variant,洗好的,approved,project_owner,2026-08-10
炒香黑芝麻,merge,163,processing_variant,炒香,approved,project_owner,2026-08-10
烤花生,merge,277,processing_variant,烤,approved,project_owner,2026-08-10
鸭块,merge,1125,processing_variant,块,approved,project_owner,2026-08-10
打发奶油,merge,1378,processing_variant,打发,approved,project_owner,2026-08-10
打发淡奶油,merge,132,processing_variant,打发,approved,project_owner,2026-08-10
打发鲜奶油,merge,771,processing_variant,打发,approved,project_owner,2026-08-10
融化的黄油,merge,46,processing_variant,融化的,approved,project_owner,2026-08-10
