decision_id,recipe_id,source_step_index,atom_text,occurrence,action,duration_seconds,review_status,task_type,resources,depends_on_decision_ids
time-065-device,65,2,"将鸡胸肉放入蒸烤架上，放入蒸烤箱第二层，蒸烤箱取出水箱加满水，按屏幕提示操作",1,set_duration,1800,approved
time-269-program-marker,269,4,12分钟,1,ignore,,approved
time-269-preheat,269,4,开始预热,1,set_duration,300,approved
time-269-air-fry,269,8,"将蒸烤盘放入预热好的烹饪机中层，烹饪结束后取出即可享用",1,set_duration,720,approved
time-305-steam,305,6,开始蒸制,1,set_duration,1800,approved
time-348-first-proof,348,3,"进行发酵，发酵2.5倍大小，用手指戳一个洞不回缩面团发酵好，发酵好的面团拉开里面如海绵",1,set_duration,3600,approved
time-348-second-proof,348,9,进行二次发酵,1,set_duration,1800,approved
time-348-steam,348,9,"放入方太智能烹饪设备第2层，开启电源，取出水箱加满水，选择“开始烹饪”按键，按屏幕提示操作",1,set_duration,1200,approved
time-408-oven,408,5,"放到烤箱中层，选择“开始烹饪”按键，按屏幕提示操作",1,set_duration,600,approved
time-408-duplicate,408,6,"放到烤箱中层，选择“开始烹饪”按键，按屏幕提示操作",1,ignore,,approved
time-621-oven-before-flip,621,2,设置加湿烤210℃,1,set_duration,210,approved,unattended_equipment,oven,
time-621-oven-after-flip,621,2,7分钟,1,set_duration,210,approved,unattended_equipment,oven,time-621-flip
time-621-flip,621,3,"期间到达设定温度时，开门翻拌一次",1,set_duration,30,approved,manual,cook,time-621-oven-before-flip
time-621-pan-fry,621,4,将腌制好的牛肉粒和鸡胸肉丁炒制成熟后,1,set_duration,300,approved,attended_equipment,cook;burner,
time-659-device,659,2,"将羊排放入蒸烤架上，放入蒸烤箱第二层，蒸烤箱取出水箱加满水，按屏幕提示操作",1,set_duration,1800,approved
time-659-sauce,659,3,稍收汁后放入新鲜迷迭香叶,1,set_duration,420,approved
time-659-plate,659,3,装盘淋汁即可,1,set_duration,60,approved
time-675-duplicate-lid,675,1,盖上锅盖,2,ignore,,approved
time-675-cut,675,2,取出切块即可食用,1,set_duration,120,approved
time-718-first-proof,718,3,面粉发酵约2倍大时,1,set_duration,3600,approved
time-840-first-proof,840,3,发酵至两倍大,1,set_duration,3600,approved
time-840-steam,840,13,"放进机器，选择“开始烹饪”按键，按屏幕提示操作",1,set_duration,1200,approved
time-855-first-proof,855,3,发酵至两倍大小,1,set_duration,3600,approved
time-855-steam,855,10,"放入方太智能烹饪设备，开启电源，取出水箱加满水，选择“开始烹饪”按键，按屏幕提示操作",1,set_duration,1200,approved
time-860-soak,860,1,用纯净水泡发,1,set_duration,14400,approved
time-885-proof-start,885,9,再进行发酵,1,ignore,,approved
time-885-proof,885,9,等面团大约膨胀到1.5倍,1,set_duration,1800,approved
time-885-steam,885,10,"放入方太智能烹饪设备，开启电源，取出水箱加满水，选择“开始烹饪”按键，按屏幕提示操作",1,set_duration,1200,approved
time-1039-fill,1039,5,"将蛋挞皮放置在蒸烤盘上，倒入蛋挞液至9分满",1,set_duration,120,approved
time-1039-preheat,1039,6,"选择“开始烹饪”按键，按屏幕提示操作",1,set_duration,600,approved
time-1039-load,1039,7,"预热结束后，将蒸烤盘放入第2层",1,set_duration,30,approved
time-1039-bake,1039,7,待烹饪结束取出,1,set_duration,1200,approved
time-1092-first-proof,1092,2,发酵2倍大,1,set_duration,3600,approved
time-1092-steam,1092,10,"放入方太智能烹饪设备第2层，开启电源，取出水箱加满水，选择“开始烹饪”按键，按屏幕提示操作",1,set_duration,1200,approved
time-1139-preheat,1139,4,"方太蒸烤烹饪机，设置上下火模式，150℃，10分钟开始预热",1,set_duration,300,approved
time-1139-bake,1139,8,"预热完成，放入方太蒸烤烹饪机第二层",1,set_duration,600,approved
time-1246-proof,1246,7,发酵至1.5倍大小,1,set_duration,1800,approved
time-1246-steam,1246,8,"放入方太智能烹饪设备，开启电源，取出水箱加满水，选择“开始烹饪”按键，按屏幕提示操作",1,set_duration,1200,approved
time-1449-take-out,1449,4,冷藏结束后取出面团,1,set_duration,30,approved
time-1449-roll,1449,4,"在料理台上撒上黄豆粉，用擀面杖将面团擀成长方形，厚约0.3cm",1,set_duration,570,approved
time-1814-first-proof,1814,2,发酵至两倍大,1,set_duration,3600,approved
time-1822-oven,1822,10,"放入烤箱中下层，选择“开始烹饪”按键，按屏幕提示操作",1,set_duration,7200,approved
time-1944-first-proof,1944,6,盖盖子发酵成3倍大,1,set_duration,5400,approved
time-1944-steam,1944,9,"放入方太智能烹饪设备第2层，开启电源，取出水箱加满水，选择“开始烹饪”按键，按屏幕提示操作",1,set_duration,1200,approved
