recipe_id,record_type,reason,reviewer,reviewed_at
1,dish,完整成品可直接食用或饮用,project_owner,2026-08-09
39,preparation,中间备料不可独立推荐,project_owner,2026-08-09
72,dish,完整成品可直接食用,project_owner,2026-08-09
97,dish,完整成品可直接食用或饮用,project_owner,2026-08-09
186,dish,完整成品可直接食用,project_owner,2026-08-09
200,dish,完整成品可直接食用,project_owner,2026-08-09
203,dish,完整成品可直接食用,project_owner,2026-08-09
235,cooking_program,通用烹饪程序且食材未指定,project_owner,2026-08-09
248,dish,完整成品可直接食用,project_owner,2026-08-09
277,dish,分隔符属于名称装饰且内容为单道成品,project_owner,2026-08-09
286,cooking_program,通用发酵程序且食材未指定,project_owner,2026-08-09
301,dish,具体馒头成品加热后可直接食用,project_owner,2026-08-09
377,dish,完整成品可直接食用,project_owner,2026-08-09
510,dish,具体鲍鱼成品可直接食用,project_owner,2026-08-09
577,dish,完整成品可直接食用或饮用,project_owner,2026-08-09
646,dish,完整成品可直接食用,project_owner,2026-08-09
725,dish,完整成品可直接饮用,project_owner,2026-08-09
727,dish,具体鸡胸肉成品可直接食用,project_owner,2026-08-09
745,dish,完整成品可直接饮用,project_owner,2026-08-09
912,dish,具体鲍鱼成品可直接食用,project_owner,2026-08-09
990,dish,完整成品可直接食用,project_owner,2026-08-09
1014,dish,完整成品可直接食用,project_owner,2026-08-09
1053,cooking_program,通用慢煮程序且食材未指定,project_owner,2026-08-09
1057,dish,具体鸡胸肉成品可直接食用,project_owner,2026-08-09
1106,dish,分隔符属于名称装饰且内容为单道成品,project_owner,2026-08-09
1163,dish,完整成品可直接食用,project_owner,2026-08-09
1202,dish,完整成品可直接食用,project_owner,2026-08-09
1248,dish,完整成品可直接食用,project_owner,2026-08-09
1259,dish,具体鸡蛋成品可直接食用,project_owner,2026-08-09
1336,dish,完整成品可直接食用,project_owner,2026-08-09
1358,dish,完整成品可直接食用或饮用,project_owner,2026-08-09
1438,dish,完整凉粉成品含调味并可直接食用,project_owner,2026-08-09
1503,cooking_program,通用慢煮程序且食材未指定,project_owner,2026-08-09
1513,meal_bundle,包含三菜一汤多个独立成品,project_owner,2026-08-09
1647,dish,具体三文鱼成品可直接食用,project_owner,2026-08-09
1688,dish,完整成品可直接饮用,project_owner,2026-08-09
1712,dish,完整成品可直接饮用,project_owner,2026-08-09
1718,dish,完整凉粉成品含调味并可直接食用,project_owner,2026-08-09
1803,dish,完整甜品可直接食用,project_owner,2026-08-09
1805,meal_bundle,包含牛排鳕鱼主食和蔬菜组成整餐,project_owner,2026-08-09
1894,dish,完整成品可直接食用,project_owner,2026-08-09
