highest_priority,issue_codes,recipe_id,recipe_name,record_type,raw_meal_tags,candidate_meal_tags,added_meal_tags,dish_type_tags,taste_tags,population_tags,issue_reasons,suggested_review_action,candidate_status,review_decision,review_note
P0,REGULAR_MEAL_ON_DESSERT_DRINK,1,秋梨膏,dish,下午茶|晚餐,下午茶|晚餐,,甜品|饮品,甜,儿童|老人,仅被标成点心/甜品/饮品，却带午餐或晚餐，可能被当成整餐推荐。,核对原 label；必要时删除正餐标签，或由查询侧增加菜品类型约束。,pending,,
P0,MEAL_ADDITION_ON_LABELED|MEAL_TAGS_4_PLUS,2,蔬菜焗蝴蝶面,dish,早餐|下午茶,早餐|下午茶|午餐|晚餐,午餐|晚餐,主食|面食,清淡|咸鲜|奶香,儿童|老人,原始 label 已有餐次，模型又新增餐次；当前合并逻辑只增不减。；候选含 4 个及以上餐次，硬过滤时区分度过低。,只审核新增餐次，不要把合并结果直接批量批准。；逐项确认并删除不构成真实推荐场景的餐次。,pending,,
P0,MEAL_TAGS_4_PLUS,9,蒸菜卷,dish,早餐|午餐|晚餐|下午茶,早餐|午餐|晚餐|下午茶,,主食,清淡|咸鲜,老人,候选含 4 个及以上餐次，硬过滤时区分度过低。,逐项确认并删除不构成真实推荐场景的餐次。,pending,,
P0,NON_DISH_PROFILE,19,小龙虾套餐,meal_bundle,,午餐|晚餐,午餐|晚餐,主菜,香辣,,该记录不是单道菜，不应进入菜品画像审批或菜品向量库。,从画像审批清单排除，不写入正式 recipe_profile_enrichment。,pending,,
P0,REGULAR_MEAL_ON_DESSERT_DRINK,23,焦糖奶茶冰淇淋,dish,下午茶|晚餐,下午茶|晚餐,,甜品|饮品,甜|奶香,老人,仅被标成点心/甜品/饮品，却带午餐或晚餐，可能被当成整餐推荐。,核对原 label；必要时删除正餐标签，或由查询侧增加菜品类型约束。,pending,,
P0,REGULAR_MEAL_ON_DESSERT_DRINK,35,水果乳酪派,dish,下午茶|晚餐,下午茶|晚餐,,点心|甜品,甜|奶香,儿童|老人,仅被标成点心/甜品/饮品，却带午餐或晚餐，可能被当成整餐推荐。,核对原 label；必要时删除正餐标签，或由查询侧增加菜品类型约束。,pending,,
P0,NON_DISH_PROFILE,39,冰糖粉,preparation,下午茶,下午茶,,酱料,甜,儿童|老人,该记录不是单道菜，不应进入菜品画像审批或菜品向量库。,从画像审批清单排除，不写入正式 recipe_profile_enrichment。,pending,,
P0,MEAL_MODEL_ONLY|NIGHT_SNACK_MODEL_ADDED,54,锡纸盒花甲,dish,,午餐|晚餐|夜宵,午餐|晚餐|夜宵,小吃,香辣,,原始 label 没有餐次，候选餐次完全由模型生成。；夜宵标签不在原始 label 中，由模型新增，需单独确认。,按菜名、食材和步骤确认全部候选餐次。；仅在菜品明显适合作为夜宵时保留。,pending,,
P0,MEAL_ADDITION_ON_LABELED|NIGHT_SNACK_MODEL_ADDED,68,花生芝麻粥,dish,早餐,早餐|夜宵,夜宵,粥,甜,儿童,原始 label 已有餐次，模型又新增餐次；当前合并逻辑只增不减。；夜宵标签不在原始 label 中，由模型新增，需单独确认。,只审核新增餐次，不要把合并结果直接批量批准。；仅在菜品明显适合作为夜宵时保留。,pending,,
P0,MEAL_ADDITION_ON_LABELED|NIGHT_SNACK_MODEL_ADDED,73,小米粥,dish,早餐,早餐|夜宵,夜宵,粥,清淡|甜,老人,原始 label 已有餐次，模型又新增餐次；当前合并逻辑只增不减。；夜宵标签不在原始 label 中，由模型新增，需单独确认。,只审核新增餐次，不要把合并结果直接批量批准。；仅在菜品明显适合作为夜宵时保留。,pending,,
P0,MEAL_TAGS_4_PLUS|AFTERNOON_TEA_ON_MEAL_COMPONENT,92,芙蓉蒸蛋,dish,早餐|午餐|晚餐|下午茶,早餐|午餐|晚餐|下午茶,,配菜,清淡|咸鲜,儿童|老人,候选含 4 个及以上餐次，硬过滤时区分度过低。；仅被标成主菜/配菜/汤羹，却带下午茶，语义可能冲突。,逐项确认并删除不构成真实推荐场景的餐次。；按实际食用场景确认下午茶标签。,pending,,
P0,REGULAR_MEAL_ON_DESSERT_DRINK,112,紫薯芋泥切糕,dish,晚餐|下午茶,晚餐|下午茶,,点心,甜,儿童|老人,仅被标成点心/甜品/饮品，却带午餐或晚餐，可能被当成整餐推荐。,核对原 label；必要时删除正餐标签，或由查询侧增加菜品类型约束。,pending,,
P0,MEAL_ADDITION_ON_LABELED|NIGHT_SNACK_MODEL_ADDED,148,串烤金针菇,dish,晚餐,晚餐|夜宵,夜宵,小吃,辣|香辣,,原始 label 已有餐次，模型又新增餐次；当前合并逻辑只增不减。；夜宵标签不在原始 label 中，由模型新增，需单独确认。,只审核新增餐次，不要把合并结果直接批量批准。；仅在菜品明显适合作为夜宵时保留。,pending,,
P0,MEAL_ADDITION_ON_LABELED|NIGHT_SNACK_MODEL_ADDED,150,烤生蚝,dish,晚餐,晚餐|夜宵,夜宵,小吃|主菜,咸鲜|鲜香,儿童,原始 label 已有餐次，模型又新增餐次；当前合并逻辑只增不减。；夜宵标签不在原始 label 中，由模型新增，需单独确认。,只审核新增餐次，不要把合并结果直接批量批准。；仅在菜品明显适合作为夜宵时保留。,pending,,
P0,AFTERNOON_TEA_ON_MEAL_COMPONENT,161,卤香菇,dish,午餐|晚餐|下午茶,午餐|晚餐|下午茶,,配菜,咸鲜,,仅被标成主菜/配菜/汤羹，却带下午茶，语义可能冲突。,按实际食用场景确认下午茶标签。,pending,,
P0,NON_DISH_PROFILE,175,桂花糖烤栗子＆松仁栗子糕同烹,meal_bundle,下午茶,下午茶,,甜品|小吃,甜,儿童,该记录不是单道菜，不应进入菜品画像审批或菜品向量库。,从画像审批清单排除，不写入正式 recipe_profile_enrichment。,pending,,
P0,MEAL_TAGS_4_PLUS|AFTERNOON_TEA_ON_MEAL_COMPONENT,182,原味鸡蛋羹,dish,早餐|午餐|晚餐|下午茶,早餐|午餐|晚餐|下午茶,,配菜|汤羹,清淡|咸鲜,儿童|老人,候选含 4 个及以上餐次，硬过滤时区分度过低。；仅被标成主菜/配菜/汤羹，却带下午茶，语义可能冲突。,逐项确认并删除不构成真实推荐场景的餐次。；按实际食用场景确认下午茶标签。,pending,,
P0,REGULAR_MEAL_ON_DESSERT_DRINK,195,银耳核桃蒸鹌鹑蛋,dish,午餐|晚餐|下午茶,午餐|晚餐|下午茶,,点心,清淡|甜,儿童|老人,仅被标成点心/甜品/饮品，却带午餐或晚餐，可能被当成整餐推荐。,核对原 label；必要时删除正餐标签，或由查询侧增加菜品类型约束。,pending,,
P0,NON_DISH_PROFILE,197,黄桃罐头,preparation,下午茶,下午茶,,甜品,酸|甜|酸甜,儿童|老人,该记录不是单道菜，不应进入菜品画像审批或菜品向量库。,从画像审批清单排除，不写入正式 recipe_profile_enrichment。,pending,,
P0,REGULAR_MEAL_ON_DESSERT_DRINK,203,三味山药泥,dish,午餐|晚餐,午餐|晚餐,,点心,甜,儿童|老人,仅被标成点心/甜品/饮品，却带午餐或晚餐，可能被当成整餐推荐。,核对原 label；必要时删除正餐标签，或由查询侧增加菜品类型约束。,pending,,
P0,MEAL_TAGS_4_PLUS|AFTERNOON_TEA_ON_MEAL_COMPONENT,207,海参蒸鸡蛋,dish,早餐|午餐|晚餐|下午茶,早餐|午餐|晚餐|下午茶,,主菜|汤羹,清淡|咸鲜,,候选含 4 个及以上餐次，硬过滤时区分度过低。；仅被标成主菜/配菜/汤羹，却带下午茶，语义可能冲突。,逐项确认并删除不构成真实推荐场景的餐次。；按实际食用场景确认下午茶标签。,pending,,
P0,NON_DISH_PROFILE,226,培根芦笋卷&干贝丝瓜酿虾滑同烹,meal_bundle,午餐|晚餐,午餐|晚餐,,主菜,咸鲜,,该记录不是单道菜，不应进入菜品画像审批或菜品向量库。,从画像审批清单排除，不写入正式 recipe_profile_enrichment。,pending,,
P0,MEAL_TAGS_4_PLUS,227,山药饼,dish,早餐|午餐|晚餐|下午茶,早餐|午餐|晚餐|下午茶,,主食|小吃,清淡|咸鲜,儿童|老人,候选含 4 个及以上餐次，硬过滤时区分度过低。,逐项确认并删除不构成真实推荐场景的餐次。,pending,,
P0,REGULAR_MEAL_ON_DESSERT_DRINK,233,苏式绿豆汤,dish,午餐|晚餐|下午茶,午餐|晚餐|下午茶,,饮品|甜品,甜|清淡,儿童|老人,仅被标成点心/甜品/饮品，却带午餐或晚餐，可能被当成整餐推荐。,核对原 label；必要时删除正餐标签，或由查询侧增加菜品类型约束。,pending,,
P0,MEAL_MODEL_ONLY|NIGHT_SNACK_MODEL_ADDED,234,粤式红豆双皮奶,dish,,下午茶|夜宵,下午茶|夜宵,甜品|点心,甜|奶香,,原始 label 没有餐次，候选餐次完全由模型生成。；夜宵标签不在原始 label 中，由模型新增，需单独确认。,按菜名、食材和步骤确认全部候选餐次。；仅在菜品明显适合作为夜宵时保留。,pending,,
P0,NON_DISH_PROFILE,235,高温快煮,cooking_program,午餐|晚餐,午餐|晚餐,,主菜,辣,,该记录不是单道菜，不应进入菜品画像审批或菜品向量库。,从画像审批清单排除，不写入正式 recipe_profile_enrichment。,pending,,
P0,MEAL_ADDITION_ON_LABELED|NIGHT_SNACK_MODEL_ADDED,255,花生酱烤肉串,dish,晚餐,晚餐|夜宵,夜宵,小吃|主菜,咸鲜|奶香,,原始 label 已有餐次，模型又新增餐次；当前合并逻辑只增不减。；夜宵标签不在原始 label 中，由模型新增，需单独确认。,只审核新增餐次，不要把合并结果直接批量批准。；仅在菜品明显适合作为夜宵时保留。,pending,,
P0,REGULAR_MEAL_ON_DESSERT_DRINK,259,虾饺,dish,早餐|午餐|晚餐,早餐|午餐|晚餐,,点心,清淡|咸鲜,儿童|老人,仅被标成点心/甜品/饮品，却带午餐或晚餐，可能被当成整餐推荐。,核对原 label；必要时删除正餐标签，或由查询侧增加菜品类型约束。,pending,,
P0,MEAL_TAGS_4_PLUS,265,南瓜蒸饭,dish,早餐|午餐|晚餐|下午茶,早餐|午餐|晚餐|下午茶,,主食,清淡|咸鲜,儿童|老人,候选含 4 个及以上餐次，硬过滤时区分度过低。,逐项确认并删除不构成真实推荐场景的餐次。,pending,,
P0,NON_DISH_PROFILE,267,养生枣片,preparation,下午茶,下午茶,,小吃,甜,,该记录不是单道菜，不应进入菜品画像审批或菜品向量库。,从画像审批清单排除，不写入正式 recipe_profile_enrichment。,pending,,
P0,MEAL_MODEL_ONLY|NIGHT_SNACK_MODEL_ADDED,269,空气炸芝麻汤圆,dish,,下午茶|夜宵,下午茶|夜宵,点心,甜,,原始 label 没有餐次，候选餐次完全由模型生成。；夜宵标签不在原始 label 中，由模型新增，需单独确认。,按菜名、食材和步骤确认全部候选餐次。；仅在菜品明显适合作为夜宵时保留。,pending,,
P0,MEAL_ADDITION_ON_LABELED|REGULAR_MEAL_ON_DESSERT_DRINK,270,红枣酿糯米,dish,午餐|晚餐,午餐|晚餐|下午茶,下午茶,点心,甜,儿童|老人,原始 label 已有餐次，模型又新增餐次；当前合并逻辑只增不减。；仅被标成点心/甜品/饮品，却带午餐或晚餐，可能被当成整餐推荐。,只审核新增餐次，不要把合并结果直接批量批准。；核对原 label；必要时删除正餐标签，或由查询侧增加菜品类型约束。,pending,,
P0,MEAL_ADDITION_ON_LABELED|MEAL_TAGS_4_PLUS|NIGHT_SNACK_MODEL_ADDED,273,银耳蛋汤,dish,午餐|晚餐,午餐|晚餐|早餐|夜宵,早餐|夜宵,汤羹,清淡|甜,老人,原始 label 已有餐次，模型又新增餐次；当前合并逻辑只增不减。；候选含 4 个及以上餐次，硬过滤时区分度过低。；夜宵标签不在原始 label 中，由模型新增，需单独确认。,只审核新增餐次，不要把合并结果直接批量批准。；逐项确认并删除不构成真实推荐场景的餐次。；仅在菜品明显适合作为夜宵时保留。,pending,,
P0,NON_DISH_PROFILE,274,千岛沙拉酱,preparation,午餐|晚餐,午餐|晚餐,,酱料,酸|甜|辣|清淡|酸甜,,该记录不是单道菜，不应进入菜品画像审批或菜品向量库。,从画像审批清单排除，不写入正式 recipe_profile_enrichment。,pending,,
P0,NON_DISH_PROFILE,286,酸奶发酵,cooking_program,早餐|下午茶,早餐|下午茶,,饮品,酸,儿童,该记录不是单道菜，不应进入菜品画像审批或菜品向量库。,从画像审批清单排除，不写入正式 recipe_profile_enrichment。,pending,,
P0,NON_DISH_PROFILE,298,蒸米饭,cooking_program,午餐|晚餐,午餐|晚餐,,主食,清淡,老人,该记录不是单道菜，不应进入菜品画像审批或菜品向量库。,从画像审批清单排除，不写入正式 recipe_profile_enrichment。,pending,,
P0,MEAL_TAGS_4_PLUS,318,柳叶蒸饺,dish,早餐|午餐|晚餐|下午茶,早餐|午餐|晚餐|下午茶,,主食,清淡|咸鲜,,候选含 4 个及以上餐次，硬过滤时区分度过低。,逐项确认并删除不构成真实推荐场景的餐次。,pending,,
P0,REGULAR_MEAL_ON_DESSERT_DRINK,327,山楂糕,dish,晚餐|下午茶,晚餐|下午茶,,甜品,酸|酸甜,儿童|老人,仅被标成点心/甜品/饮品，却带午餐或晚餐，可能被当成整餐推荐。,核对原 label；必要时删除正餐标签，或由查询侧增加菜品类型约束。,pending,,
P0,NON_DISH_PROFILE,337,香辣牛肉酱,preparation,午餐|晚餐,午餐|晚餐,,酱料,辣|香辣,,该记录不是单道菜，不应进入菜品画像审批或菜品向量库。,从画像审批清单排除，不写入正式 recipe_profile_enrichment。,pending,,
P0,NON_DISH_PROFILE,338,孜然牛肉粒&香芋蒸牛肉同烹,meal_bundle,,午餐|晚餐,午餐|晚餐,主菜,咸鲜|香辣,,该记录不是单道菜，不应进入菜品画像审批或菜品向量库。,从画像审批清单排除，不写入正式 recipe_profile_enrichment。,pending,,
P0,MEAL_TAGS_4_PLUS,349,手工馒头,dish,早餐|午餐|晚餐|下午茶,早餐|午餐|晚餐|下午茶,,主食|面食,清淡,老人,候选含 4 个及以上餐次，硬过滤时区分度过低。,逐项确认并删除不构成真实推荐场景的餐次。,pending,,
P0,NON_DISH_PROFILE,359,法式烤羊排&粉蒸羊肉同烹,meal_bundle,晚餐,晚餐,,主菜,咸鲜|香辣,,该记录不是单道菜，不应进入菜品画像审批或菜品向量库。,从画像审批清单排除，不写入正式 recipe_profile_enrichment。,pending,,
P0,NON_DISH_PROFILE,363,面包面团（发酵）,preparation,,早餐|下午茶,早餐|下午茶,面食,奶香|甜,,该记录不是单道菜，不应进入菜品画像审批或菜品向量库。,从画像审批清单排除，不写入正式 recipe_profile_enrichment。,pending,,
P0,MEAL_ADDITION_ON_LABELED|NIGHT_SNACK_MODEL_ADDED|REGULAR_MEAL_ON_DESSERT_DRINK,365,冰糖蒸橙子,dish,下午茶|晚餐,下午茶|晚餐|夜宵,夜宵,甜品|饮品,酸|甜|酸甜,儿童,原始 label 已有餐次，模型又新增餐次；当前合并逻辑只增不减。；夜宵标签不在原始 label 中，由模型新增，需单独确认。；仅被标成点心/甜品/饮品，却带午餐或晚餐，可能被当成整餐推荐。,只审核新增餐次，不要把合并结果直接批量批准。；仅在菜品明显适合作为夜宵时保留。；核对原 label；必要时删除正餐标签，或由查询侧增加菜品类型约束。,pending,,
P0,MEAL_ADDITION_ON_LABELED|MEAL_TAGS_4_PLUS|NIGHT_SNACK_MODEL_ADDED|REGULAR_MEAL_ON_DESSERT_DRINK,369,红豆沙南瓜汤圆,dish,早餐|午餐|晚餐,早餐|午餐|晚餐|下午茶|夜宵,下午茶|夜宵,点心|甜品,甜|清淡,儿童|老人,原始 label 已有餐次，模型又新增餐次；当前合并逻辑只增不减。；候选含 4 个及以上餐次，硬过滤时区分度过低。；夜宵标签不在原始 label 中，由模型新增，需单独确认。；仅被标成点心/甜品/饮品，却带午餐或晚餐，可能被当成整餐推荐。,只审核新增餐次，不要把合并结果直接批量批准。；逐项确认并删除不构成真实推荐场景的餐次。；仅在菜品明显适合作为夜宵时保留。；核对原 label；必要时删除正餐标签，或由查询侧增加菜品类型约束。,pending,,
P0,REGULAR_MEAL_ON_DESSERT_DRINK,373,紫薯糯米小饼,dish,下午茶|晚餐,下午茶|晚餐,,点心,甜,儿童|老人,仅被标成点心/甜品/饮品，却带午餐或晚餐，可能被当成整餐推荐。,核对原 label；必要时删除正餐标签，或由查询侧增加菜品类型约束。,pending,,
P0,NON_DISH_PROFILE,378,健康炖汤合辑 | 6汤同出,meal_bundle,,午餐|晚餐,午餐|晚餐,汤羹,咸鲜|清淡,,该记录不是单道菜，不应进入菜品画像审批或菜品向量库。,从画像审批清单排除，不写入正式 recipe_profile_enrichment。,pending,,
P0,NON_DISH_PROFILE,392,生蚝&鲈鱼同烹,meal_bundle,午餐|晚餐,午餐|晚餐,,主菜,清淡|咸鲜|鲜香,儿童|老人,该记录不是单道菜，不应进入菜品画像审批或菜品向量库。,从画像审批清单排除，不写入正式 recipe_profile_enrichment。,pending,,
P0,MEAL_ADDITION_ON_LABELED|NIGHT_SNACK_MODEL_ADDED|REGULAR_MEAL_ON_DESSERT_DRINK,393,台湾烧仙草,dish,下午茶|晚餐,下午茶|晚餐|夜宵,夜宵,甜品|饮品,甜|清淡,老人,原始 label 已有餐次，模型又新增餐次；当前合并逻辑只增不减。；夜宵标签不在原始 label 中，由模型新增，需单独确认。；仅被标成点心/甜品/饮品，却带午餐或晚餐，可能被当成整餐推荐。,只审核新增餐次，不要把合并结果直接批量批准。；仅在菜品明显适合作为夜宵时保留。；核对原 label；必要时删除正餐标签，或由查询侧增加菜品类型约束。,pending,,
P0,MEAL_ADDITION_ON_LABELED|NIGHT_SNACK_MODEL_ADDED,394,桃胶莲子燕窝羹,dish,晚餐|下午茶,晚餐|下午茶|夜宵,夜宵,甜品|汤羹,甜,老人,原始 label 已有餐次，模型又新增餐次；当前合并逻辑只增不减。；夜宵标签不在原始 label 中，由模型新增，需单独确认。,只审核新增餐次，不要把合并结果直接批量批准。；仅在菜品明显适合作为夜宵时保留。,pending,,
P0,AFTERNOON_TEA_ON_MEAL_COMPONENT,395,醋泡姜,dish,早餐|下午茶,早餐|下午茶,,配菜,酸|辣,,仅被标成主菜/配菜/汤羹，却带下午茶，语义可能冲突。,按实际食用场景确认下午茶标签。,pending,,
P0,NON_DISH_PROFILE,413,三味蒸鳗鱼&香茅烤鳗鱼同烹,meal_bundle,晚餐,晚餐,,主菜,酸|辣|咸鲜|酸甜,,该记录不是单道菜，不应进入菜品画像审批或菜品向量库。,从画像审批清单排除，不写入正式 recipe_profile_enrichment。,pending,,
P0,MEAL_ADDITION_ON_LABELED|AFTERNOON_TEA_ON_MEAL_COMPONENT,418,荠菜燕窝,dish,晚餐|下午茶,晚餐|下午茶|午餐,午餐,主菜|配菜,清淡|咸鲜,儿童|老人,原始 label 已有餐次，模型又新增餐次；当前合并逻辑只增不减。；仅被标成主菜/配菜/汤羹，却带下午茶，语义可能冲突。,只审核新增餐次，不要把合并结果直接批量批准。；按实际食用场景确认下午茶标签。,pending,,
P0,NON_DISH_PROFILE,431,海鲜拼盘,meal_bundle,午餐|晚餐,午餐|晚餐,,主菜,清淡|咸鲜,儿童,该记录不是单道菜，不应进入菜品画像审批或菜品向量库。,从画像审批清单排除，不写入正式 recipe_profile_enrichment。,pending,,
P0,MEAL_ADDITION_ON_LABELED|NIGHT_SNACK_MODEL_ADDED,432,麻辣捞汁小海鲜,dish,晚餐,晚餐|夜宵,夜宵,主菜|小吃,辣|麻辣,,原始 label 已有餐次，模型又新增餐次；当前合并逻辑只增不减。；夜宵标签不在原始 label 中，由模型新增，需单独确认。,只审核新增餐次，不要把合并结果直接批量批准。；仅在菜品明显适合作为夜宵时保留。,pending,,
P0,NON_DISH_PROFILE,433,卡仕达酱,preparation,早餐,早餐|下午茶,下午茶,酱料|甜品,甜|奶香,,该记录不是单道菜，不应进入菜品画像审批或菜品向量库。,从画像审批清单排除，不写入正式 recipe_profile_enrichment。,pending,,
P0,NON_DISH_PROFILE,442,红枣泥,preparation,早餐|下午茶,早餐|下午茶,,酱料|甜品,甜,儿童,该记录不是单道菜，不应进入菜品画像审批或菜品向量库。,从画像审批清单排除，不写入正式 recipe_profile_enrichment。,pending,,
P0,REGULAR_MEAL_ON_DESSERT_DRINK,448,蛋黄布丁,dish,下午茶|晚餐,下午茶|晚餐,,甜品|点心,甜|奶香,儿童|老人,仅被标成点心/甜品/饮品，却带午餐或晚餐，可能被当成整餐推荐。,核对原 label；必要时删除正餐标签，或由查询侧增加菜品类型约束。,pending,,
P0,NON_DISH_PROFILE,449,八宝辣酱,preparation,早餐|下午茶,早餐|下午茶|午餐|晚餐,午餐|晚餐,酱料|配菜,辣|咸鲜,,该记录不是单道菜，不应进入菜品画像审批或菜品向量库。,从画像审批清单排除，不写入正式 recipe_profile_enrichment。,pending,,
P0,MEAL_TAGS_4_PLUS|REGULAR_MEAL_ON_DESSERT_DRINK,451,豌豆茶碗蒸,dish,早餐|午餐|晚餐|下午茶,早餐|午餐|晚餐|下午茶,,点心,清淡|咸鲜,儿童|老人,候选含 4 个及以上餐次，硬过滤时区分度过低。；仅被标成点心/甜品/饮品，却带午餐或晚餐，可能被当成整餐推荐。,逐项确认并删除不构成真实推荐场景的餐次。；核对原 label；必要时删除正餐标签，或由查询侧增加菜品类型约束。,pending,,
P0,MEAL_TAGS_4_PLUS|REGULAR_MEAL_ON_DESSERT_DRINK,462,鲜肉月饼,dish,早餐|午餐|晚餐|下午茶,早餐|午餐|晚餐|下午茶,,点心,咸鲜,,候选含 4 个及以上餐次，硬过滤时区分度过低。；仅被标成点心/甜品/饮品，却带午餐或晚餐，可能被当成整餐推荐。,逐项确认并删除不构成真实推荐场景的餐次。；核对原 label；必要时删除正餐标签，或由查询侧增加菜品类型约束。,pending,,
P0,MEAL_ADDITION_ON_LABELED|NIGHT_SNACK_MODEL_ADDED,464,香辣烤凤爪,dish,午餐|晚餐,午餐|晚餐|夜宵,夜宵,小吃,辣|香辣,,原始 label 已有餐次，模型又新增餐次；当前合并逻辑只增不减。；夜宵标签不在原始 label 中，由模型新增，需单独确认。,只审核新增餐次，不要把合并结果直接批量批准。；仅在菜品明显适合作为夜宵时保留。,pending,,
P0,AFTERNOON_TEA_ON_MEAL_COMPONENT,479,骨付鸡,dish,晚餐|下午茶,晚餐|下午茶,,主菜,咸鲜,,仅被标成主菜/配菜/汤羹，却带下午茶，语义可能冲突。,按实际食用场景确认下午茶标签。,pending,,
P0,NON_DISH_PROFILE,484,烤肉蔬菜拼盘,meal_bundle,午餐|晚餐,午餐|晚餐,,主菜,酸|甜|辣|清淡|咸鲜|香辣,,该记录不是单道菜，不应进入菜品画像审批或菜品向量库。,从画像审批清单排除，不写入正式 recipe_profile_enrichment。,pending,,
P0,NON_DISH_PROFILE,494,乳化,cooking_program,早餐|午餐|晚餐|下午茶,早餐|午餐|晚餐|下午茶,,酱料,酸|甜|辣|清淡,,该记录不是单道菜，不应进入菜品画像审批或菜品向量库。,从画像审批清单排除，不写入正式 recipe_profile_enrichment。,pending,,
P0,NON_DISH_PROFILE,506,黄桃罐头,preparation,下午茶,下午茶,,甜品|饮品,酸|甜,儿童|老人,该记录不是单道菜，不应进入菜品画像审批或菜品向量库。,从画像审批清单排除，不写入正式 recipe_profile_enrichment。,pending,,
P0,MEAL_ADDITION_ON_LABELED|AFTERNOON_TEA_ON_MEAL_COMPONENT,507,沙爹酱鱿鱼,dish,晚餐|下午茶,晚餐|下午茶|午餐,午餐,主菜,辣|鲜香,,原始 label 已有餐次，模型又新增餐次；当前合并逻辑只增不减。；仅被标成主菜/配菜/汤羹，却带下午茶，语义可能冲突。,只审核新增餐次，不要把合并结果直接批量批准。；按实际食用场景确认下午茶标签。,pending,,
P0,MEAL_MODEL_ONLY|NIGHT_SNACK_MODEL_ADDED,511,油焖小龙虾,dish,,晚餐|夜宵,晚餐|夜宵,主菜,辣|香辣,,原始 label 没有餐次，候选餐次完全由模型生成。；夜宵标签不在原始 label 中，由模型新增，需单独确认。,按菜名、食材和步骤确认全部候选餐次。；仅在菜品明显适合作为夜宵时保留。,pending,,
P0,AFTERNOON_TEA_ON_MEAL_COMPONENT,513,一人食鸡蛋羹,dish,早餐|下午茶,早餐|下午茶,,汤羹,清淡|咸鲜,儿童|老人,仅被标成主菜/配菜/汤羹，却带下午茶，语义可能冲突。,按实际食用场景确认下午茶标签。,pending,,
P0,MEAL_ADDITION_ON_LABELED|REGULAR_MEAL_ON_DESSERT_DRINK,520,蔚蓝星空,dish,晚餐,晚餐|下午茶,下午茶,饮品,甜|酸,儿童,原始 label 已有餐次，模型又新增餐次；当前合并逻辑只增不减。；仅被标成点心/甜品/饮品，却带午餐或晚餐，可能被当成整餐推荐。,只审核新增餐次，不要把合并结果直接批量批准。；核对原 label；必要时删除正餐标签，或由查询侧增加菜品类型约束。,pending,,
P0,NON_DISH_PROFILE,522,柠檬干,preparation,下午茶,下午茶,,小吃,酸,儿童,该记录不是单道菜，不应进入菜品画像审批或菜品向量库。,从画像审批清单排除，不写入正式 recipe_profile_enrichment。,pending,,
P0,MEAL_ADDITION_ON_LABELED|MEAL_TAGS_4_PLUS|NIGHT_SNACK_MODEL_ADDED|REGULAR_MEAL_ON_DESSERT_DRINK,536,小吊梨汤,dish,早餐|午餐|晚餐|下午茶,早餐|午餐|晚餐|下午茶|夜宵,夜宵,饮品|甜品,甜|清淡,儿童|老人,原始 label 已有餐次，模型又新增餐次；当前合并逻辑只增不减。；候选含 4 个及以上餐次，硬过滤时区分度过低。；夜宵标签不在原始 label 中，由模型新增，需单独确认。；仅被标成点心/甜品/饮品，却带午餐或晚餐，可能被当成整餐推荐。,只审核新增餐次，不要把合并结果直接批量批准。；逐项确认并删除不构成真实推荐场景的餐次。；仅在菜品明显适合作为夜宵时保留。；核对原 label；必要时删除正餐标签，或由查询侧增加菜品类型约束。,pending,,
P0,MEAL_ADDITION_ON_LABELED|NIGHT_SNACK_MODEL_ADDED|REGULAR_MEAL_ON_DESSERT_DRINK,537,甘蔗马蹄水,dish,下午茶|晚餐,下午茶|晚餐|夜宵,夜宵,饮品,甜|清淡,儿童|老人,原始 label 已有餐次，模型又新增餐次；当前合并逻辑只增不减。；夜宵标签不在原始 label 中，由模型新增，需单独确认。；仅被标成点心/甜品/饮品，却带午餐或晚餐，可能被当成整餐推荐。,只审核新增餐次，不要把合并结果直接批量批准。；仅在菜品明显适合作为夜宵时保留。；核对原 label；必要时删除正餐标签，或由查询侧增加菜品类型约束。,pending,,
P0,NON_DISH_PROFILE,553,芝士焗蟹斗&蟹酿橙同烹,meal_bundle,,晚餐,晚餐,主菜|小吃,咸鲜|奶香,,该记录不是单道菜，不应进入菜品画像审批或菜品向量库。,从画像审批清单排除，不写入正式 recipe_profile_enrichment。,pending,,
P0,NON_DISH_PROFILE,558,烧烤酱,preparation,,午餐|晚餐,午餐|晚餐,酱料,辣|甜|酸,,该记录不是单道菜，不应进入菜品画像审批或菜品向量库。,从画像审批清单排除，不写入正式 recipe_profile_enrichment。,pending,,
P0,NON_DISH_PROFILE,559,蔬菜碎,preparation,,午餐|晚餐,午餐|晚餐,配菜,清淡,儿童|老人,该记录不是单道菜，不应进入菜品画像审批或菜品向量库。,从画像审批清单排除，不写入正式 recipe_profile_enrichment。,pending,,
P0,MEAL_ADDITION_ON_LABELED|MEAL_TAGS_4_PLUS|NIGHT_SNACK_MODEL_ADDED|REGULAR_MEAL_ON_DESSERT_DRINK,561,小吊梨汤,dish,早餐|午餐|晚餐|下午茶,早餐|午餐|晚餐|下午茶|夜宵,夜宵,甜品|饮品,甜|清淡,儿童|老人,原始 label 已有餐次，模型又新增餐次；当前合并逻辑只增不减。；候选含 4 个及以上餐次，硬过滤时区分度过低。；夜宵标签不在原始 label 中，由模型新增，需单独确认。；仅被标成点心/甜品/饮品，却带午餐或晚餐，可能被当成整餐推荐。,只审核新增餐次，不要把合并结果直接批量批准。；逐项确认并删除不构成真实推荐场景的餐次。；仅在菜品明显适合作为夜宵时保留。；核对原 label；必要时删除正餐标签，或由查询侧增加菜品类型约束。,pending,,
P0,MEAL_TAGS_4_PLUS|REGULAR_MEAL_ON_DESSERT_DRINK,563,核桃果味发糕(宝宝辅食),dish,早餐|午餐|晚餐|下午茶,早餐|午餐|晚餐|下午茶,,点心,甜,儿童,候选含 4 个及以上餐次，硬过滤时区分度过低。；仅被标成点心/甜品/饮品，却带午餐或晚餐，可能被当成整餐推荐。,逐项确认并删除不构成真实推荐场景的餐次。；核对原 label；必要时删除正餐标签，或由查询侧增加菜品类型约束。,pending,,
P0,REGULAR_MEAL_ON_DESSERT_DRINK,574,无水蜂蜜蛋糕,dish,下午茶|晚餐,下午茶|晚餐,,甜品,甜,儿童|老人,仅被标成点心/甜品/饮品，却带午餐或晚餐，可能被当成整餐推荐。,核对原 label；必要时删除正餐标签，或由查询侧增加菜品类型约束。,pending,,
P0,REGULAR_MEAL_ON_DESSERT_DRINK|TASTE_LIGHT_SPICY_CONFLICT,575,姜母茶,dish,下午茶|晚餐,下午茶|晚餐,,饮品,辣|清淡|甜,,仅被标成点心/甜品/饮品，却带午餐或晚餐，可能被当成整餐推荐。；同时含清淡与辣/麻辣/香辣，可能来自原标签与模型合并冲突。,核对原 label；必要时删除正餐标签，或由查询侧增加菜品类型约束。；区分成品主口味与可选蘸料后再决定。,pending,,
P0,REGULAR_MEAL_ON_DESSERT_DRINK,592,盐蒸橙子,dish,晚餐|下午茶,晚餐|下午茶,,甜品,酸|甜|酸甜,,仅被标成点心/甜品/饮品，却带午餐或晚餐，可能被当成整餐推荐。,核对原 label；必要时删除正餐标签，或由查询侧增加菜品类型约束。,pending,,
P0,MEAL_TAGS_4_PLUS,597,小金猪,dish,早餐|午餐|晚餐|下午茶,早餐|午餐|晚餐|下午茶,,点心|主食,甜,儿童,候选含 4 个及以上餐次，硬过滤时区分度过低。,逐项确认并删除不构成真实推荐场景的餐次。,pending,,
P0,NON_DISH_PROFILE,612,法式红酒炖梨&白梨挞同烹,meal_bundle,晚餐|下午茶,晚餐|下午茶,,甜品|饮品,甜|酸,,该记录不是单道菜，不应进入菜品画像审批或菜品向量库。,从画像审批清单排除，不写入正式 recipe_profile_enrichment。,pending,,
P0,NON_DISH_PROFILE,614,柠檬干,preparation,下午茶,下午茶,,小吃,酸,儿童,该记录不是单道菜，不应进入菜品画像审批或菜品向量库。,从画像审批清单排除，不写入正式 recipe_profile_enrichment。,pending,,
P0,NON_DISH_PROFILE,622,草莓酱,preparation,早餐|下午茶,早餐|下午茶,,酱料,酸|酸甜,儿童,该记录不是单道菜，不应进入菜品画像审批或菜品向量库。,从画像审批清单排除，不写入正式 recipe_profile_enrichment。,pending,,
P0,NON_DISH_PROFILE,630,小橘干,preparation,,下午茶,下午茶,小吃|甜品,甜|酸,,该记录不是单道菜，不应进入菜品画像审批或菜品向量库。,从画像审批清单排除，不写入正式 recipe_profile_enrichment。,pending,,
P0,NON_DISH_PROFILE,635,蛋白糖,preparation,下午茶,下午茶,,点心,甜,儿童,该记录不是单道菜，不应进入菜品画像审批或菜品向量库。,从画像审批清单排除，不写入正式 recipe_profile_enrichment。,pending,,
P0,NON_DISH_PROFILE,650,香菇猪肉酱,preparation,,午餐|晚餐,午餐|晚餐,酱料,咸鲜|香辣,,该记录不是单道菜，不应进入菜品画像审批或菜品向量库。,从画像审批清单排除，不写入正式 recipe_profile_enrichment。,pending,,
P0,MEAL_TAGS_4_PLUS,656,鸳鸯蒸饺,dish,早餐|午餐|晚餐|下午茶,早餐|午餐|晚餐|下午茶,,主食|面食,清淡|咸鲜,老人,候选含 4 个及以上餐次，硬过滤时区分度过低。,逐项确认并删除不构成真实推荐场景的餐次。,pending,,
P0,MEAL_ADDITION_ON_LABELED|MEAL_TAGS_4_PLUS|NIGHT_SNACK_MODEL_ADDED|REGULAR_MEAL_ON_DESSERT_DRINK,675,澳洲红酒香梨,dish,午餐|晚餐,午餐|晚餐|下午茶|夜宵,下午茶|夜宵,甜品,甜|酸,,原始 label 已有餐次，模型又新增餐次；当前合并逻辑只增不减。；候选含 4 个及以上餐次，硬过滤时区分度过低。；夜宵标签不在原始 label 中，由模型新增，需单独确认。；仅被标成点心/甜品/饮品，却带午餐或晚餐，可能被当成整餐推荐。,只审核新增餐次，不要把合并结果直接批量批准。；逐项确认并删除不构成真实推荐场景的餐次。；仅在菜品明显适合作为夜宵时保留。；核对原 label；必要时删除正餐标签，或由查询侧增加菜品类型约束。,pending,,
P0,REGULAR_MEAL_ON_DESSERT_DRINK,685,红枣蒸山药泥,dish,午餐|晚餐,午餐|晚餐,,点心,甜|清淡,儿童|老人,仅被标成点心/甜品/饮品，却带午餐或晚餐，可能被当成整餐推荐。,核对原 label；必要时删除正餐标签，或由查询侧增加菜品类型约束。,pending,,
P0,NON_DISH_PROFILE,702,法式泡芙合辑,meal_bundle,下午茶,下午茶,,点心|甜品,甜|奶香,儿童,该记录不是单道菜，不应进入菜品画像审批或菜品向量库。,从画像审批清单排除，不写入正式 recipe_profile_enrichment。,pending,,
P0,NON_DISH_PROFILE,704,派皮,preparation,,早餐|下午茶,早餐|下午茶,面食|点心,清淡|奶香|甜,,该记录不是单道菜，不应进入菜品画像审批或菜品向量库。,从画像审批清单排除，不写入正式 recipe_profile_enrichment。,pending,,
P0,NON_DISH_PROFILE,705,烤肉&鱼头同烹,meal_bundle,,午餐|晚餐,午餐|晚餐,主菜,咸鲜|香辣,,该记录不是单道菜，不应进入菜品画像审批或菜品向量库。,从画像审批清单排除，不写入正式 recipe_profile_enrichment。,pending,,
P0,NON_DISH_PROFILE,710,吐司&馒头同烹,meal_bundle,早餐|午餐|晚餐|下午茶,早餐|午餐|晚餐|下午茶,,主食|点心,清淡|咸鲜|奶香|甜,,该记录不是单道菜，不应进入菜品画像审批或菜品向量库。,从画像审批清单排除，不写入正式 recipe_profile_enrichment。,pending,,
P0,MEAL_MODEL_ONLY|NIGHT_SNACK_MODEL_ADDED,717,红枣枸杞银耳羹,dish,,下午茶|夜宵,下午茶|夜宵,甜品|汤羹,甜,,原始 label 没有餐次，候选餐次完全由模型生成。；夜宵标签不在原始 label 中，由模型新增，需单独确认。,按菜名、食材和步骤确认全部候选餐次。；仅在菜品明显适合作为夜宵时保留。,pending,,
P0,MEAL_ADDITION_ON_LABELED|NIGHT_SNACK_MODEL_ADDED,720,桂圆白果糖水,dish,下午茶,下午茶|夜宵,夜宵,甜品|汤羹,甜,老人,原始 label 已有餐次，模型又新增餐次；当前合并逻辑只增不减。；夜宵标签不在原始 label 中，由模型新增，需单独确认。,只审核新增餐次，不要把合并结果直接批量批准。；仅在菜品明显适合作为夜宵时保留。,pending,,
P0,MEAL_ADDITION_ON_LABELED|REGULAR_MEAL_ON_DESSERT_DRINK,724,红豆年糕,dish,午餐|晚餐,午餐|晚餐|下午茶,下午茶,点心,甜,儿童|老人,原始 label 已有餐次，模型又新增餐次；当前合并逻辑只增不减。；仅被标成点心/甜品/饮品，却带午餐或晚餐，可能被当成整餐推荐。,只审核新增餐次，不要把合并结果直接批量批准。；核对原 label；必要时删除正餐标签，或由查询侧增加菜品类型约束。,pending,,
P0,MEAL_ADDITION_ON_LABELED|NIGHT_SNACK_MODEL_ADDED,725,核桃芝麻糊,dish,早餐,早餐|夜宵,夜宵,饮品,甜,儿童|老人,原始 label 已有餐次，模型又新增餐次；当前合并逻辑只增不减。；夜宵标签不在原始 label 中，由模型新增，需单独确认。,只审核新增餐次，不要把合并结果直接批量批准。；仅在菜品明显适合作为夜宵时保留。,pending,,
P0,NON_DISH_PROFILE,736,蛋白打发,cooking_program,,早餐|下午茶,早餐|下午茶,酱料,清淡,,该记录不是单道菜，不应进入菜品画像审批或菜品向量库。,从画像审批清单排除，不写入正式 recipe_profile_enrichment。,pending,,
P0,AFTERNOON_TEA_ON_MEAL_COMPONENT,744,糖醋藕带,dish,午餐|晚餐|下午茶,午餐|晚餐|下午茶,,主菜,酸|甜|辣|酸甜,,仅被标成主菜/配菜/汤羹，却带下午茶，语义可能冲突。,按实际食用场景确认下午茶标签。,pending,,
P0,NON_DISH_PROFILE,749,烤肉卷饼同烹,meal_bundle,午餐|晚餐,午餐|晚餐,,主食|主菜,辣|咸鲜,,该记录不是单道菜，不应进入菜品画像审批或菜品向量库。,从画像审批清单排除，不写入正式 recipe_profile_enrichment。,pending,,
P0,MEAL_ADDITION_ON_LABELED|REGULAR_MEAL_ON_DESSERT_DRINK,753,妩媚妃子笑,dish,午餐|晚餐,午餐|晚餐|下午茶,下午茶,饮品,甜|酸,,原始 label 已有餐次，模型又新增餐次；当前合并逻辑只增不减。；仅被标成点心/甜品/饮品，却带午餐或晚餐，可能被当成整餐推荐。,只审核新增餐次，不要把合并结果直接批量批准。；核对原 label；必要时删除正餐标签，或由查询侧增加菜品类型约束。,pending,,
P0,NON_DISH_PROFILE,758,韩式拌饭酱,preparation,午餐|晚餐,午餐|晚餐,,酱料,辣|咸鲜,,该记录不是单道菜，不应进入菜品画像审批或菜品向量库。,从画像审批清单排除，不写入正式 recipe_profile_enrichment。,pending,,
P0,REGULAR_MEAL_ON_DESSERT_DRINK,773,状元糍,dish,早餐|午餐|下午茶,早餐|午餐|下午茶,,点心|甜品,甜,儿童|老人,仅被标成点心/甜品/饮品，却带午餐或晚餐，可能被当成整餐推荐。,核对原 label；必要时删除正餐标签，或由查询侧增加菜品类型约束。,pending,,
P0,MEAL_TAGS_4_PLUS|REGULAR_MEAL_ON_DESSERT_DRINK,780,小吊梨汤,dish,早餐|午餐|晚餐|下午茶,早餐|午餐|晚餐|下午茶,,甜品|饮品,甜|清淡,儿童|老人,候选含 4 个及以上餐次，硬过滤时区分度过低。；仅被标成点心/甜品/饮品，却带午餐或晚餐，可能被当成整餐推荐。,逐项确认并删除不构成真实推荐场景的餐次。；核对原 label；必要时删除正餐标签，或由查询侧增加菜品类型约束。,pending,,
P0,REGULAR_MEAL_ON_DESSERT_DRINK,786,雪梨百合菊杞饮,dish,下午茶|晚餐,下午茶|晚餐,,饮品,清淡|甜,儿童|老人,仅被标成点心/甜品/饮品，却带午餐或晚餐，可能被当成整餐推荐。,核对原 label；必要时删除正餐标签，或由查询侧增加菜品类型约束。,pending,,
P0,NON_DISH_PROFILE,789,叉烧肉酱,preparation,午餐|晚餐,午餐|晚餐,,酱料,甜|辣|咸鲜,儿童|老人,该记录不是单道菜，不应进入菜品画像审批或菜品向量库。,从画像审批清单排除，不写入正式 recipe_profile_enrichment。,pending,,
P0,NON_DISH_PROFILE,797,蓝莓酱,preparation,早餐|下午茶,早餐|下午茶,,酱料|甜品,酸|酸甜,儿童,该记录不是单道菜，不应进入菜品画像审批或菜品向量库。,从画像审批清单排除，不写入正式 recipe_profile_enrichment。,pending,,
P0,NON_DISH_PROFILE,828,虾干,preparation,下午茶,下午茶,,小吃,咸鲜,儿童|老人,该记录不是单道菜，不应进入菜品画像审批或菜品向量库。,从画像审批清单排除，不写入正式 recipe_profile_enrichment。,pending,,
P0,NON_DISH_PROFILE,878,绞肉,preparation,,午餐|晚餐,午餐|晚餐,配菜,,,该记录不是单道菜，不应进入菜品画像审批或菜品向量库。,从画像审批清单排除，不写入正式 recipe_profile_enrichment。,pending,,
P0,REGULAR_MEAL_ON_DESSERT_DRINK,880,南瓜蒸蛋糕,dish,早餐|晚餐|下午茶,早餐|晚餐|下午茶,,点心|甜品,甜|清淡,儿童|老人,仅被标成点心/甜品/饮品，却带午餐或晚餐，可能被当成整餐推荐。,核对原 label；必要时删除正餐标签，或由查询侧增加菜品类型约束。,pending,,
P0,MEAL_MODEL_ONLY|NIGHT_SNACK_MODEL_ADDED,883,红糖糍粑,dish,,下午茶|夜宵,下午茶|夜宵,小吃|甜品,甜,,原始 label 没有餐次，候选餐次完全由模型生成。；夜宵标签不在原始 label 中，由模型新增，需单独确认。,按菜名、食材和步骤确认全部候选餐次。；仅在菜品明显适合作为夜宵时保留。,pending,,
P0,AFTERNOON_TEA_ON_MEAL_COMPONENT,890,红酒烩牛肉,dish,午餐|晚餐|下午茶,午餐|晚餐|下午茶,,主菜,酸|甜|咸鲜,,仅被标成主菜/配菜/汤羹，却带下午茶，语义可能冲突。,按实际食用场景确认下午茶标签。,pending,,
P0,MEAL_TAGS_4_PLUS|TASTE_LIGHT_SPICY_CONFLICT,913,懒人蔬菜蒸包,dish,早餐|午餐|晚餐|下午茶,早餐|午餐|晚餐|下午茶,,主食|点心,清淡|咸鲜|辣,老人,候选含 4 个及以上餐次，硬过滤时区分度过低。；同时含清淡与辣/麻辣/香辣，可能来自原标签与模型合并冲突。,逐项确认并删除不构成真实推荐场景的餐次。；区分成品主口味与可选蘸料后再决定。,pending,,
P0,MEAL_MODEL_ONLY|NIGHT_SNACK_MODEL_ADDED,936,五红汤,dish,,早餐|下午茶|夜宵,早餐|下午茶|夜宵,饮品|汤羹,甜,,原始 label 没有餐次，候选餐次完全由模型生成。；夜宵标签不在原始 label 中，由模型新增，需单独确认。,按菜名、食材和步骤确认全部候选餐次。；仅在菜品明显适合作为夜宵时保留。,pending,,
P0,NON_DISH_PROFILE,941,万能凉拌汁,preparation,,午餐|晚餐,午餐|晚餐,酱料,辣|酸|香辣,,该记录不是单道菜，不应进入菜品画像审批或菜品向量库。,从画像审批清单排除，不写入正式 recipe_profile_enrichment。,pending,,
P0,MEAL_ADDITION_ON_LABELED|MEAL_TAGS_4_PLUS|REGULAR_MEAL_ON_DESSERT_DRINK,948,条头糕,dish,下午茶|午餐|晚餐,下午茶|午餐|晚餐|早餐,早餐,点心|甜品,甜,,原始 label 已有餐次，模型又新增餐次；当前合并逻辑只增不减。；候选含 4 个及以上餐次，硬过滤时区分度过低。；仅被标成点心/甜品/饮品，却带午餐或晚餐，可能被当成整餐推荐。,只审核新增餐次，不要把合并结果直接批量批准。；逐项确认并删除不构成真实推荐场景的餐次。；核对原 label；必要时删除正餐标签，或由查询侧增加菜品类型约束。,pending,,
P0,NON_DISH_PROFILE,977,花甲蒸烤同烹,meal_bundle,晚餐,晚餐,,主菜,辣|清淡|香辣|咸鲜,,该记录不是单道菜，不应进入菜品画像审批或菜品向量库。,从画像审批清单排除，不写入正式 recipe_profile_enrichment。,pending,,
P0,NON_DISH_PROFILE,983,炸酱面酱,preparation,,午餐|晚餐,午餐|晚餐,酱料,咸鲜,,该记录不是单道菜，不应进入菜品画像审批或菜品向量库。,从画像审批清单排除，不写入正式 recipe_profile_enrichment。,pending,,
P0,NON_DISH_PROFILE,984,黑芝麻丸,preparation,下午茶,下午茶,,点心,甜,儿童|老人,该记录不是单道菜，不应进入菜品画像审批或菜品向量库。,从画像审批清单排除，不写入正式 recipe_profile_enrichment。,pending,,
P0,MEAL_ADDITION_ON_LABELED|MEAL_TAGS_4_PLUS|REGULAR_MEAL_ON_DESSERT_DRINK,991,黄金南瓜饼,dish,早餐|午餐|晚餐,早餐|午餐|晚餐|下午茶,下午茶,点心|甜品,甜,老人,原始 label 已有餐次，模型又新增餐次；当前合并逻辑只增不减。；候选含 4 个及以上餐次，硬过滤时区分度过低。；仅被标成点心/甜品/饮品，却带午餐或晚餐，可能被当成整餐推荐。,只审核新增餐次，不要把合并结果直接批量批准。；逐项确认并删除不构成真实推荐场景的餐次。；核对原 label；必要时删除正餐标签，或由查询侧增加菜品类型约束。,pending,,
P0,NON_DISH_PROFILE,993,奶油打发,cooking_program,,下午茶,下午茶,酱料,甜|奶香,,该记录不是单道菜，不应进入菜品画像审批或菜品向量库。,从画像审批清单排除，不写入正式 recipe_profile_enrichment。,pending,,
P0,MEAL_ADDITION_ON_LABELED|REGULAR_MEAL_ON_DESSERT_DRINK,1007,蓝莓山药小丸子,dish,午餐|晚餐,午餐|晚餐|下午茶,下午茶,点心|甜品,甜,儿童|老人,原始 label 已有餐次，模型又新增餐次；当前合并逻辑只增不减。；仅被标成点心/甜品/饮品，却带午餐或晚餐，可能被当成整餐推荐。,只审核新增餐次，不要把合并结果直接批量批准。；核对原 label；必要时删除正餐标签，或由查询侧增加菜品类型约束。,pending,,
P0,REGULAR_MEAL_ON_DESSERT_DRINK,1019,南瓜饼,dish,早餐|午餐|晚餐,早餐|午餐|晚餐,,点心,甜,儿童|老人,仅被标成点心/甜品/饮品，却带午餐或晚餐，可能被当成整餐推荐。,核对原 label；必要时删除正餐标签，或由查询侧增加菜品类型约束。,pending,,
P0,REGULAR_MEAL_ON_DESSERT_DRINK,1022,黄精玉竹茶,dish,下午茶|晚餐,下午茶|晚餐,,饮品,清淡,,仅被标成点心/甜品/饮品，却带午餐或晚餐，可能被当成整餐推荐。,核对原 label；必要时删除正餐标签，或由查询侧增加菜品类型约束。,pending,,
P0,REGULAR_MEAL_ON_DESSERT_DRINK,1032,蔓越莓绿豆月饼,dish,下午茶|晚餐,下午茶|晚餐,,点心|甜品,酸|甜|酸甜,儿童,仅被标成点心/甜品/饮品，却带午餐或晚餐，可能被当成整餐推荐。,核对原 label；必要时删除正餐标签，或由查询侧增加菜品类型约束。,pending,,
P0,NON_DISH_PROFILE,1043,测试菜,test_record,,午餐|晚餐,午餐|晚餐,主菜,咸鲜,,该记录不是单道菜，不应进入菜品画像审批或菜品向量库。,从画像审批清单排除，不写入正式 recipe_profile_enrichment。,pending,,
P0,MEAL_MODEL_ONLY|NIGHT_SNACK_MODEL_ADDED,1047,冰糖烤梨,dish,,下午茶|夜宵,下午茶|夜宵,甜品|点心,甜,,原始 label 没有餐次，候选餐次完全由模型生成。；夜宵标签不在原始 label 中，由模型新增，需单独确认。,按菜名、食材和步骤确认全部候选餐次。；仅在菜品明显适合作为夜宵时保留。,pending,,
P0,NON_DISH_PROFILE,1053,68℃慢煮,cooking_program,晚餐,晚餐,,主菜,清淡,,该记录不是单道菜，不应进入菜品画像审批或菜品向量库。,从画像审批清单排除，不写入正式 recipe_profile_enrichment。,pending,,
P0,MEAL_TAGS_4_PLUS,1063,蛋挞披萨,dish,早餐|午餐|晚餐|下午茶,早餐|午餐|晚餐|下午茶,,点心|小吃,甜|咸鲜,儿童,候选含 4 个及以上餐次，硬过滤时区分度过低。,逐项确认并删除不构成真实推荐场景的餐次。,pending,,
P0,REGULAR_MEAL_ON_DESSERT_DRINK,1064,蛋白薄脆饼,dish,下午茶|晚餐,下午茶|晚餐,,点心,甜,,仅被标成点心/甜品/饮品，却带午餐或晚餐，可能被当成整餐推荐。,核对原 label；必要时删除正餐标签，或由查询侧增加菜品类型约束。,pending,,
P0,REGULAR_MEAL_ON_DESSERT_DRINK,1083,香葱黄油饼干,dish,下午茶|晚餐,下午茶|晚餐,,点心,甜|咸鲜,,仅被标成点心/甜品/饮品，却带午餐或晚餐，可能被当成整餐推荐。,核对原 label；必要时删除正餐标签，或由查询侧增加菜品类型约束。,pending,,
P0,NON_DISH_PROFILE,1086,奶酪棒,preparation,早餐|下午茶,早餐|下午茶,,点心,酸|甜,儿童,该记录不是单道菜，不应进入菜品画像审批或菜品向量库。,从画像审批清单排除，不写入正式 recipe_profile_enrichment。,pending,,
P0,REGULAR_MEAL_ON_DESSERT_DRINK,1100,蒸鹅蛋,dish,早餐|午餐|晚餐,早餐|午餐|晚餐,,点心,清淡|奶香|甜,儿童|老人,仅被标成点心/甜品/饮品，却带午餐或晚餐，可能被当成整餐推荐。,核对原 label；必要时删除正餐标签，或由查询侧增加菜品类型约束。,pending,,
P0,MEAL_ADDITION_ON_LABELED|MEAL_TAGS_4_PLUS|REGULAR_MEAL_ON_DESSERT_DRINK,1116,无糖牛奶蒸蛋,dish,早餐|午餐|晚餐,早餐|午餐|晚餐|下午茶,下午茶,点心,清淡|奶香,儿童,原始 label 已有餐次，模型又新增餐次；当前合并逻辑只增不减。；候选含 4 个及以上餐次，硬过滤时区分度过低。；仅被标成点心/甜品/饮品，却带午餐或晚餐，可能被当成整餐推荐。,只审核新增餐次，不要把合并结果直接批量批准。；逐项确认并删除不构成真实推荐场景的餐次。；核对原 label；必要时删除正餐标签，或由查询侧增加菜品类型约束。,pending,,
P0,MEAL_TAGS_4_PLUS|AFTERNOON_TEA_ON_MEAL_COMPONENT,1118,萝卜条,dish,早餐|午餐|晚餐|下午茶,早餐|午餐|晚餐|下午茶,,配菜,酸|辣,儿童|老人,候选含 4 个及以上餐次，硬过滤时区分度过低。；仅被标成主菜/配菜/汤羹，却带下午茶，语义可能冲突。,逐项确认并删除不构成真实推荐场景的餐次。；按实际食用场景确认下午茶标签。,pending,,
P0,NON_DISH_PROFILE,1131,虾干,preparation,下午茶,下午茶|晚餐,晚餐,小吃,咸鲜,儿童|老人,该记录不是单道菜，不应进入菜品画像审批或菜品向量库。,从画像审批清单排除，不写入正式 recipe_profile_enrichment。,pending,,
P0,MEAL_ADDITION_ON_LABELED|NIGHT_SNACK_MODEL_ADDED,1132,美式薯条,dish,下午茶,下午茶|夜宵,夜宵,小吃,咸鲜,儿童,原始 label 已有餐次，模型又新增餐次；当前合并逻辑只增不减。；夜宵标签不在原始 label 中，由模型新增，需单独确认。,只审核新增餐次，不要把合并结果直接批量批准。；仅在菜品明显适合作为夜宵时保留。,pending,,
P0,NON_DISH_PROFILE,1138,红糖姜片,preparation,下午茶|晚餐,下午茶|晚餐,,小吃|甜品,甜|辣,老人,该记录不是单道菜，不应进入菜品画像审批或菜品向量库。,从画像审批清单排除，不写入正式 recipe_profile_enrichment。,pending,,
P0,MEAL_ADDITION_ON_LABELED|MEAL_TAGS_4_PLUS|NIGHT_SNACK_MODEL_ADDED,1145,老陈皮百合山药炖银耳,dish,午餐|晚餐,午餐|晚餐|下午茶|夜宵,下午茶|夜宵,甜品|汤羹,甜|清淡,老人,原始 label 已有餐次，模型又新增餐次；当前合并逻辑只增不减。；候选含 4 个及以上餐次，硬过滤时区分度过低。；夜宵标签不在原始 label 中，由模型新增，需单独确认。,只审核新增餐次，不要把合并结果直接批量批准。；逐项确认并删除不构成真实推荐场景的餐次。；仅在菜品明显适合作为夜宵时保留。,pending,,
P0,AFTERNOON_TEA_ON_MEAL_COMPONENT,1150,法式千层土豆,dish,午餐|晚餐|下午茶,午餐|晚餐|下午茶,,主菜|配菜,辣|奶香|咸鲜,老人,仅被标成主菜/配菜/汤羹，却带下午茶，语义可能冲突。,按实际食用场景确认下午茶标签。,pending,,
P0,NON_DISH_PROFILE,1151,气电灶测试菜谱,test_record,,下午茶,下午茶,甜品,清淡|甜,,该记录不是单道菜，不应进入菜品画像审批或菜品向量库。,从画像审批清单排除，不写入正式 recipe_profile_enrichment。,pending,,
P0,NON_DISH_PROFILE,1156,手擀面团,preparation,,早餐|午餐|晚餐,早餐|午餐|晚餐,面食,清淡,,该记录不是单道菜，不应进入菜品画像审批或菜品向量库。,从画像审批清单排除，不写入正式 recipe_profile_enrichment。,pending,,
P0,AFTERNOON_TEA_ON_MEAL_COMPONENT,1161,柠檬鸡翅,dish,午餐|晚餐|下午茶,午餐|晚餐|下午茶,,主菜,酸|辣|咸鲜,儿童,仅被标成主菜/配菜/汤羹，却带下午茶，语义可能冲突。,按实际食用场景确认下午茶标签。,pending,,
P0,REGULAR_MEAL_ON_DESSERT_DRINK,1173,姜枣桂圆茶,dish,下午茶|晚餐,下午茶|晚餐,,饮品,甜,,仅被标成点心/甜品/饮品，却带午餐或晚餐，可能被当成整餐推荐。,核对原 label；必要时删除正餐标签，或由查询侧增加菜品类型约束。,pending,,
P0,MEAL_ADDITION_ON_LABELED|MEAL_TAGS_4_PLUS|NIGHT_SNACK_MODEL_ADDED,1196,红豆薏仁龙眼汤,dish,午餐|晚餐,午餐|晚餐|下午茶|夜宵,下午茶|夜宵,甜品|汤羹,甜|清淡,老人,原始 label 已有餐次，模型又新增餐次；当前合并逻辑只增不减。；候选含 4 个及以上餐次，硬过滤时区分度过低。；夜宵标签不在原始 label 中，由模型新增，需单独确认。,只审核新增餐次，不要把合并结果直接批量批准。；逐项确认并删除不构成真实推荐场景的餐次。；仅在菜品明显适合作为夜宵时保留。,pending,,
P0,MEAL_ADDITION_ON_LABELED|MEAL_TAGS_4_PLUS|NIGHT_SNACK_MODEL_ADDED,1200,桃胶炖鲜奶,dish,早餐|午餐|晚餐|下午茶,早餐|午餐|晚餐|下午茶|夜宵,夜宵,甜品|汤羹,甜|奶香,儿童|老人,原始 label 已有餐次，模型又新增餐次；当前合并逻辑只增不减。；候选含 4 个及以上餐次，硬过滤时区分度过低。；夜宵标签不在原始 label 中，由模型新增，需单独确认。,只审核新增餐次，不要把合并结果直接批量批准。；逐项确认并删除不构成真实推荐场景的餐次。；仅在菜品明显适合作为夜宵时保留。,pending,,
P0,MEAL_TAGS_4_PLUS,1207,青酱意面,dish,早餐|午餐|晚餐|下午茶,早餐|午餐|晚餐|下午茶,,主食,清淡|酸|咸鲜,,候选含 4 个及以上餐次，硬过滤时区分度过低。,逐项确认并删除不构成真实推荐场景的餐次。,pending,,
P0,NON_DISH_PROFILE,1228,凯撒酱,preparation,早餐|下午茶,早餐|下午茶,,酱料,酸|甜,,该记录不是单道菜，不应进入菜品画像审批或菜品向量库。,从画像审批清单排除，不写入正式 recipe_profile_enrichment。,pending,,
P0,MEAL_ADDITION_ON_LABELED|NIGHT_SNACK_MODEL_ADDED,1252,汤圆,dish,早餐|下午茶,早餐|下午茶|夜宵,夜宵,点心|甜品,甜,儿童|老人,原始 label 已有餐次，模型又新增餐次；当前合并逻辑只增不减。；夜宵标签不在原始 label 中，由模型新增，需单独确认。,只审核新增餐次，不要把合并结果直接批量批准。；仅在菜品明显适合作为夜宵时保留。,pending,,
P0,NON_DISH_PROFILE,1274,锡纸盒豆腐&钵仔糕同烹,meal_bundle,晚餐,晚餐,,主菜|点心,清淡|咸鲜|辣|甜,儿童|老人,该记录不是单道菜，不应进入菜品画像审批或菜品向量库。,从画像审批清单排除，不写入正式 recipe_profile_enrichment。,pending,,
P0,MEAL_ADDITION_ON_LABELED|MEAL_TAGS_4_PLUS|REGULAR_MEAL_ON_DESSERT_DRINK,1287,发糕,dish,早餐|午餐|晚餐,早餐|午餐|晚餐|下午茶,下午茶,点心|甜品,甜,儿童|老人,原始 label 已有餐次，模型又新增餐次；当前合并逻辑只增不减。；候选含 4 个及以上餐次，硬过滤时区分度过低。；仅被标成点心/甜品/饮品，却带午餐或晚餐，可能被当成整餐推荐。,只审核新增餐次，不要把合并结果直接批量批准。；逐项确认并删除不构成真实推荐场景的餐次。；核对原 label；必要时删除正餐标签，或由查询侧增加菜品类型约束。,pending,,
P0,MEAL_MODEL_ONLY|MEAL_TAGS_4_PLUS,1293,冷冻虾饺,dish,,早餐|午餐|晚餐|下午茶,早餐|午餐|晚餐|下午茶,点心|小吃,咸鲜|鲜香,,原始 label 没有餐次，候选餐次完全由模型生成。；候选含 4 个及以上餐次，硬过滤时区分度过低。,按菜名、食材和步骤确认全部候选餐次。；逐项确认并删除不构成真实推荐场景的餐次。,pending,,
P0,NON_DISH_PROFILE,1297,蛋白糖霜,preparation,,下午茶,下午茶,酱料|甜品,甜|酸,,该记录不是单道菜，不应进入菜品画像审批或菜品向量库。,从画像审批清单排除，不写入正式 recipe_profile_enrichment。,pending,,
P0,MEAL_ADDITION_ON_LABELED|MEAL_TAGS_4_PLUS|NIGHT_SNACK_MODEL_ADDED|REGULAR_MEAL_ON_DESSERT_DRINK,1298,绿豆汤,dish,午餐|晚餐|下午茶,午餐|晚餐|下午茶|夜宵,夜宵,饮品|甜品,甜|清淡,儿童|老人,原始 label 已有餐次，模型又新增餐次；当前合并逻辑只增不减。；候选含 4 个及以上餐次，硬过滤时区分度过低。；夜宵标签不在原始 label 中，由模型新增，需单独确认。；仅被标成点心/甜品/饮品，却带午餐或晚餐，可能被当成整餐推荐。,只审核新增餐次，不要把合并结果直接批量批准。；逐项确认并删除不构成真实推荐场景的餐次。；仅在菜品明显适合作为夜宵时保留。；核对原 label；必要时删除正餐标签，或由查询侧增加菜品类型约束。,pending,,
P0,MEAL_TAGS_4_PLUS|REGULAR_MEAL_ON_DESSERT_DRINK,1310,果味山药,dish,早餐|午餐|晚餐|下午茶,早餐|午餐|晚餐|下午茶,,甜品|点心,酸|甜|酸甜,儿童,候选含 4 个及以上餐次，硬过滤时区分度过低。；仅被标成点心/甜品/饮品，却带午餐或晚餐，可能被当成整餐推荐。,逐项确认并删除不构成真实推荐场景的餐次。；核对原 label；必要时删除正餐标签，或由查询侧增加菜品类型约束。,pending,,
P0,NON_DISH_PROFILE,1312,照烧汁,preparation,,午餐|晚餐,午餐|晚餐,酱料,咸鲜,,该记录不是单道菜，不应进入菜品画像审批或菜品向量库。,从画像审批清单排除，不写入正式 recipe_profile_enrichment。,pending,,
P0,MEAL_TAGS_4_PLUS,1314,狗不理包子,dish,早餐|午餐|晚餐|下午茶,早餐|午餐|晚餐|下午茶,,主食|面食,清淡|咸鲜,,候选含 4 个及以上餐次，硬过滤时区分度过低。,逐项确认并删除不构成真实推荐场景的餐次。,pending,,
P0,MEAL_ADDITION_ON_LABELED|REGULAR_MEAL_ON_DESSERT_DRINK,1316,玛格丽特,dish,晚餐,晚餐|下午茶,下午茶,点心,酸|甜|奶香,儿童,原始 label 已有餐次，模型又新增餐次；当前合并逻辑只增不减。；仅被标成点心/甜品/饮品，却带午餐或晚餐，可能被当成整餐推荐。,只审核新增餐次，不要把合并结果直接批量批准。；核对原 label；必要时删除正餐标签，或由查询侧增加菜品类型约束。,pending,,
P0,NON_DISH_PROFILE,1322,蒜泥,preparation,,午餐|晚餐,午餐|晚餐,酱料,辣,,该记录不是单道菜，不应进入菜品画像审批或菜品向量库。,从画像审批清单排除，不写入正式 recipe_profile_enrichment。,pending,,
P0,MEAL_TAGS_4_PLUS|REGULAR_MEAL_ON_DESSERT_DRINK,1334,小米蔬菜糕,dish,早餐|午餐|晚餐|下午茶,早餐|午餐|晚餐|下午茶,,点心,清淡,儿童|老人,候选含 4 个及以上餐次，硬过滤时区分度过低。；仅被标成点心/甜品/饮品，却带午餐或晚餐，可能被当成整餐推荐。,逐项确认并删除不构成真实推荐场景的餐次。；核对原 label；必要时删除正餐标签，或由查询侧增加菜品类型约束。,pending,,
P0,MEAL_ADDITION_ON_LABELED|REGULAR_MEAL_ON_DESSERT_DRINK,1336,蓝莓山药泥,dish,午餐|晚餐,午餐|晚餐|下午茶,下午茶,甜品,酸|甜|酸甜,儿童|老人,原始 label 已有餐次，模型又新增餐次；当前合并逻辑只增不减。；仅被标成点心/甜品/饮品，却带午餐或晚餐，可能被当成整餐推荐。,只审核新增餐次，不要把合并结果直接批量批准。；核对原 label；必要时删除正餐标签，或由查询侧增加菜品类型约束。,pending,,
P0,MEAL_ADDITION_ON_LABELED|AFTERNOON_TEA_ON_MEAL_COMPONENT,1338,福州鱼丸,dish,下午茶,下午茶|午餐|晚餐,午餐|晚餐,主菜|汤羹,清淡|咸鲜,儿童|老人,原始 label 已有餐次，模型又新增餐次；当前合并逻辑只增不减。；仅被标成主菜/配菜/汤羹，却带下午茶，语义可能冲突。,只审核新增餐次，不要把合并结果直接批量批准。；按实际食用场景确认下午茶标签。,pending,,
P0,MEAL_ADDITION_ON_LABELED|MEAL_TAGS_4_PLUS|NIGHT_SNACK_MODEL_ADDED,1350,红豆薏仁龙眼汤,dish,午餐|晚餐,午餐|晚餐|下午茶|夜宵,下午茶|夜宵,甜品|汤羹,甜|清淡,老人,原始 label 已有餐次，模型又新增餐次；当前合并逻辑只增不减。；候选含 4 个及以上餐次，硬过滤时区分度过低。；夜宵标签不在原始 label 中，由模型新增，需单独确认。,只审核新增餐次，不要把合并结果直接批量批准。；逐项确认并删除不构成真实推荐场景的餐次。；仅在菜品明显适合作为夜宵时保留。,pending,,
P0,MEAL_ADDITION_ON_LABELED|AFTERNOON_TEA_ON_MEAL_COMPONENT,1371,孜然鸡脆骨,dish,下午茶,下午茶|午餐|晚餐,午餐|晚餐,主菜,辣|香辣,儿童|老人,原始 label 已有餐次，模型又新增餐次；当前合并逻辑只增不减。；仅被标成主菜/配菜/汤羹，却带下午茶，语义可能冲突。,只审核新增餐次，不要把合并结果直接批量批准。；按实际食用场景确认下午茶标签。,pending,,
P0,NON_DISH_PROFILE,1381,果蔬清洗,cooking_program,早餐|午餐|晚餐|下午茶,早餐|午餐|晚餐|下午茶,,饮品,酸|甜|辣|清淡,,该记录不是单道菜，不应进入菜品画像审批或菜品向量库。,从画像审批清单排除，不写入正式 recipe_profile_enrichment。,pending,,
P0,REGULAR_MEAL_ON_DESSERT_DRINK,1382,冰糖炖燕窝,dish,早餐|晚餐,早餐|晚餐,,甜品,甜,,仅被标成点心/甜品/饮品，却带午餐或晚餐，可能被当成整餐推荐。,核对原 label；必要时删除正餐标签，或由查询侧增加菜品类型约束。,pending,,
P0,REGULAR_MEAL_ON_DESSERT_DRINK,1400,钵仔糕,dish,下午茶|晚餐,下午茶|晚餐,,点心,甜,儿童,仅被标成点心/甜品/饮品，却带午餐或晚餐，可能被当成整餐推荐。,核对原 label；必要时删除正餐标签，或由查询侧增加菜品类型约束。,pending,,
P0,NON_DISH_PROFILE,1416,蒜油,preparation,午餐|晚餐,午餐|晚餐,,酱料,清淡|咸鲜,,该记录不是单道菜，不应进入菜品画像审批或菜品向量库。,从画像审批清单排除，不写入正式 recipe_profile_enrichment。,pending,,
P0,NON_DISH_PROFILE,1417,颠勺,cooking_program,午餐|晚餐,午餐|晚餐,,主菜,清淡,儿童|老人,该记录不是单道菜，不应进入菜品画像审批或菜品向量库。,从画像审批清单排除，不写入正式 recipe_profile_enrichment。,pending,,
P0,MEAL_TAGS_4_PLUS,1429,水晶虾饺,dish,早餐|午餐|晚餐|下午茶,早餐|午餐|晚餐|下午茶,,点心|主食,清淡|咸鲜,,候选含 4 个及以上餐次，硬过滤时区分度过低。,逐项确认并删除不构成真实推荐场景的餐次。,pending,,
P0,MEAL_ADDITION_ON_LABELED|MEAL_TAGS_4_PLUS|AFTERNOON_TEA_ON_MEAL_COMPONENT|TASTE_LIGHT_SPICY_CONFLICT,1433,清蒸白萝卜,dish,早餐|下午茶,早餐|下午茶|午餐|晚餐,午餐|晚餐,配菜,清淡|咸鲜|辣,儿童|老人,原始 label 已有餐次，模型又新增餐次；当前合并逻辑只增不减。；候选含 4 个及以上餐次，硬过滤时区分度过低。；仅被标成主菜/配菜/汤羹，却带下午茶，语义可能冲突。；同时含清淡与辣/麻辣/香辣，可能来自原标签与模型合并冲突。,只审核新增餐次，不要把合并结果直接批量批准。；逐项确认并删除不构成真实推荐场景的餐次。；按实际食用场景确认下午茶标签。；区分成品主口味与可选蘸料后再决定。,pending,,
P0,NON_DISH_PROFILE,1439,花生酱,preparation,早餐,早餐,,酱料,甜|咸鲜,儿童,该记录不是单道菜，不应进入菜品画像审批或菜品向量库。,从画像审批清单排除，不写入正式 recipe_profile_enrichment。,pending,,
P0,NON_DISH_PROFILE,1462,亲朋欢聚套餐,meal_bundle,,午餐|晚餐,午餐|晚餐,主菜|主食|配菜,咸鲜|香辣,,该记录不是单道菜，不应进入菜品画像审批或菜品向量库。,从画像审批清单排除，不写入正式 recipe_profile_enrichment。,pending,,
P0,MEAL_ADDITION_ON_LABELED|NIGHT_SNACK_MODEL_ADDED,1465,武汉拌毛豆,dish,晚餐,晚餐|夜宵,夜宵,小吃|配菜,酸|辣|香辣,,原始 label 已有餐次，模型又新增餐次；当前合并逻辑只增不减。；夜宵标签不在原始 label 中，由模型新增，需单独确认。,只审核新增餐次，不要把合并结果直接批量批准。；仅在菜品明显适合作为夜宵时保留。,pending,,
P0,NON_DISH_PROFILE,1474,鳕鱼蒸烤同烹,meal_bundle,午餐|晚餐,午餐|晚餐,,主菜,清淡|咸鲜,,该记录不是单道菜，不应进入菜品画像审批或菜品向量库。,从画像审批清单排除，不写入正式 recipe_profile_enrichment。,pending,,
P0,MEAL_TAGS_4_PLUS,1479,柳叶蒸饺,dish,早餐|午餐|晚餐|下午茶,早餐|午餐|晚餐|下午茶,,主食|面食,清淡|咸鲜,,候选含 4 个及以上餐次，硬过滤时区分度过低。,逐项确认并删除不构成真实推荐场景的餐次。,pending,,
P0,MEAL_TAGS_4_PLUS,1485,香滑红豆薏仁牛奶粥,dish,早餐|午餐|晚餐|下午茶,早餐|午餐|晚餐|下午茶,,粥|甜品,甜|清淡|奶香,老人,候选含 4 个及以上餐次，硬过滤时区分度过低。,逐项确认并删除不构成真实推荐场景的餐次。,pending,,
P0,MEAL_ADDITION_ON_LABELED|NIGHT_SNACK_MODEL_ADDED,1501,卤煮小龙虾,dish,晚餐,晚餐|夜宵,夜宵,主菜|小吃,咸鲜|香辣,儿童,原始 label 已有餐次，模型又新增餐次；当前合并逻辑只增不减。；夜宵标签不在原始 label 中，由模型新增，需单独确认。,只审核新增餐次，不要把合并结果直接批量批准。；仅在菜品明显适合作为夜宵时保留。,pending,,
P0,NON_DISH_PROFILE,1503,59℃慢煮,cooking_program,晚餐,晚餐,,主菜,酸|甜|辣|清淡,,该记录不是单道菜，不应进入菜品画像审批或菜品向量库。,从画像审批清单排除，不写入正式 recipe_profile_enrichment。,pending,,
P0,MEAL_ADDITION_ON_LABELED|REGULAR_MEAL_ON_DESSERT_DRINK,1506,玫瑰山药,dish,午餐|晚餐,午餐|晚餐|下午茶,下午茶,点心|甜品,甜,老人,原始 label 已有餐次，模型又新增餐次；当前合并逻辑只增不减。；仅被标成点心/甜品/饮品，却带午餐或晚餐，可能被当成整餐推荐。,只审核新增餐次，不要把合并结果直接批量批准。；核对原 label；必要时删除正餐标签，或由查询侧增加菜品类型约束。,pending,,
P0,NON_DISH_PROFILE,1507,印度烤馕面团,preparation,早餐|午餐|晚餐,早餐|午餐|晚餐,,主食,酸|辣,,该记录不是单道菜，不应进入菜品画像审批或菜品向量库。,从画像审批清单排除，不写入正式 recipe_profile_enrichment。,pending,,
P0,REGULAR_MEAL_ON_DESSERT_DRINK,1510,榴莲酸奶冰淇淋,dish,下午茶|晚餐,下午茶|晚餐,,甜品|饮品,甜|酸|奶香,儿童,仅被标成点心/甜品/饮品，却带午餐或晚餐，可能被当成整餐推荐。,核对原 label；必要时删除正餐标签，或由查询侧增加菜品类型约束。,pending,,
P0,NON_DISH_PROFILE,1513,二人食 | 30分钟三菜一汤,meal_bundle,,午餐|晚餐,午餐|晚餐,主食|主菜|汤羹|配菜,咸鲜|清淡,,该记录不是单道菜，不应进入菜品画像审批或菜品向量库。,从画像审批清单排除，不写入正式 recipe_profile_enrichment。,pending,,
P0,REGULAR_MEAL_ON_DESSERT_DRINK,1523,艾窝窝,dish,下午茶|晚餐,下午茶|晚餐,,点心,甜,儿童|老人,仅被标成点心/甜品/饮品，却带午餐或晚餐，可能被当成整餐推荐。,核对原 label；必要时删除正餐标签，或由查询侧增加菜品类型约束。,pending,,
P0,MEAL_MODEL_ONLY|NIGHT_SNACK_MODEL_ADDED,1528,芝士焗榴莲,dish,,下午茶|夜宵,下午茶|夜宵,点心|甜品,甜|奶香,,原始 label 没有餐次，候选餐次完全由模型生成。；夜宵标签不在原始 label 中，由模型新增，需单独确认。,按菜名、食材和步骤确认全部候选餐次。；仅在菜品明显适合作为夜宵时保留。,pending,,
P0,MEAL_TAGS_4_PLUS|REGULAR_MEAL_ON_DESSERT_DRINK,1529,姜汁调蛋,dish,早餐|午餐|晚餐|下午茶,早餐|午餐|晚餐|下午茶,,甜品|点心,酸|甜|清淡,儿童|老人,候选含 4 个及以上餐次，硬过滤时区分度过低。；仅被标成点心/甜品/饮品，却带午餐或晚餐，可能被当成整餐推荐。,逐项确认并删除不构成真实推荐场景的餐次。；核对原 label；必要时删除正餐标签，或由查询侧增加菜品类型约束。,pending,,
P0,NON_DISH_PROFILE,1534,韩式辣椒酱,preparation,早餐|下午茶,早餐|下午茶,,酱料,辣|酸甜,,该记录不是单道菜，不应进入菜品画像审批或菜品向量库。,从画像审批清单排除，不写入正式 recipe_profile_enrichment。,pending,,
P0,NON_DISH_PROFILE,1552,家庭汉堡套餐,meal_bundle,午餐|晚餐,午餐|晚餐,,主食|主菜,咸鲜|奶香,儿童,该记录不是单道菜，不应进入菜品画像审批或菜品向量库。,从画像审批清单排除，不写入正式 recipe_profile_enrichment。,pending,,
P0,MEAL_ADDITION_ON_LABELED|REGULAR_MEAL_ON_DESSERT_DRINK,1565,鹌鹑蛋烧卖,dish,早餐,早餐|午餐,午餐,点心,咸鲜,儿童,原始 label 已有餐次，模型又新增餐次；当前合并逻辑只增不减。；仅被标成点心/甜品/饮品，却带午餐或晚餐，可能被当成整餐推荐。,只审核新增餐次，不要把合并结果直接批量批准。；核对原 label；必要时删除正餐标签，或由查询侧增加菜品类型约束。,pending,,
P0,NON_DISH_PROFILE,1571,皮冻,preparation,午餐|晚餐,午餐|晚餐,,配菜,清淡|咸鲜,,该记录不是单道菜，不应进入菜品画像审批或菜品向量库。,从画像审批清单排除，不写入正式 recipe_profile_enrichment。,pending,,
P0,NON_DISH_PROFILE,1579,停刀烧煮,cooking_program,午餐|晚餐,午餐|晚餐,,主菜,辣,儿童,该记录不是单道菜，不应进入菜品画像审批或菜品向量库。,从画像审批清单排除，不写入正式 recipe_profile_enrichment。,pending,,
P0,MEAL_TAGS_4_PLUS|TASTE_LIGHT_SPICY_CONFLICT,1582,荷叶夹,dish,早餐|午餐|晚餐|下午茶,早餐|午餐|晚餐|下午茶,,面食|主食,酸|甜|辣|清淡,,候选含 4 个及以上餐次，硬过滤时区分度过低。；同时含清淡与辣/麻辣/香辣，可能来自原标签与模型合并冲突。,逐项确认并删除不构成真实推荐场景的餐次。；区分成品主口味与可选蘸料后再决定。,pending,,
P0,REGULAR_MEAL_ON_DESSERT_DRINK,1606,黑豆酿梨,dish,午餐|晚餐|下午茶,午餐|晚餐|下午茶,,甜品|点心,甜,儿童|老人,仅被标成点心/甜品/饮品，却带午餐或晚餐，可能被当成整餐推荐。,核对原 label；必要时删除正餐标签，或由查询侧增加菜品类型约束。,pending,,
P0,MEAL_ADDITION_ON_LABELED|MEAL_TAGS_4_PLUS|NIGHT_SNACK_MODEL_ADDED|REGULAR_MEAL_ON_DESSERT_DRINK,1625,澳洲红酒香梨,dish,午餐|晚餐,午餐|晚餐|下午茶|夜宵,下午茶|夜宵,甜品|饮品,甜|酸,,原始 label 已有餐次，模型又新增餐次；当前合并逻辑只增不减。；候选含 4 个及以上餐次，硬过滤时区分度过低。；夜宵标签不在原始 label 中，由模型新增，需单独确认。；仅被标成点心/甜品/饮品，却带午餐或晚餐，可能被当成整餐推荐。,只审核新增餐次，不要把合并结果直接批量批准。；逐项确认并删除不构成真实推荐场景的餐次。；仅在菜品明显适合作为夜宵时保留。；核对原 label；必要时删除正餐标签，或由查询侧增加菜品类型约束。,pending,,
P0,NON_DISH_PROFILE,1628,牛排套餐,meal_bundle,午餐|晚餐,午餐|晚餐,,主菜,咸鲜,,该记录不是单道菜，不应进入菜品画像审批或菜品向量库。,从画像审批清单排除，不写入正式 recipe_profile_enrichment。,pending,,
P0,MEAL_ADDITION_ON_LABELED|MEAL_TAGS_4_PLUS|NIGHT_SNACK_MODEL_ADDED|REGULAR_MEAL_ON_DESSERT_DRINK,1641,团团圆圆—南瓜汤圆,dish,早餐|午餐|晚餐|下午茶,早餐|午餐|晚餐|下午茶|夜宵,夜宵,点心|甜品,甜,儿童|老人,原始 label 已有餐次，模型又新增餐次；当前合并逻辑只增不减。；候选含 4 个及以上餐次，硬过滤时区分度过低。；夜宵标签不在原始 label 中，由模型新增，需单独确认。；仅被标成点心/甜品/饮品，却带午餐或晚餐，可能被当成整餐推荐。,只审核新增餐次，不要把合并结果直接批量批准。；逐项确认并删除不构成真实推荐场景的餐次。；仅在菜品明显适合作为夜宵时保留。；核对原 label；必要时删除正餐标签，或由查询侧增加菜品类型约束。,pending,,
P0,REGULAR_MEAL_ON_DESSERT_DRINK,1652,鲜虾粉果,dish,午餐|晚餐,午餐|晚餐,,点心,清淡|咸鲜,,仅被标成点心/甜品/饮品，却带午餐或晚餐，可能被当成整餐推荐。,核对原 label；必要时删除正餐标签，或由查询侧增加菜品类型约束。,pending,,
P0,REGULAR_MEAL_ON_DESSERT_DRINK,1669,芝士火腿爆浆吐司,dish,早餐|晚餐|下午茶,早餐|晚餐|下午茶,,点心,咸鲜|奶香,儿童,仅被标成点心/甜品/饮品，却带午餐或晚餐，可能被当成整餐推荐。,核对原 label；必要时删除正餐标签，或由查询侧增加菜品类型约束。,pending,,
P0,MEAL_ADDITION_ON_LABELED|REGULAR_MEAL_ON_DESSERT_DRINK,1682,玉米芝士焗地瓜,dish,午餐|晚餐,午餐|晚餐|下午茶,下午茶,点心|甜品,甜|奶香,儿童,原始 label 已有餐次，模型又新增餐次；当前合并逻辑只增不减。；仅被标成点心/甜品/饮品，却带午餐或晚餐，可能被当成整餐推荐。,只审核新增餐次，不要把合并结果直接批量批准。；核对原 label；必要时删除正餐标签，或由查询侧增加菜品类型约束。,pending,,
P0,MEAL_TAGS_4_PLUS|REGULAR_MEAL_ON_DESSERT_DRINK,1688,果蔬汁,dish,早餐|午餐|晚餐|下午茶,早餐|午餐|晚餐|下午茶,,饮品,清淡|甜,儿童|老人,候选含 4 个及以上餐次，硬过滤时区分度过低。；仅被标成点心/甜品/饮品，却带午餐或晚餐，可能被当成整餐推荐。,逐项确认并删除不构成真实推荐场景的餐次。；核对原 label；必要时删除正餐标签，或由查询侧增加菜品类型约束。,pending,,
P0,NON_DISH_PROFILE,1693,豆沙馅,preparation,早餐|下午茶,早餐|下午茶,,甜品|酱料,甜,儿童|老人,该记录不是单道菜，不应进入菜品画像审批或菜品向量库。,从画像审批清单排除，不写入正式 recipe_profile_enrichment。,pending,,
P0,NON_DISH_PROFILE,1694,烫面春饼面团,preparation,早餐|午餐|晚餐|下午茶,早餐|午餐|晚餐|下午茶,,主食|面食,清淡,,该记录不是单道菜，不应进入菜品画像审批或菜品向量库。,从画像审批清单排除，不写入正式 recipe_profile_enrichment。,pending,,
P0,MEAL_MODEL_ONLY|NIGHT_SNACK_MODEL_ADDED,1706,冷冻甘薯薯条,dish,,下午茶|夜宵,下午茶|夜宵,小吃,咸鲜,,原始 label 没有餐次，候选餐次完全由模型生成。；夜宵标签不在原始 label 中，由模型新增，需单独确认。,按菜名、食材和步骤确认全部候选餐次。；仅在菜品明显适合作为夜宵时保留。,pending,,
P0,REGULAR_MEAL_ON_DESSERT_DRINK,1717,青柠蛋糕,dish,下午茶|晚餐,下午茶|晚餐,,甜品|点心,甜|奶香,儿童,仅被标成点心/甜品/饮品，却带午餐或晚餐，可能被当成整餐推荐。,核对原 label；必要时删除正餐标签，或由查询侧增加菜品类型约束。,pending,,
P0,MEAL_MODEL_ONLY|NIGHT_SNACK_MODEL_ADDED,1725,莲子百合红豆沙,dish,,下午茶|夜宵,下午茶|夜宵,甜品|汤羹,甜,,原始 label 没有餐次，候选餐次完全由模型生成。；夜宵标签不在原始 label 中，由模型新增，需单独确认。,按菜名、食材和步骤确认全部候选餐次。；仅在菜品明显适合作为夜宵时保留。,pending,,
P0,REGULAR_MEAL_ON_DESSERT_DRINK,1748,黑芝麻糕,dish,下午茶|晚餐,下午茶|晚餐,,点心,甜|清淡,儿童|老人,仅被标成点心/甜品/饮品，却带午餐或晚餐，可能被当成整餐推荐。,核对原 label；必要时删除正餐标签，或由查询侧增加菜品类型约束。,pending,,
P0,REGULAR_MEAL_ON_DESSERT_DRINK,1751,萝卜糕,dish,早餐|午餐|晚餐,早餐|午餐|晚餐,,点心,清淡|咸鲜,儿童|老人,仅被标成点心/甜品/饮品，却带午餐或晚餐，可能被当成整餐推荐。,核对原 label；必要时删除正餐标签，或由查询侧增加菜品类型约束。,pending,,
P0,NON_DISH_PROFILE,1763,红糖姜片干,preparation,下午茶,下午茶,,小吃,甜,,该记录不是单道菜，不应进入菜品画像审批或菜品向量库。,从画像审批清单排除，不写入正式 recipe_profile_enrichment。,pending,,
P0,NON_DISH_PROFILE,1766,烤海鲜大杂烩,meal_bundle,晚餐,晚餐,,主菜,辣|鲜香,,该记录不是单道菜，不应进入菜品画像审批或菜品向量库。,从画像审批清单排除，不写入正式 recipe_profile_enrichment。,pending,,
P0,MEAL_TAGS_4_PLUS|TASTE_TAGS_5_PLUS|TASTE_LIGHT_SPICY_CONFLICT,1767,荷叶夹,dish,早餐|午餐|晚餐|下午茶,早餐|午餐|晚餐|下午茶,,主食|面食,酸|甜|辣|清淡|咸鲜,,候选含 4 个及以上餐次，硬过滤时区分度过低。；口味标签达到 5 个及以上，检索区分度可能过低。；同时含清淡与辣/麻辣/香辣，可能来自原标签与模型合并冲突。,逐项确认并删除不构成真实推荐场景的餐次。；保留成品的主要口味，删除只描述可选调料的标签。；区分成品主口味与可选蘸料后再决定。,pending,,
P0,REGULAR_MEAL_ON_DESSERT_DRINK,1768,百合莲子糖水,dish,晚餐|下午茶,晚餐|下午茶,,甜品|饮品,甜,儿童|老人,仅被标成点心/甜品/饮品，却带午餐或晚餐，可能被当成整餐推荐。,核对原 label；必要时删除正餐标签，或由查询侧增加菜品类型约束。,pending,,
P0,MEAL_TAGS_4_PLUS,1776,奶油培根意面,dish,早餐|午餐|晚餐|下午茶,早餐|午餐|晚餐|下午茶,,主食|面食,奶香|咸鲜,,候选含 4 个及以上餐次，硬过滤时区分度过低。,逐项确认并删除不构成真实推荐场景的餐次。,pending,,
P0,REGULAR_MEAL_ON_DESSERT_DRINK,1778,南瓜糯米球,dish,午餐|晚餐,午餐|晚餐,,点心|甜品,甜|清淡,儿童|老人,仅被标成点心/甜品/饮品，却带午餐或晚餐，可能被当成整餐推荐。,核对原 label；必要时删除正餐标签，或由查询侧增加菜品类型约束。,pending,,
P0,REGULAR_MEAL_ON_DESSERT_DRINK,1792,广式月饼,dish,晚餐|下午茶,晚餐|下午茶,,点心|甜品,甜,儿童|老人,仅被标成点心/甜品/饮品，却带午餐或晚餐，可能被当成整餐推荐。,核对原 label；必要时删除正餐标签，或由查询侧增加菜品类型约束。,pending,,
P0,NON_DISH_PROFILE,1796,菌菇牛肉酱,preparation,早餐|下午茶,早餐|下午茶|午餐|晚餐,午餐|晚餐,酱料,辣|咸鲜|香辣,,该记录不是单道菜，不应进入菜品画像审批或菜品向量库。,从画像审批清单排除，不写入正式 recipe_profile_enrichment。,pending,,
P0,NON_DISH_PROFILE,1805,低卡减脂餐,meal_bundle,,午餐|晚餐,午餐|晚餐,主菜,咸鲜,,该记录不是单道菜，不应进入菜品画像审批或菜品向量库。,从画像审批清单排除，不写入正式 recipe_profile_enrichment。,pending,,
P0,MEAL_MODEL_ONLY|NIGHT_SNACK_MODEL_ADDED,1808,微烤红薯,dish,,下午茶|夜宵,下午茶|夜宵,小吃,甜,,原始 label 没有餐次，候选餐次完全由模型生成。；夜宵标签不在原始 label 中，由模型新增，需单独确认。,按菜名、食材和步骤确认全部候选餐次。；仅在菜品明显适合作为夜宵时保留。,pending,,
P0,MEAL_ADDITION_ON_LABELED|NIGHT_SNACK_MODEL_ADDED,1813,烤红薯,dish,早餐|下午茶,早餐|下午茶|夜宵,夜宵,小吃,甜,儿童|老人,原始 label 已有餐次，模型又新增餐次；当前合并逻辑只增不减。；夜宵标签不在原始 label 中，由模型新增，需单独确认。,只审核新增餐次，不要把合并结果直接批量批准。；仅在菜品明显适合作为夜宵时保留。,pending,,
P0,REGULAR_MEAL_ON_DESSERT_DRINK,1832,山楂陈皮红糖饮,dish,下午茶|晚餐,下午茶|晚餐,,饮品,酸|甜|酸甜,,仅被标成点心/甜品/饮品，却带午餐或晚餐，可能被当成整餐推荐。,核对原 label；必要时删除正餐标签，或由查询侧增加菜品类型约束。,pending,,
P0,MEAL_ADDITION_ON_LABELED|MEAL_TAGS_4_PLUS|REGULAR_MEAL_ON_DESSERT_DRINK,1837,蜂蜜枣糕,dish,下午茶|午餐|晚餐,下午茶|午餐|晚餐|早餐,早餐,点心|甜品,甜,儿童|老人,原始 label 已有餐次，模型又新增餐次；当前合并逻辑只增不减。；候选含 4 个及以上餐次，硬过滤时区分度过低。；仅被标成点心/甜品/饮品，却带午餐或晚餐，可能被当成整餐推荐。,只审核新增餐次，不要把合并结果直接批量批准。；逐项确认并删除不构成真实推荐场景的餐次。；核对原 label；必要时删除正餐标签，或由查询侧增加菜品类型约束。,pending,,
P0,NON_DISH_PROFILE,1841,八宝辣酱,preparation,早餐|下午茶,早餐|下午茶|午餐|晚餐,午餐|晚餐,酱料|配菜,辣|咸鲜,,该记录不是单道菜，不应进入菜品画像审批或菜品向量库。,从画像审批清单排除，不写入正式 recipe_profile_enrichment。,pending,,
P0,NON_DISH_PROFILE,1861,馒头面团（发酵）,preparation,,早餐|午餐|晚餐,早餐|午餐|晚餐,面食,清淡,,该记录不是单道菜，不应进入菜品画像审批或菜品向量库。,从画像审批清单排除，不写入正式 recipe_profile_enrichment。,pending,,
P0,NON_DISH_PROFILE,1862,龙虾蒸烤同烹,meal_bundle,午餐|晚餐,午餐|晚餐,,主菜,清淡|辣|咸鲜,老人,该记录不是单道菜，不应进入菜品画像审批或菜品向量库。,从画像审批清单排除，不写入正式 recipe_profile_enrichment。,pending,,
P0,MEAL_ADDITION_ON_LABELED|NIGHT_SNACK_MODEL_ADDED,1878,羊肉串,dish,午餐|晚餐,午餐|晚餐|夜宵,夜宵,小吃,香辣,,原始 label 已有餐次，模型又新增餐次；当前合并逻辑只增不减。；夜宵标签不在原始 label 中，由模型新增，需单独确认。,只审核新增餐次，不要把合并结果直接批量批准。；仅在菜品明显适合作为夜宵时保留。,pending,,
P0,REGULAR_MEAL_ON_DESSERT_DRINK,1889,菠萝包,dish,早餐|午餐|下午茶,早餐|午餐|下午茶,,点心|甜品,甜|奶香,儿童,仅被标成点心/甜品/饮品，却带午餐或晚餐，可能被当成整餐推荐。,核对原 label；必要时删除正餐标签，或由查询侧增加菜品类型约束。,pending,,
P0,MEAL_ADDITION_ON_LABELED|NIGHT_SNACK_MODEL_ADDED,1936,烤墨鱼丸,dish,午餐|晚餐,午餐|晚餐|夜宵,夜宵,小吃,辣|香辣,,原始 label 已有餐次，模型又新增餐次；当前合并逻辑只增不减。；夜宵标签不在原始 label 中，由模型新增，需单独确认。,只审核新增餐次，不要把合并结果直接批量批准。；仅在菜品明显适合作为夜宵时保留。,pending,,
P0,NON_DISH_PROFILE,1937,傣味番茄酱,preparation,早餐|下午茶,早餐|下午茶|午餐|晚餐,午餐|晚餐,酱料,酸|辣,儿童,该记录不是单道菜，不应进入菜品画像审批或菜品向量库。,从画像审批清单排除，不写入正式 recipe_profile_enrichment。,pending,,
P0,MEAL_ADDITION_ON_LABELED|MEAL_TAGS_4_PLUS,1944,酒酿馒头,dish,午餐|晚餐,午餐|晚餐|早餐|下午茶,早餐|下午茶,面食|点心,甜|酸,老人,原始 label 已有餐次，模型又新增餐次；当前合并逻辑只增不减。；候选含 4 个及以上餐次，硬过滤时区分度过低。,只审核新增餐次，不要把合并结果直接批量批准。；逐项确认并删除不构成真实推荐场景的餐次。,pending,,
P0,MEAL_ADDITION_ON_LABELED|MEAL_TAGS_4_PLUS|NIGHT_SNACK_MODEL_ADDED,1948,炒花生米,dish,早餐|午餐|晚餐|下午茶,早餐|午餐|晚餐|下午茶|夜宵,夜宵,小吃|配菜,辣|咸鲜|香辣,,原始 label 已有餐次，模型又新增餐次；当前合并逻辑只增不减。；候选含 4 个及以上餐次，硬过滤时区分度过低。；夜宵标签不在原始 label 中，由模型新增，需单独确认。,只审核新增餐次，不要把合并结果直接批量批准。；逐项确认并删除不构成真实推荐场景的餐次。；仅在菜品明显适合作为夜宵时保留。,pending,,
P0,NON_DISH_PROFILE,1992,萝卜蒸肉丸&黄油萝卜同烹,meal_bundle,午餐|晚餐,午餐|晚餐,,主菜|配菜,清淡|咸鲜,,该记录不是单道菜，不应进入菜品画像审批或菜品向量库。,从画像审批清单排除，不写入正式 recipe_profile_enrichment。,pending,,
P0,MEAL_ADDITION_ON_LABELED|NIGHT_SNACK_MODEL_ADDED,1994,百合燕麦粥,dish,早餐|晚餐,早餐|晚餐|夜宵,夜宵,粥,甜|清淡,儿童|老人,原始 label 已有餐次，模型又新增餐次；当前合并逻辑只增不减。；夜宵标签不在原始 label 中，由模型新增，需单独确认。,只审核新增餐次，不要把合并结果直接批量批准。；仅在菜品明显适合作为夜宵时保留。,pending,,
P1,MEAL_ADDITION_ON_LABELED,12,清蒸海蛎子,dish,晚餐,晚餐|午餐,午餐,主菜,清淡|咸鲜,,原始 label 已有餐次，模型又新增餐次；当前合并逻辑只增不减。,只审核新增餐次，不要把合并结果直接批量批准。,pending,,
P1,MEAL_ADDITION_ON_LABELED,16,鲜虾芙蓉蛋,dish,晚餐,晚餐|午餐,午餐,主菜,清淡|咸鲜,儿童,原始 label 已有餐次，模型又新增餐次；当前合并逻辑只增不减。,只审核新增餐次，不要把合并结果直接批量批准。,pending,,
P1,MEAL_MODEL_ONLY,28,薯泥鳕鱼糕,dish,,午餐|晚餐,午餐|晚餐,主菜|点心,咸鲜|清淡,,原始 label 没有餐次，候选餐次完全由模型生成。,按菜名、食材和步骤确认全部候选餐次。,pending,,
P1,MEAL_MODEL_ONLY,31,固元阿胶糕,dish,,下午茶,下午茶,点心|甜品,甜,,原始 label 没有餐次，候选餐次完全由模型生成。,按菜名、食材和步骤确认全部候选餐次。,pending,,
P1,MEAL_MODEL_ONLY,33,红枣核桃糯糕,dish,,早餐|下午茶,早餐|下午茶,点心|甜品,甜|奶香,,原始 label 没有餐次，候选餐次完全由模型生成。,按菜名、食材和步骤确认全部候选餐次。,pending,,
P1,MEAL_ADDITION_ON_LABELED|TASTE_TAGS_5_PLUS|TASTE_LIGHT_SPICY_CONFLICT,34,灯笼茄子,dish,晚餐,晚餐|午餐,午餐,配菜|主菜,酸|甜|辣|清淡|酸甜|咸鲜,,原始 label 已有餐次，模型又新增餐次；当前合并逻辑只增不减。；口味标签达到 5 个及以上，检索区分度可能过低。；同时含清淡与辣/麻辣/香辣，可能来自原标签与模型合并冲突。,只审核新增餐次，不要把合并结果直接批量批准。；保留成品的主要口味，删除只描述可选调料的标签。；区分成品主口味与可选蘸料后再决定。,pending,,
P1,MEAL_ADDITION_ON_LABELED,40,香菇包子,dish,早餐,早餐|午餐,午餐,面食|主食,清淡|咸鲜,儿童|老人,原始 label 已有餐次，模型又新增餐次；当前合并逻辑只增不减。,只审核新增餐次，不要把合并结果直接批量批准。,pending,,
P1,MEAL_MODEL_ONLY,45,脆皮黄油年糕,dish,,下午茶,下午茶,点心,甜|奶香,,原始 label 没有餐次，候选餐次完全由模型生成。,按菜名、食材和步骤确认全部候选餐次。,pending,,
P1,MEAL_ADDITION_ON_LABELED,46,猪肉白菜馅大包子,dish,早餐|晚餐,早餐|晚餐|午餐,午餐,主食|面食,清淡|咸鲜,老人,原始 label 已有餐次，模型又新增餐次；当前合并逻辑只增不减。,只审核新增餐次，不要把合并结果直接批量批准。,pending,,
P1,MEAL_MODEL_ONLY,52,干贝丝瓜酿虾滑,dish,,午餐|晚餐,午餐|晚餐,主菜,咸鲜|清淡,,原始 label 没有餐次，候选餐次完全由模型生成。,按菜名、食材和步骤确认全部候选餐次。,pending,,
P1,MEAL_ADDITION_ON_LABELED|TASTE_TAGS_5_PLUS|TASTE_LIGHT_SPICY_CONFLICT,57,太极豆腐,dish,晚餐,晚餐|午餐,午餐,主菜|配菜,酸|甜|辣|清淡|咸鲜,儿童|老人,原始 label 已有餐次，模型又新增餐次；当前合并逻辑只增不减。；口味标签达到 5 个及以上，检索区分度可能过低。；同时含清淡与辣/麻辣/香辣，可能来自原标签与模型合并冲突。,只审核新增餐次，不要把合并结果直接批量批准。；保留成品的主要口味，删除只描述可选调料的标签。；区分成品主口味与可选蘸料后再决定。,pending,,
P1,MEAL_MODEL_ONLY,63,蒜蓉油麦菜,dish,,午餐|晚餐,午餐|晚餐,配菜,咸鲜|清淡,,原始 label 没有餐次，候选餐次完全由模型生成。,按菜名、食材和步骤确认全部候选餐次。,pending,,
P1,MEAL_MODEL_ONLY,67,八珍糕,dish,,早餐|下午茶,早餐|下午茶,点心,甜,,原始 label 没有餐次，候选餐次完全由模型生成。,按菜名、食材和步骤确认全部候选餐次。,pending,,
P1,MEAL_MODEL_ONLY,69,火腿蒸芥菜,dish,,午餐|晚餐,午餐|晚餐,主菜|配菜,咸鲜,,原始 label 没有餐次，候选餐次完全由模型生成。,按菜名、食材和步骤确认全部候选餐次。,pending,,
P1,MEAL_MODEL_ONLY,71,柠香烤鳕鱼,dish,,午餐|晚餐,午餐|晚餐,主菜,咸鲜|酸,,原始 label 没有餐次，候选餐次完全由模型生成。,按菜名、食材和步骤确认全部候选餐次。,pending,,
P1,MEAL_MODEL_ONLY,77,虾干蒸春笋,dish,,午餐|晚餐,午餐|晚餐,主菜|配菜,咸鲜|辣,,原始 label 没有餐次，候选餐次完全由模型生成。,按菜名、食材和步骤确认全部候选餐次。,pending,,
P1,MEAL_MODEL_ONLY,79,橘皮茶,dish,,下午茶,下午茶,饮品,清淡,,原始 label 没有餐次，候选餐次完全由模型生成。,按菜名、食材和步骤确认全部候选餐次。,pending,,
P1,MEAL_MODEL_ONLY|DISH_TYPE_TAGS_3_PLUS,80,精致下午茶,dish,,下午茶,下午茶,甜品|饮品|点心,甜|奶香,,原始 label 没有餐次，候选餐次完全由模型生成。；菜品类型标签达到 3 个及以上，可能过宽。,按菜名、食材和步骤确认全部候选餐次。；保留实际参与检索筛选的主要类型。,pending,,
P1,MEAL_MODEL_ONLY,109,蘑菇菠菜意大利饭,dish,,午餐|晚餐,午餐|晚餐,主食,咸鲜|奶香,,原始 label 没有餐次，候选餐次完全由模型生成。,按菜名、食材和步骤确认全部候选餐次。,pending,,
P1,MEAL_MODEL_ONLY,120,榴莲冰皮月饼,dish,,下午茶,下午茶,点心,甜|奶香,,原始 label 没有餐次，候选餐次完全由模型生成。,按菜名、食材和步骤确认全部候选餐次。,pending,,
P1,MEAL_MODEL_ONLY,121,蒜蓉粉丝蒸龙虾,dish,,午餐|晚餐,午餐|晚餐,主菜,咸鲜|鲜香,,原始 label 没有餐次，候选餐次完全由模型生成。,按菜名、食材和步骤确认全部候选餐次。,pending,,
P1,MEAL_ADDITION_ON_LABELED,137,清蒸罗非鱼,dish,晚餐,晚餐|午餐,午餐,主菜,清淡|咸鲜,,原始 label 已有餐次，模型又新增餐次；当前合并逻辑只增不减。,只审核新增餐次，不要把合并结果直接批量批准。,pending,,
P1,MEAL_MODEL_ONLY,156,碗蒸羊肉,dish,,午餐|晚餐,午餐|晚餐,主菜,咸鲜,,原始 label 没有餐次，候选餐次完全由模型生成。,按菜名、食材和步骤确认全部候选餐次。,pending,,
P1,TASTE_LIGHT_SPICY_CONFLICT,165,葱油金针菇,dish,午餐|晚餐,午餐|晚餐,,配菜,辣|清淡|咸鲜,,同时含清淡与辣/麻辣/香辣，可能来自原标签与模型合并冲突。,区分成品主口味与可选蘸料后再决定。,pending,,
P1,MEAL_ADDITION_ON_LABELED,172,蒜蓉粉丝蒸生蚝,dish,晚餐,晚餐|午餐,午餐,主菜,辣|咸鲜,儿童,原始 label 已有餐次，模型又新增餐次；当前合并逻辑只增不减。,只审核新增餐次，不要把合并结果直接批量批准。,pending,,
P1,MEAL_MODEL_ONLY,173,盐酥鸡,dish,,午餐|晚餐|下午茶,午餐|晚餐|下午茶,小吃,咸鲜,,原始 label 没有餐次，候选餐次完全由模型生成。,按菜名、食材和步骤确认全部候选餐次。,pending,,
P1,MEAL_MODEL_ONLY,174,芝士牛肉卷,dish,,午餐|晚餐|下午茶,午餐|晚餐|下午茶,主食|小吃,奶香|咸鲜,,原始 label 没有餐次，候选餐次完全由模型生成。,按菜名、食材和步骤确认全部候选餐次。,pending,,
P1,MEAL_MODEL_ONLY,177,糖桂花烤栗子,dish,,下午茶,下午茶,小吃,甜,,原始 label 没有餐次，候选餐次完全由模型生成。,按菜名、食材和步骤确认全部候选餐次。,pending,,
P1,MEAL_MODEL_ONLY,187,无糖豉汁蒸排骨,dish,,午餐|晚餐,午餐|晚餐,主菜,咸鲜|鲜香,,原始 label 没有餐次，候选餐次完全由模型生成。,按菜名、食材和步骤确认全部候选餐次。,pending,,
P1,MEAL_MODEL_ONLY,190,腊肠煲仔饭,dish,,午餐|晚餐,午餐|晚餐,主食,咸鲜|鲜香,,原始 label 没有餐次，候选餐次完全由模型生成。,按菜名、食材和步骤确认全部候选餐次。,pending,,
P1,TASTE_LIGHT_SPICY_CONFLICT,193,有机小豆芽,dish,午餐|晚餐,午餐|晚餐,,配菜,清淡|酸|辣,儿童|老人,同时含清淡与辣/麻辣/香辣，可能来自原标签与模型合并冲突。,区分成品主口味与可选蘸料后再决定。,pending,,
P1,MEAL_ADDITION_ON_LABELED,201,鲜肉包子,dish,早餐,早餐|午餐|晚餐,午餐|晚餐,面食|主食,咸鲜,儿童|老人,原始 label 已有餐次，模型又新增餐次；当前合并逻辑只增不减。,只审核新增餐次，不要把合并结果直接批量批准。,pending,,
P1,MEAL_MODEL_ONLY,211,黄豆酱蒸鱼,dish,,午餐|晚餐,午餐|晚餐,主菜,咸鲜|鲜香,,原始 label 没有餐次，候选餐次完全由模型生成。,按菜名、食材和步骤确认全部候选餐次。,pending,,
P1,MEAL_ADDITION_ON_LABELED,215,观音坐莲,dish,晚餐,晚餐|午餐,午餐,主菜,辣|咸鲜|鲜香,儿童|老人,原始 label 已有餐次，模型又新增餐次；当前合并逻辑只增不减。,只审核新增餐次，不要把合并结果直接批量批准。,pending,,
P1,MEAL_ADDITION_ON_LABELED,228,滋补养生梨,dish,晚餐,晚餐|下午茶,下午茶,甜品|汤羹,甜|酸甜,儿童|老人,原始 label 已有餐次，模型又新增餐次；当前合并逻辑只增不减。,只审核新增餐次，不要把合并结果直接批量批准。,pending,,
P1,MEAL_ADDITION_ON_LABELED|TASTE_TAGS_5_PLUS|TASTE_LIGHT_SPICY_CONFLICT,229,什锦海鲜烩,dish,晚餐,晚餐|午餐,午餐,主菜|汤羹,酸|甜|辣|清淡|咸鲜|鲜香,儿童|老人,原始 label 已有餐次，模型又新增餐次；当前合并逻辑只增不减。；口味标签达到 5 个及以上，检索区分度可能过低。；同时含清淡与辣/麻辣/香辣，可能来自原标签与模型合并冲突。,只审核新增餐次，不要把合并结果直接批量批准。；保留成品的主要口味，删除只描述可选调料的标签。；区分成品主口味与可选蘸料后再决定。,pending,,
P1,MEAL_MODEL_ONLY,230,小白兔馒头,dish,,早餐|下午茶,早餐|下午茶,主食|点心,清淡,,原始 label 没有餐次，候选餐次完全由模型生成。,按菜名、食材和步骤确认全部候选餐次。,pending,,
P1,MEAL_MODEL_ONLY,232,全麦牛油果三明治,dish,,早餐|午餐,早餐|午餐,主食|小吃,咸鲜|清淡,,原始 label 没有餐次，候选餐次完全由模型生成。,按菜名、食材和步骤确认全部候选餐次。,pending,,
P1,MEAL_MODEL_ONLY,238,香烤牛排,dish,,午餐|晚餐,午餐|晚餐,主菜,咸鲜|奶香,,原始 label 没有餐次，候选餐次完全由模型生成。,按菜名、食材和步骤确认全部候选餐次。,pending,,
P1,MEAL_MODEL_ONLY,239,惠灵顿大龙虾,dish,,晚餐,晚餐,主菜,咸鲜,,原始 label 没有餐次，候选餐次完全由模型生成。,按菜名、食材和步骤确认全部候选餐次。,pending,,
P1,MEAL_MODEL_ONLY,240,老妈蹄花汤,dish,,午餐|晚餐,午餐|晚餐,汤羹,咸鲜|清淡,,原始 label 没有餐次，候选餐次完全由模型生成。,按菜名、食材和步骤确认全部候选餐次。,pending,,
P1,MEAL_ADDITION_ON_LABELED,241,太白拉糕,dish,早餐,早餐|下午茶,下午茶,点心,甜,儿童|老人,原始 label 已有餐次，模型又新增餐次；当前合并逻辑只增不减。,只审核新增餐次，不要把合并结果直接批量批准。,pending,,
P1,MEAL_MODEL_ONLY,242,萝卜丝蒸紫菜滑肉,dish,,午餐|晚餐,午餐|晚餐,主菜|配菜,咸鲜|清淡,,原始 label 没有餐次，候选餐次完全由模型生成。,按菜名、食材和步骤确认全部候选餐次。,pending,,
P1,MEAL_MODEL_ONLY,257,干蒸排骨,dish,,午餐|晚餐,午餐|晚餐,主菜,咸鲜|香辣,,原始 label 没有餐次，候选餐次完全由模型生成。,按菜名、食材和步骤确认全部候选餐次。,pending,,
P1,MEAL_MODEL_ONLY,260,白葡萄酒小排,dish,,午餐|晚餐,午餐|晚餐,主菜,咸鲜|酸甜,,原始 label 没有餐次，候选餐次完全由模型生成。,按菜名、食材和步骤确认全部候选餐次。,pending,,
P1,TASTE_TAGS_5_PLUS|TASTE_LIGHT_SPICY_CONFLICT,263,嫩烤鱼,dish,晚餐,晚餐,,主菜,酸|甜|辣|清淡|香辣|麻辣,,口味标签达到 5 个及以上，检索区分度可能过低。；同时含清淡与辣/麻辣/香辣，可能来自原标签与模型合并冲突。,保留成品的主要口味，删除只描述可选调料的标签。；区分成品主口味与可选蘸料后再决定。,pending,,
P1,MEAL_ADDITION_ON_LABELED,275,腊八粥,dish,早餐,早餐|午餐|晚餐,午餐|晚餐,粥,甜,儿童|老人,原始 label 已有餐次，模型又新增餐次；当前合并逻辑只增不减。,只审核新增餐次，不要把合并结果直接批量批准。,pending,,
P1,MEAL_MODEL_ONLY,277,健康菜 | 香辣土豆蒸肉,dish,,午餐|晚餐,午餐|晚餐,主菜,香辣,,原始 label 没有餐次，候选餐次完全由模型生成。,按菜名、食材和步骤确认全部候选餐次。,pending,,
P1,MEAL_MODEL_ONLY,278,乌鸡生蚝老火汤,dish,,午餐|晚餐,午餐|晚餐,汤羹,咸鲜|清淡,,原始 label 没有餐次，候选餐次完全由模型生成。,按菜名、食材和步骤确认全部候选餐次。,pending,,
P1,MEAL_ADDITION_ON_LABELED,289,牛腩腐竹煲,dish,晚餐,晚餐|午餐,午餐,主菜|汤羹,咸鲜|鲜香,,原始 label 已有餐次，模型又新增餐次；当前合并逻辑只增不减。,只审核新增餐次，不要把合并结果直接批量批准。,pending,,
P1,MEAL_ADDITION_ON_LABELED,300,牧羊人派,dish,下午茶,下午茶|午餐|晚餐,午餐|晚餐,主食,咸鲜|酸甜,儿童,原始 label 已有餐次，模型又新增餐次；当前合并逻辑只增不减。,只审核新增餐次，不要把合并结果直接批量批准。,pending,,
P1,MEAL_MODEL_ONLY,303,紫苏辣子鸡,dish,,午餐|晚餐,午餐|晚餐,主菜,辣|香辣,,原始 label 没有餐次，候选餐次完全由模型生成。,按菜名、食材和步骤确认全部候选餐次。,pending,,
P1,MEAL_MODEL_ONLY,309,榴莲内芯煲鸡,dish,,午餐|晚餐,午餐|晚餐,汤羹,咸鲜|清淡,,原始 label 没有餐次，候选餐次完全由模型生成。,按菜名、食材和步骤确认全部候选餐次。,pending,,
P1,MEAL_ADDITION_ON_LABELED,311,奶黄包,dish,早餐,早餐|下午茶,下午茶,点心|面食,甜|奶香,儿童|老人,原始 label 已有餐次，模型又新增餐次；当前合并逻辑只增不减。,只审核新增餐次，不要把合并结果直接批量批准。,pending,,
P1,MEAL_MODEL_ONLY,314,提拉米苏大福,dish,,下午茶,下午茶,点心|甜品,甜|奶香,,原始 label 没有餐次，候选餐次完全由模型生成。,按菜名、食材和步骤确认全部候选餐次。,pending,,
P1,MEAL_MODEL_ONLY,315,蟹黄翡翠卷,dish,,午餐|晚餐,午餐|晚餐,主菜,咸鲜,,原始 label 没有餐次，候选餐次完全由模型生成。,按菜名、食材和步骤确认全部候选餐次。,pending,,
P1,MEAL_ADDITION_ON_LABELED,321,Q弹果冻鸡蛋羹,dish,午餐|晚餐,午餐|晚餐|早餐,早餐,汤羹,甜|咸鲜,儿童|老人,原始 label 已有餐次，模型又新增餐次；当前合并逻辑只增不减。,只审核新增餐次，不要把合并结果直接批量批准。,pending,,
P1,MEAL_ADDITION_ON_LABELED|TASTE_LIGHT_SPICY_CONFLICT,322,孜然南瓜蒸鸡胸肉,dish,晚餐,晚餐|午餐,午餐,主菜,清淡|咸鲜|香辣,老人,原始 label 已有餐次，模型又新增餐次；当前合并逻辑只增不减。；同时含清淡与辣/麻辣/香辣，可能来自原标签与模型合并冲突。,只审核新增餐次，不要把合并结果直接批量批准。；区分成品主口味与可选蘸料后再决定。,pending,,
P1,MEAL_MODEL_ONLY,324,香烤玉米,dish,,午餐|晚餐,午餐|晚餐,小吃,香辣,,原始 label 没有餐次，候选餐次完全由模型生成。,按菜名、食材和步骤确认全部候选餐次。,pending,,
P1,TASTE_TAGS_5_PLUS|TASTE_LIGHT_SPICY_CONFLICT,329,缤纷饺子,dish,午餐|晚餐,午餐|晚餐,,主食,酸|甜|辣|清淡|咸鲜,儿童,口味标签达到 5 个及以上，检索区分度可能过低。；同时含清淡与辣/麻辣/香辣，可能来自原标签与模型合并冲突。,保留成品的主要口味，删除只描述可选调料的标签。；区分成品主口味与可选蘸料后再决定。,pending,,
P1,MEAL_MODEL_ONLY,336,青橄榄石斛瘦肉汤,dish,,午餐|晚餐,午餐|晚餐,汤羹,清淡|咸鲜,,原始 label 没有餐次，候选餐次完全由模型生成。,按菜名、食材和步骤确认全部候选餐次。,pending,,
P1,MEAL_MODEL_ONLY,339,蒸香菇鸡,dish,,午餐|晚餐,午餐|晚餐,主菜,咸鲜,,原始 label 没有餐次，候选餐次完全由模型生成。,按菜名、食材和步骤确认全部候选餐次。,pending,,
P1,TASTE_LIGHT_SPICY_CONFLICT,342,蚝油蘑菇,dish,午餐|晚餐,午餐|晚餐,,主菜|配菜,清淡|香辣|咸鲜,,同时含清淡与辣/麻辣/香辣，可能来自原标签与模型合并冲突。,区分成品主口味与可选蘸料后再决定。,pending,,
P1,MEAL_MODEL_ONLY,364,黑芝麻核桃粥,dish,,早餐|晚餐,早餐|晚餐,粥,甜|清淡,,原始 label 没有餐次，候选餐次完全由模型生成。,按菜名、食材和步骤确认全部候选餐次。,pending,,
P1,MEAL_MODEL_ONLY,367,广式荷香糯米鸡,dish,,午餐|晚餐,午餐|晚餐,主食|主菜,咸鲜|鲜香,,原始 label 没有餐次，候选餐次完全由模型生成。,按菜名、食材和步骤确认全部候选餐次。,pending,,
P1,MEAL_MODEL_ONLY,374,蒸糯米丸子,dish,,午餐|晚餐,午餐|晚餐,主菜|小吃,咸鲜,,原始 label 没有餐次，候选餐次完全由模型生成。,按菜名、食材和步骤确认全部候选餐次。,pending,,
P1,TASTE_LIGHT_SPICY_CONFLICT,376,香菇芹菜牛肉丸,dish,午餐|晚餐,午餐|晚餐,,主菜,鲜香|辣|清淡,,同时含清淡与辣/麻辣/香辣，可能来自原标签与模型合并冲突。,区分成品主口味与可选蘸料后再决定。,pending,,
P1,MEAL_MODEL_ONLY,377,紫薯酸奶泥,dish,,下午茶,下午茶,甜品,甜,,原始 label 没有餐次，候选餐次完全由模型生成。,按菜名、食材和步骤确认全部候选餐次。,pending,,
P1,MEAL_MODEL_ONLY,391,蟹酿橙,dish,,午餐|晚餐,午餐|晚餐,主菜,咸鲜|酸甜,,原始 label 没有餐次，候选餐次完全由模型生成。,按菜名、食材和步骤确认全部候选餐次。,pending,,
P1,MEAL_ADDITION_ON_LABELED,402,香肠蒸桂鱼,dish,晚餐,晚餐|午餐,午餐,主菜,清淡|咸鲜,儿童|老人,原始 label 已有餐次，模型又新增餐次；当前合并逻辑只增不减。,只审核新增餐次，不要把合并结果直接批量批准。,pending,,
P1,MEAL_MODEL_ONLY,403,荠菜豆腐汤,dish,,午餐|晚餐,午餐|晚餐,汤羹,咸鲜|清淡,,原始 label 没有餐次，候选餐次完全由模型生成。,按菜名、食材和步骤确认全部候选餐次。,pending,,
P1,MEAL_MODEL_ONLY,409,黄金凤尾虾,dish,,午餐|晚餐,午餐|晚餐,主菜|小吃,咸鲜,,原始 label 没有餐次，候选餐次完全由模型生成。,按菜名、食材和步骤确认全部候选餐次。,pending,,
P1,MEAL_MODEL_ONLY,410,无水葱油焖鸡,dish,,午餐|晚餐,午餐|晚餐,主菜,咸鲜|香辣,,原始 label 没有餐次，候选餐次完全由模型生成。,按菜名、食材和步骤确认全部候选餐次。,pending,,
P1,MEAL_MODEL_ONLY,417,能量棒面包,dish,,早餐,早餐,主食|点心,甜|奶香,,原始 label 没有餐次，候选餐次完全由模型生成。,按菜名、食材和步骤确认全部候选餐次。,pending,,
P1,MEAL_MODEL_ONLY,427,剁椒芋头蒸排骨,dish,,午餐|晚餐,午餐|晚餐,主菜,咸鲜|辣,,原始 label 没有餐次，候选餐次完全由模型生成。,按菜名、食材和步骤确认全部候选餐次。,pending,,
P1,MEAL_ADDITION_ON_LABELED,435,枸杞蒸鸡蛋,dish,午餐|晚餐,午餐|晚餐|早餐,早餐,主菜|配菜,清淡|咸鲜,,原始 label 已有餐次，模型又新增餐次；当前合并逻辑只增不减。,只审核新增餐次，不要把合并结果直接批量批准。,pending,,
P1,MEAL_MODEL_ONLY,466,番茄红汤锅底,dish,,午餐|晚餐,午餐|晚餐,酱料,酸|辣|酸甜,,原始 label 没有餐次，候选餐次完全由模型生成。,按菜名、食材和步骤确认全部候选餐次。,pending,,
P1,MEAL_MODEL_ONLY,470,黄椒酱蒸鲜鱿,dish,,午餐|晚餐,午餐|晚餐,主菜,咸鲜|辣,,原始 label 没有餐次，候选餐次完全由模型生成。,按菜名、食材和步骤确认全部候选餐次。,pending,,
P1,MEAL_MODEL_ONLY,485,牛肝菌炖花胶,dish,,午餐|晚餐,午餐|晚餐,汤羹,咸鲜|鲜香,,原始 label 没有餐次，候选餐次完全由模型生成。,按菜名、食材和步骤确认全部候选餐次。,pending,,
P1,MEAL_MODEL_ONLY,489,冰糖炖官燕,dish,,下午茶,下午茶,甜品,甜,,原始 label 没有餐次，候选餐次完全由模型生成。,按菜名、食材和步骤确认全部候选餐次。,pending,,
P1,MEAL_MODEL_ONLY,490,清明粿,dish,,早餐|午餐|晚餐,早餐|午餐|晚餐,主食|点心,咸鲜,,原始 label 没有餐次，候选餐次完全由模型生成。,按菜名、食材和步骤确认全部候选餐次。,pending,,
P1,MEAL_MODEL_ONLY,504,天使白面包,dish,,早餐|下午茶,早餐|下午茶,面食|点心,奶香|甜,,原始 label 没有餐次，候选餐次完全由模型生成。,按菜名、食材和步骤确认全部候选餐次。,pending,,
P1,TASTE_LIGHT_SPICY_CONFLICT,509,中式炒组合菜,dish,午餐|晚餐,午餐|晚餐,,主菜,酸|辣|清淡|咸鲜,老人,同时含清淡与辣/麻辣/香辣，可能来自原标签与模型合并冲突。,区分成品主口味与可选蘸料后再决定。,pending,,
P1,MEAL_MODEL_ONLY,510,低温慢煮卤鲍鱼,dish,,午餐|晚餐,午餐|晚餐,主菜,咸鲜,,原始 label 没有餐次，候选餐次完全由模型生成。,按菜名、食材和步骤确认全部候选餐次。,pending,,
P1,MEAL_MODEL_ONLY,512,蟹酿橙,dish,,午餐|晚餐,午餐|晚餐,主菜,酸甜|鲜香,,原始 label 没有餐次，候选餐次完全由模型生成。,按菜名、食材和步骤确认全部候选餐次。,pending,,
P1,TASTE_LIGHT_SPICY_CONFLICT,518,冷吃牛肉,dish,午餐|晚餐,午餐|晚餐,,主菜,清淡|香辣|麻辣,儿童|老人,同时含清淡与辣/麻辣/香辣，可能来自原标签与模型合并冲突。,区分成品主口味与可选蘸料后再决定。,pending,,
P1,MEAL_ADDITION_ON_LABELED,521,燕麦雪饼,dish,早餐,早餐|下午茶,下午茶,点心,甜|奶香,儿童,原始 label 已有餐次，模型又新增餐次；当前合并逻辑只增不减。,只审核新增餐次，不要把合并结果直接批量批准。,pending,,
P1,MEAL_MODEL_ONLY,523,草原羊肉烧麦,dish,,午餐|晚餐,午餐|晚餐,主食|点心,咸鲜|鲜香,,原始 label 没有餐次，候选餐次完全由模型生成。,按菜名、食材和步骤确认全部候选餐次。,pending,,
P1,MEAL_MODEL_ONLY,531,意式肉酱面,dish,,午餐|晚餐,午餐|晚餐,主食|面食,咸鲜|鲜香,,原始 label 没有餐次，候选餐次完全由模型生成。,按菜名、食材和步骤确认全部候选餐次。,pending,,
P1,MEAL_MODEL_ONLY,534,栗子龙眼粥,dish,,早餐|晚餐,早餐|晚餐,粥,甜|清淡,,原始 label 没有餐次，候选餐次完全由模型生成。,按菜名、食材和步骤确认全部候选餐次。,pending,,
P1,MEAL_ADDITION_ON_LABELED,566,如意面包,dish,早餐,早餐|下午茶,下午茶,点心|面食,甜|奶香,儿童,原始 label 已有餐次，模型又新增餐次；当前合并逻辑只增不减。,只审核新增餐次，不要把合并结果直接批量批准。,pending,,
P1,MEAL_MODEL_ONLY,569,豌豆荚馒头,dish,,早餐|下午茶,早餐|下午茶,面食|点心,清淡,,原始 label 没有餐次，候选餐次完全由模型生成。,按菜名、食材和步骤确认全部候选餐次。,pending,,
P1,MEAL_MODEL_ONLY,587,Q弹软糯的抹茶红豆糯米,dish,,下午茶|早餐,下午茶|早餐,点心,甜,,原始 label 没有餐次，候选餐次完全由模型生成。,按菜名、食材和步骤确认全部候选餐次。,pending,,
P1,MEAL_MODEL_ONLY,596,芝士焗龙虾,dish,,午餐|晚餐,午餐|晚餐,主菜,奶香|咸鲜,,原始 label 没有餐次，候选餐次完全由模型生成。,按菜名、食材和步骤确认全部候选餐次。,pending,,
P1,MEAL_MODEL_ONLY,602,胡椒雪梨蒸肥牛,dish,,午餐|晚餐,午餐|晚餐,主菜,咸鲜|鲜香,,原始 label 没有餐次，候选餐次完全由模型生成。,按菜名、食材和步骤确认全部候选餐次。,pending,,
P1,MEAL_MODEL_ONLY,605,剁椒蒸芋球,dish,,午餐|晚餐,午餐|晚餐,主菜|配菜,咸鲜|辣,,原始 label 没有餐次，候选餐次完全由模型生成。,按菜名、食材和步骤确认全部候选餐次。,pending,,
P1,MEAL_MODEL_ONLY,606,调味法式羊排,dish,,午餐|晚餐,午餐|晚餐,主菜,咸鲜,,原始 label 没有餐次，候选餐次完全由模型生成。,按菜名、食材和步骤确认全部候选餐次。,pending,,
P1,MEAL_MODEL_ONLY,608,香椿拌鲍鱼,dish,,午餐|晚餐,午餐|晚餐,主菜|配菜,咸鲜|清淡,,原始 label 没有餐次，候选餐次完全由模型生成。,按菜名、食材和步骤确认全部候选餐次。,pending,,
P1,MEAL_MODEL_ONLY,613,盐葱烤猪排,dish,,午餐|晚餐,午餐|晚餐,主菜,咸鲜|香辣,,原始 label 没有餐次，候选餐次完全由模型生成。,按菜名、食材和步骤确认全部候选餐次。,pending,,
P1,TASTE_LIGHT_SPICY_CONFLICT,619,恐龙蛋,dish,早餐|下午茶,早餐|下午茶,,点心,酸|甜|辣|清淡,儿童,同时含清淡与辣/麻辣/香辣，可能来自原标签与模型合并冲突。,区分成品主口味与可选蘸料后再决定。,pending,,
P1,MEAL_MODEL_ONLY,621,无米“炒饭”,dish,,午餐|晚餐,午餐|晚餐,主食,咸鲜,,原始 label 没有餐次，候选餐次完全由模型生成。,按菜名、食材和步骤确认全部候选餐次。,pending,,
P1,MEAL_ADDITION_ON_LABELED,627,奶黄包,dish,早餐,早餐|下午茶,下午茶,点心,甜|奶香,儿童|老人,原始 label 已有餐次，模型又新增餐次；当前合并逻辑只增不减。,只审核新增餐次，不要把合并结果直接批量批准。,pending,,
P1,MEAL_ADDITION_ON_LABELED,628,香辣孜然烤鱿鱼须,dish,晚餐,晚餐|午餐,午餐,主菜|小吃,辣|香辣,,原始 label 已有餐次，模型又新增餐次；当前合并逻辑只增不减。,只审核新增餐次，不要把合并结果直接批量批准。,pending,,
P1,TASTE_LIGHT_SPICY_CONFLICT,638,素卤,dish,午餐|晚餐,午餐|晚餐,,配菜,酸|辣|清淡|咸鲜,,同时含清淡与辣/麻辣/香辣，可能来自原标签与模型合并冲突。,区分成品主口味与可选蘸料后再决定。,pending,,
P1,TASTE_TAGS_5_PLUS|TASTE_LIGHT_SPICY_CONFLICT,647,纸包三文鱼,dish,午餐|晚餐,午餐|晚餐,,主菜,酸|甜|辣|清淡|咸鲜,,口味标签达到 5 个及以上，检索区分度可能过低。；同时含清淡与辣/麻辣/香辣，可能来自原标签与模型合并冲突。,保留成品的主要口味，删除只描述可选调料的标签。；区分成品主口味与可选蘸料后再决定。,pending,,
P1,TASTE_LIGHT_SPICY_CONFLICT,666,荷叶粉蒸羊肉,dish,午餐|晚餐,午餐|晚餐,,主菜,清淡|辣|咸鲜|香辣,,同时含清淡与辣/麻辣/香辣，可能来自原标签与模型合并冲突。,区分成品主口味与可选蘸料后再决定。,pending,,
P1,MEAL_ADDITION_ON_LABELED,678,香菇卤肉包子,dish,早餐|晚餐,早餐|晚餐|午餐,午餐,面食|主食,清淡|咸鲜,,原始 label 已有餐次，模型又新增餐次；当前合并逻辑只增不减。,只审核新增餐次，不要把合并结果直接批量批准。,pending,,
P1,MEAL_MODEL_ONLY,688,抹茶紫薯冰皮月饼,dish,,下午茶,下午茶,点心,甜,,原始 label 没有餐次，候选餐次完全由模型生成。,按菜名、食材和步骤确认全部候选餐次。,pending,,
P1,TASTE_LIGHT_SPICY_CONFLICT,693,娃娃菜卷金针菇,dish,午餐|晚餐,午餐|晚餐,,主菜|配菜,清淡|辣|咸鲜,,同时含清淡与辣/麻辣/香辣，可能来自原标签与模型合并冲突。,区分成品主口味与可选蘸料后再决定。,pending,,
P1,MEAL_ADDITION_ON_LABELED|TASTE_LIGHT_SPICY_CONFLICT,700,豉汁带子蒸豆腐,dish,晚餐,晚餐|午餐,午餐,主菜,清淡|咸鲜|香辣,,原始 label 已有餐次，模型又新增餐次；当前合并逻辑只增不减。；同时含清淡与辣/麻辣/香辣，可能来自原标签与模型合并冲突。,只审核新增餐次，不要把合并结果直接批量批准。；区分成品主口味与可选蘸料后再决定。,pending,,
P1,MEAL_MODEL_ONLY,703,网红熔岩吐司,dish,,早餐|下午茶,早餐|下午茶,点心|甜品,甜|奶香,,原始 label 没有餐次，候选餐次完全由模型生成。,按菜名、食材和步骤确认全部候选餐次。,pending,,
P1,MEAL_MODEL_ONLY,708,酒酿蒸蛏子,dish,,午餐|晚餐,午餐|晚餐,主菜,咸鲜|鲜香,,原始 label 没有餐次，候选餐次完全由模型生成。,按菜名、食材和步骤确认全部候选餐次。,pending,,
P1,TASTE_TAGS_5_PLUS,716,番茄牛腩,dish,午餐|晚餐,午餐|晚餐,,主菜|汤羹,酸|甜|清淡|酸甜|咸鲜,,口味标签达到 5 个及以上，检索区分度可能过低。,保留成品的主要口味，删除只描述可选调料的标签。,pending,,
P1,MEAL_ADDITION_ON_LABELED,718,枣花馍馍,dish,早餐,早餐|下午茶,下午茶,面食|点心,甜,儿童|老人,原始 label 已有餐次，模型又新增餐次；当前合并逻辑只增不减。,只审核新增餐次，不要把合并结果直接批量批准。,pending,,
P1,MEAL_ADDITION_ON_LABELED,722,葱油饼,dish,早餐,早餐|下午茶,下午茶,面食|小吃,咸鲜,老人,原始 label 已有餐次，模型又新增餐次；当前合并逻辑只增不减。,只审核新增餐次，不要把合并结果直接批量批准。,pending,,
P1,MEAL_ADDITION_ON_LABELED,732,蜜桃玫瑰银耳养颜盅,dish,午餐|晚餐,午餐|晚餐|下午茶,下午茶,甜品|汤羹,甜|清淡,老人,原始 label 已有餐次，模型又新增餐次；当前合并逻辑只增不减。,只审核新增餐次，不要把合并结果直接批量批准。,pending,,
P1,MEAL_MODEL_ONLY,733,藜麦土豆球,dish,,午餐|晚餐,午餐|晚餐,主食|小吃,咸鲜,,原始 label 没有餐次，候选餐次完全由模型生成。,按菜名、食材和步骤确认全部候选餐次。,pending,,
P1,TASTE_LIGHT_SPICY_CONFLICT,735,蒜蓉迷迭香烤虾,dish,午餐|晚餐,午餐|晚餐,,主菜,清淡|咸鲜|香辣,,同时含清淡与辣/麻辣/香辣，可能来自原标签与模型合并冲突。,区分成品主口味与可选蘸料后再决定。,pending,,
P1,MEAL_MODEL_ONLY,740,韭香双笋蛏肉百叶卷,dish,,午餐|晚餐,午餐|晚餐,主菜,鲜香,,原始 label 没有餐次，候选餐次完全由模型生成。,按菜名、食材和步骤确认全部候选餐次。,pending,,
P1,MEAL_MODEL_ONLY,743,清蒸农家鸡,dish,,午餐|晚餐,午餐|晚餐,主菜,咸鲜,,原始 label 没有餐次，候选餐次完全由模型生成。,按菜名、食材和步骤确认全部候选餐次。,pending,,
P1,MEAL_MODEL_ONLY,754,红咖喱松板肉,dish,,午餐|晚餐,午餐|晚餐,主菜,咸鲜|辣,,原始 label 没有餐次，候选餐次完全由模型生成。,按菜名、食材和步骤确认全部候选餐次。,pending,,
P1,MEAL_MODEL_ONLY,756,慢烤三文鱼配花椰菜泥,dish,,午餐|晚餐,午餐|晚餐,主菜,咸鲜|酸,,原始 label 没有餐次，候选餐次完全由模型生成。,按菜名、食材和步骤确认全部候选餐次。,pending,,
P1,MEAL_ADDITION_ON_LABELED,760,豉汁蒸鲈鱼,dish,晚餐,晚餐|午餐,午餐,主菜,咸鲜,老人,原始 label 已有餐次，模型又新增餐次；当前合并逻辑只增不减。,只审核新增餐次，不要把合并结果直接批量批准。,pending,,
P1,MEAL_MODEL_ONLY,777,咸菜笋丁肉馅青团,dish,,早餐|下午茶,早餐|下午茶,点心,咸鲜,,原始 label 没有餐次，候选餐次完全由模型生成。,按菜名、食材和步骤确认全部候选餐次。,pending,,
P1,MEAL_ADDITION_ON_LABELED,779,烤鱿鱼,dish,晚餐,晚餐|午餐,午餐,主菜|小吃,咸鲜|香辣,,原始 label 已有餐次，模型又新增餐次；当前合并逻辑只增不减。,只审核新增餐次，不要把合并结果直接批量批准。,pending,,
P1,MEAL_MODEL_ONLY,784,鱼子酱牛油果焗蛋,dish,,早餐|午餐,早餐|午餐,主菜|小吃,咸鲜|奶香,,原始 label 没有餐次，候选餐次完全由模型生成。,按菜名、食材和步骤确认全部候选餐次。,pending,,
P1,MEAL_MODEL_ONLY,793,羊肚菌芦笋百合,dish,,午餐|晚餐,午餐|晚餐,配菜,咸鲜|清淡,,原始 label 没有餐次，候选餐次完全由模型生成。,按菜名、食材和步骤确认全部候选餐次。,pending,,
P1,TASTE_LIGHT_SPICY_CONFLICT,796,小炒四季豆,dish,午餐|晚餐,午餐|晚餐,,主菜|配菜,清淡|咸鲜|辣,儿童|老人,同时含清淡与辣/麻辣/香辣，可能来自原标签与模型合并冲突。,区分成品主口味与可选蘸料后再决定。,pending,,
P1,MEAL_MODEL_ONLY,803,黄皮焖蒸黑虎虾,dish,,午餐|晚餐,午餐|晚餐,主菜,咸鲜|酸甜,,原始 label 没有餐次，候选餐次完全由模型生成。,按菜名、食材和步骤确认全部候选餐次。,pending,,
P1,MEAL_ADDITION_ON_LABELED,811,蒜香蒸烤茄子,dish,晚餐,晚餐|午餐,午餐,主菜|配菜,辣|咸鲜,,原始 label 已有餐次，模型又新增餐次；当前合并逻辑只增不减。,只审核新增餐次，不要把合并结果直接批量批准。,pending,,
P1,MEAL_ADDITION_ON_LABELED,812,小猪包,dish,早餐|晚餐,早餐|晚餐|下午茶,下午茶,点心|主食,甜,儿童,原始 label 已有餐次，模型又新增餐次；当前合并逻辑只增不减。,只审核新增餐次，不要把合并结果直接批量批准。,pending,,
P1,MEAL_MODEL_ONLY,814,北芪淮山猪骨汤,dish,,午餐|晚餐,午餐|晚餐,汤羹,清淡|咸鲜,,原始 label 没有餐次，候选餐次完全由模型生成。,按菜名、食材和步骤确认全部候选餐次。,pending,,
P1,MEAL_MODEL_ONLY,820,鸡丝玉米粥,dish,,早餐|晚餐,早餐|晚餐,粥,咸鲜|清淡,,原始 label 没有餐次，候选餐次完全由模型生成。,按菜名、食材和步骤确认全部候选餐次。,pending,,
P1,MEAL_MODEL_ONLY,826,法式羊排,dish,,午餐|晚餐,午餐|晚餐,主菜,咸鲜,,原始 label 没有餐次，候选餐次完全由模型生成。,按菜名、食材和步骤确认全部候选餐次。,pending,,
P1,MEAL_MODEL_ONLY,827,开韭蒸鳜鱼,dish,,午餐|晚餐,午餐|晚餐,主菜,咸鲜|鲜香,,原始 label 没有餐次，候选餐次完全由模型生成。,按菜名、食材和步骤确认全部候选餐次。,pending,,
P1,MEAL_ADDITION_ON_LABELED,835,豉汁蒸鲈鱼,dish,晚餐,晚餐|午餐,午餐,主菜,咸鲜,老人,原始 label 已有餐次，模型又新增餐次；当前合并逻辑只增不减。,只审核新增餐次，不要把合并结果直接批量批准。,pending,,
P1,MEAL_ADDITION_ON_LABELED,837,清蒸多宝鱼,dish,晚餐,晚餐|午餐,午餐,主菜,清淡|咸鲜,老人,原始 label 已有餐次，模型又新增餐次；当前合并逻辑只增不减。,只审核新增餐次，不要把合并结果直接批量批准。,pending,,
P1,MEAL_MODEL_ONLY,843,肚脐包,dish,,早餐|下午茶,早餐|下午茶,点心,甜,,原始 label 没有餐次，候选餐次完全由模型生成。,按菜名、食材和步骤确认全部候选餐次。,pending,,
P1,MEAL_ADDITION_ON_LABELED,848,蔓越莓核桃薄饼,dish,早餐,早餐|下午茶,下午茶,点心,酸|甜,,原始 label 已有餐次，模型又新增餐次；当前合并逻辑只增不减。,只审核新增餐次，不要把合并结果直接批量批准。,pending,,
P1,MEAL_MODEL_ONLY,851,牛脆脆,dish,,午餐|晚餐,午餐|晚餐,主菜,咸鲜|香辣,,原始 label 没有餐次，候选餐次完全由模型生成。,按菜名、食材和步骤确认全部候选餐次。,pending,,
P1,TASTE_LIGHT_SPICY_CONFLICT,853,凉拌秋葵,dish,午餐|晚餐,午餐|晚餐,,配菜,清淡|酸|辣|咸鲜,儿童|老人,同时含清淡与辣/麻辣/香辣，可能来自原标签与模型合并冲突。,区分成品主口味与可选蘸料后再决定。,pending,,
P1,MEAL_MODEL_ONLY,858,蒸香干,dish,,午餐|晚餐,午餐|晚餐,配菜,咸鲜|辣,,原始 label 没有餐次，候选餐次完全由模型生成。,按菜名、食材和步骤确认全部候选餐次。,pending,,
P1,MEAL_MODEL_ONLY,860,鸡蛋牛奶炖燕窝,dish,,早餐|下午茶,早餐|下午茶,甜品,奶香|甜,,原始 label 没有餐次，候选餐次完全由模型生成。,按菜名、食材和步骤确认全部候选餐次。,pending,,
P1,MEAL_MODEL_ONLY,864,鳕鱼豆腐汤,dish,,午餐|晚餐,午餐|晚餐,汤羹,咸鲜|清淡,,原始 label 没有餐次，候选餐次完全由模型生成。,按菜名、食材和步骤确认全部候选餐次。,pending,,
P1,MEAL_MODEL_ONLY,865,快手清蒸黄花鱼,dish,,午餐|晚餐,午餐|晚餐,主菜,咸鲜,,原始 label 没有餐次，候选餐次完全由模型生成。,按菜名、食材和步骤确认全部候选餐次。,pending,,
P1,MEAL_MODEL_ONLY,872,实蛋,dish,,午餐|晚餐,午餐|晚餐,小吃,咸鲜,,原始 label 没有餐次，候选餐次完全由模型生成。,按菜名、食材和步骤确认全部候选餐次。,pending,,
P1,MEAL_MODEL_ONLY,874,茯苓饼干,dish,,下午茶,下午茶,点心,甜,,原始 label 没有餐次，候选餐次完全由模型生成。,按菜名、食材和步骤确认全部候选餐次。,pending,,
P1,TASTE_LIGHT_SPICY_CONFLICT,877,快手小米蒸排骨,dish,午餐|晚餐,午餐|晚餐,,主菜,清淡|咸鲜|辣,,同时含清淡与辣/麻辣/香辣，可能来自原标签与模型合并冲突。,区分成品主口味与可选蘸料后再决定。,pending,,
P1,MEAL_ADDITION_ON_LABELED,885,云朵馒头,dish,早餐,早餐|下午茶,下午茶,主食|点心,清淡|甜|奶香,儿童,原始 label 已有餐次，模型又新增餐次；当前合并逻辑只增不减。,只审核新增餐次，不要把合并结果直接批量批准。,pending,,
P1,MEAL_MODEL_ONLY,887,泡菜牛奶炖大连鲍,dish,,午餐|晚餐,午餐|晚餐,主菜|汤羹,辣|奶香|咸鲜,,原始 label 没有餐次，候选餐次完全由模型生成。,按菜名、食材和步骤确认全部候选餐次。,pending,,
P1,TASTE_LIGHT_SPICY_CONFLICT,888,温烫羊肉,dish,午餐|晚餐,午餐|晚餐,,主菜,辣|咸鲜|清淡,儿童|老人,同时含清淡与辣/麻辣/香辣，可能来自原标签与模型合并冲突。,区分成品主口味与可选蘸料后再决定。,pending,,
P1,MEAL_ADDITION_ON_LABELED,895,卤蛋,dish,早餐,早餐|午餐|晚餐,午餐|晚餐,小吃,咸鲜,儿童|老人,原始 label 已有餐次，模型又新增餐次；当前合并逻辑只增不减。,只审核新增餐次，不要把合并结果直接批量批准。,pending,,
P1,TASTE_TAGS_5_PLUS|TASTE_LIGHT_SPICY_CONFLICT,903,五味乌鸡煲,dish,午餐|晚餐,午餐|晚餐,,汤羹,酸|甜|辣|清淡|咸鲜,老人,口味标签达到 5 个及以上，检索区分度可能过低。；同时含清淡与辣/麻辣/香辣，可能来自原标签与模型合并冲突。,保留成品的主要口味，删除只描述可选调料的标签。；区分成品主口味与可选蘸料后再决定。,pending,,
P1,TASTE_LIGHT_SPICY_CONFLICT,908,凉拌空心菜,dish,午餐|晚餐,午餐|晚餐,,配菜,酸|辣|清淡,老人,同时含清淡与辣/麻辣/香辣，可能来自原标签与模型合并冲突。,区分成品主口味与可选蘸料后再决定。,pending,,
P1,TASTE_TAGS_5_PLUS|TASTE_LIGHT_SPICY_CONFLICT,909,创意手抓饼面包,dish,早餐|下午茶,早餐|下午茶,,点心|主食,酸|甜|辣|清淡|咸鲜|奶香,,口味标签达到 5 个及以上，检索区分度可能过低。；同时含清淡与辣/麻辣/香辣，可能来自原标签与模型合并冲突。,保留成品的主要口味，删除只描述可选调料的标签。；区分成品主口味与可选蘸料后再决定。,pending,,
P1,MEAL_MODEL_ONLY,912,低温慢煮卤鲍鱼,dish,,午餐|晚餐,午餐|晚餐,主菜,咸鲜,,原始 label 没有餐次，候选餐次完全由模型生成。,按菜名、食材和步骤确认全部候选餐次。,pending,,
P1,MEAL_MODEL_ONLY,914,藿香泡椒蒸黄鱼,dish,,午餐|晚餐,午餐|晚餐,主菜,酸|辣|咸鲜,,原始 label 没有餐次，候选餐次完全由模型生成。,按菜名、食材和步骤确认全部候选餐次。,pending,,
P1,MEAL_MODEL_ONLY,917,孜然牛肉粒,dish,,午餐|晚餐,午餐|晚餐,主菜,香辣|咸鲜,,原始 label 没有餐次，候选餐次完全由模型生成。,按菜名、食材和步骤确认全部候选餐次。,pending,,
P1,TASTE_TAGS_5_PLUS|TASTE_LIGHT_SPICY_CONFLICT,926,豆香排骨,dish,午餐|晚餐,午餐|晚餐,,主菜,酸|甜|辣|清淡|咸鲜,老人,口味标签达到 5 个及以上，检索区分度可能过低。；同时含清淡与辣/麻辣/香辣，可能来自原标签与模型合并冲突。,保留成品的主要口味，删除只描述可选调料的标签。；区分成品主口味与可选蘸料后再决定。,pending,,
P1,MEAL_ADDITION_ON_LABELED,927,白菜香菇素包子,dish,早餐|晚餐,早餐|晚餐|午餐,午餐,主食|面食,清淡|咸鲜,老人,原始 label 已有餐次，模型又新增餐次；当前合并逻辑只增不减。,只审核新增餐次，不要把合并结果直接批量批准。,pending,,
P1,MEAL_MODEL_ONLY,930,苹果酱汁烤叉烧,dish,,午餐|晚餐,午餐|晚餐,主菜,咸鲜|甜,,原始 label 没有餐次，候选餐次完全由模型生成。,按菜名、食材和步骤确认全部候选餐次。,pending,,
P1,MEAL_ADDITION_ON_LABELED,932,开花馒头,dish,早餐|晚餐,早餐|晚餐|下午茶,下午茶,主食|点心,甜,儿童|老人,原始 label 已有餐次，模型又新增餐次；当前合并逻辑只增不减。,只审核新增餐次，不要把合并结果直接批量批准。,pending,,
P1,MEAL_ADDITION_ON_LABELED,933,家常菜肉包子,dish,早餐|晚餐,早餐|晚餐|午餐,午餐,主食|面食,清淡|咸鲜,老人,原始 label 已有餐次，模型又新增餐次；当前合并逻辑只增不减。,只审核新增餐次，不要把合并结果直接批量批准。,pending,,
P1,MEAL_ADDITION_ON_LABELED|DISH_TYPE_TAGS_3_PLUS,938,苹果八宝饭,dish,午餐|晚餐,午餐|晚餐|下午茶,下午茶,主食|点心|甜品,甜,儿童|老人,原始 label 已有餐次，模型又新增餐次；当前合并逻辑只增不减。；菜品类型标签达到 3 个及以上，可能过宽。,只审核新增餐次，不要把合并结果直接批量批准。；保留实际参与检索筛选的主要类型。,pending,,
P1,MEAL_MODEL_ONLY,939,土茯苓苹果猪骨汤,dish,,午餐|晚餐,午餐|晚餐,汤羹,清淡|咸鲜,,原始 label 没有餐次，候选餐次完全由模型生成。,按菜名、食材和步骤确认全部候选餐次。,pending,,
P1,MEAL_MODEL_ONLY,946,腊汁肉夹馍,dish,,午餐|晚餐,午餐|晚餐,主食|小吃,咸鲜,,原始 label 没有餐次，候选餐次完全由模型生成。,按菜名、食材和步骤确认全部候选餐次。,pending,,
P1,TASTE_LIGHT_SPICY_CONFLICT,951,翠竹报春,dish,午餐|晚餐,午餐|晚餐,,主菜|配菜,清淡|咸鲜|辣,儿童|老人,同时含清淡与辣/麻辣/香辣，可能来自原标签与模型合并冲突。,区分成品主口味与可选蘸料后再决定。,pending,,
P1,MEAL_MODEL_ONLY,967,砂锅焗烤芦笋牛肉,dish,,午餐|晚餐,午餐|晚餐,主菜,咸鲜|香辣,,原始 label 没有餐次，候选餐次完全由模型生成。,按菜名、食材和步骤确认全部候选餐次。,pending,,
P1,MEAL_ADDITION_ON_LABELED,971,小餐包,dish,早餐,早餐|下午茶,下午茶,点心,甜|奶香,,原始 label 已有餐次，模型又新增餐次；当前合并逻辑只增不减。,只审核新增餐次，不要把合并结果直接批量批准。,pending,,
P1,TASTE_LIGHT_SPICY_CONFLICT,978,南瓜粉蒸肉,dish,午餐|晚餐,午餐|晚餐,,主菜,清淡|咸鲜|辣,,同时含清淡与辣/麻辣/香辣，可能来自原标签与模型合并冲突。,区分成品主口味与可选蘸料后再决定。,pending,,
P1,MEAL_MODEL_ONLY,980,醉糟鲜鲍鱼配鱼子酱,dish,,午餐|晚餐,午餐|晚餐,主菜,咸鲜,,原始 label 没有餐次，候选餐次完全由模型生成。,按菜名、食材和步骤确认全部候选餐次。,pending,,
P1,MEAL_MODEL_ONLY,981,无油抹茶紫薯饼,dish,,早餐|下午茶,早餐|下午茶,点心,甜,,原始 label 没有餐次，候选餐次完全由模型生成。,按菜名、食材和步骤确认全部候选餐次。,pending,,
P1,TASTE_LIGHT_SPICY_CONFLICT,992,时蔬烤鱼,dish,午餐|晚餐,午餐|晚餐,,主菜,清淡|咸鲜|香辣,,同时含清淡与辣/麻辣/香辣，可能来自原标签与模型合并冲突。,区分成品主口味与可选蘸料后再决定。,pending,,
P1,MEAL_MODEL_ONLY,1013,香椿烤鸡翅,dish,,午餐|晚餐,午餐|晚餐,主菜,咸鲜,,原始 label 没有餐次，候选餐次完全由模型生成。,按菜名、食材和步骤确认全部候选餐次。,pending,,
P1,MEAL_MODEL_ONLY,1018,秋葵酿虾,dish,,午餐|晚餐,午餐|晚餐,主菜,咸鲜,,原始 label 没有餐次，候选餐次完全由模型生成。,按菜名、食材和步骤确认全部候选餐次。,pending,,
P1,MEAL_MODEL_ONLY,1027,酒蒸鸭子,dish,,午餐|晚餐,午餐|晚餐,主菜,咸鲜,,原始 label 没有餐次，候选餐次完全由模型生成。,按菜名、食材和步骤确认全部候选餐次。,pending,,
P1,MEAL_MODEL_ONLY,1033,鲜当归蒸羊肉,dish,,午餐|晚餐,午餐|晚餐,主菜|汤羹,咸鲜,,原始 label 没有餐次，候选餐次完全由模型生成。,按菜名、食材和步骤确认全部候选餐次。,pending,,
P1,MEAL_MODEL_ONLY,1034,红豆薏仁糕,dish,,早餐|下午茶,早餐|下午茶,点心|主食,甜,,原始 label 没有餐次，候选餐次完全由模型生成。,按菜名、食材和步骤确认全部候选餐次。,pending,,
P1,MEAL_MODEL_ONLY,1040,盐焗鸡,dish,,午餐|晚餐,午餐|晚餐,主菜,咸鲜,,原始 label 没有餐次，候选餐次完全由模型生成。,按菜名、食材和步骤确认全部候选餐次。,pending,,
P1,MEAL_ADDITION_ON_LABELED,1049,虾蓉夜开花,dish,晚餐,晚餐|午餐,午餐,主菜,清淡|咸鲜,儿童,原始 label 已有餐次，模型又新增餐次；当前合并逻辑只增不减。,只审核新增餐次，不要把合并结果直接批量批准。,pending,,
P1,MEAL_MODEL_ONLY,1051,果味烤肉塔可,dish,,午餐|晚餐,午餐|晚餐,主食,咸鲜|甜,,原始 label 没有餐次，候选餐次完全由模型生成。,按菜名、食材和步骤确认全部候选餐次。,pending,,
P1,MEAL_MODEL_ONLY,1055,小米红薯三角包,dish,,早餐|下午茶,早餐|下午茶,点心|面食,甜,,原始 label 没有餐次，候选餐次完全由模型生成。,按菜名、食材和步骤确认全部候选餐次。,pending,,
P1,TASTE_TAGS_5_PLUS|TASTE_LIGHT_SPICY_CONFLICT,1067,日式串烧,dish,午餐|晚餐,午餐|晚餐,,主菜,酸|甜|辣|清淡|咸鲜,,口味标签达到 5 个及以上，检索区分度可能过低。；同时含清淡与辣/麻辣/香辣，可能来自原标签与模型合并冲突。,保留成品的主要口味，删除只描述可选调料的标签。；区分成品主口味与可选蘸料后再决定。,pending,,
P1,TASTE_TAGS_5_PLUS|TASTE_LIGHT_SPICY_CONFLICT,1073,大白菜包肉,dish,午餐|晚餐,午餐|晚餐,,主菜,酸|甜|辣|清淡|咸鲜,,口味标签达到 5 个及以上，检索区分度可能过低。；同时含清淡与辣/麻辣/香辣，可能来自原标签与模型合并冲突。,保留成品的主要口味，删除只描述可选调料的标签。；区分成品主口味与可选蘸料后再决定。,pending,,
P1,MEAL_MODEL_ONLY,1082,梅酱蒸梭子蟹,dish,,午餐|晚餐,午餐|晚餐,主菜,咸鲜|酸,,原始 label 没有餐次，候选餐次完全由模型生成。,按菜名、食材和步骤确认全部候选餐次。,pending,,
P1,TASTE_LIGHT_SPICY_CONFLICT,1093,浏阳蒸鸡,dish,午餐|晚餐,午餐|晚餐,,主菜,清淡|咸鲜|辣,老人,同时含清淡与辣/麻辣/香辣，可能来自原标签与模型合并冲突。,区分成品主口味与可选蘸料后再决定。,pending,,
P1,MEAL_MODEL_ONLY,1098,快手钵仔糕,dish,,下午茶,下午茶,点心|甜品,甜,,原始 label 没有餐次，候选餐次完全由模型生成。,按菜名、食材和步骤确认全部候选餐次。,pending,,
P1,TASTE_LIGHT_SPICY_CONFLICT,1102,低卡咖喱鸡,dish,午餐|晚餐,午餐|晚餐,,主菜,酸|辣|清淡|香辣,,同时含清淡与辣/麻辣/香辣，可能来自原标签与模型合并冲突。,区分成品主口味与可选蘸料后再决定。,pending,,
P1,MEAL_MODEL_ONLY,1106,白露|菌香肉酱蒸百合,dish,,午餐|晚餐,午餐|晚餐,主菜|配菜,咸鲜|鲜香,,原始 label 没有餐次，候选餐次完全由模型生成。,按菜名、食材和步骤确认全部候选餐次。,pending,,
P1,MEAL_MODEL_ONLY,1109,南瓜二米粥,dish,,早餐|晚餐,早餐|晚餐,粥,清淡|甜,,原始 label 没有餐次，候选餐次完全由模型生成。,按菜名、食材和步骤确认全部候选餐次。,pending,,
P1,TASTE_TAGS_5_PLUS|TASTE_LIGHT_SPICY_CONFLICT,1111,白菜猪肉饺子,dish,午餐|晚餐,午餐|晚餐,,主食|面食,酸|甜|辣|清淡|咸鲜,老人,口味标签达到 5 个及以上，检索区分度可能过低。；同时含清淡与辣/麻辣/香辣，可能来自原标签与模型合并冲突。,保留成品的主要口味，删除只描述可选调料的标签。；区分成品主口味与可选蘸料后再决定。,pending,,
P1,MEAL_ADDITION_ON_LABELED,1115,手到财来—孜然烤猪蹄,dish,晚餐,晚餐|午餐,午餐,主菜,辣|咸鲜|香辣,,原始 label 已有餐次，模型又新增餐次；当前合并逻辑只增不减。,只审核新增餐次，不要把合并结果直接批量批准。,pending,,
P1,MEAL_MODEL_ONLY,1120,烤全鸡,dish,,午餐|晚餐,午餐|晚餐,主菜,咸鲜,,原始 label 没有餐次，候选餐次完全由模型生成。,按菜名、食材和步骤确认全部候选餐次。,pending,,
P1,MEAL_MODEL_ONLY,1124,匈牙利炖和牛腹,dish,,午餐|晚餐,午餐|晚餐,主菜,咸鲜|鲜香,,原始 label 没有餐次，候选餐次完全由模型生成。,按菜名、食材和步骤确认全部候选餐次。,pending,,
P1,MEAL_MODEL_ONLY,1125,珍珠糯米鸡,dish,,午餐|晚餐,午餐|晚餐,主食,咸鲜|鲜香,,原始 label 没有餐次，候选餐次完全由模型生成。,按菜名、食材和步骤确认全部候选餐次。,pending,,
P1,MEAL_ADDITION_ON_LABELED,1126,蒜香馒头片,dish,早餐,早餐|下午茶,下午茶,小吃|点心,咸鲜|奶香,,原始 label 已有餐次，模型又新增餐次；当前合并逻辑只增不减。,只审核新增餐次，不要把合并结果直接批量批准。,pending,,
P1,MEAL_MODEL_ONLY,1139,芝士焗带子,dish,,午餐|晚餐,午餐|晚餐,主菜|小吃,咸鲜|奶香,,原始 label 没有餐次，候选餐次完全由模型生成。,按菜名、食材和步骤确认全部候选餐次。,pending,,
P1,MEAL_ADDITION_ON_LABELED,1142,花开牡丹虾,dish,晚餐,晚餐|午餐,午餐,主菜,清淡|咸鲜|鲜香,儿童,原始 label 已有餐次，模型又新增餐次；当前合并逻辑只增不减。,只审核新增餐次，不要把合并结果直接批量批准。,pending,,
P1,MEAL_MODEL_ONLY,1148,宝宝鳕鱼肠,dish,,早餐|午餐|晚餐,早餐|午餐|晚餐,小吃,咸鲜,,原始 label 没有餐次，候选餐次完全由模型生成。,按菜名、食材和步骤确认全部候选餐次。,pending,,
P1,MEAL_ADDITION_ON_LABELED,1153,经典扬州烧麦,dish,早餐|晚餐,早餐|晚餐|午餐,午餐,主食|点心,咸鲜,,原始 label 已有餐次，模型又新增餐次；当前合并逻辑只增不减。,只审核新增餐次，不要把合并结果直接批量批准。,pending,,
P1,MEAL_MODEL_ONLY,1162,苹果雪梨猪腱汤,dish,,午餐|晚餐,午餐|晚餐,汤羹,清淡|甜,,原始 label 没有餐次，候选餐次完全由模型生成。,按菜名、食材和步骤确认全部候选餐次。,pending,,
P1,MEAL_MODEL_ONLY,1166,清炒西兰花,dish,,午餐|晚餐,午餐|晚餐,主菜|配菜,咸鲜|清淡,,原始 label 没有餐次，候选餐次完全由模型生成。,按菜名、食材和步骤确认全部候选餐次。,pending,,
P1,MEAL_MODEL_ONLY,1168,水晶萝卜狮子头,dish,,午餐|晚餐,午餐|晚餐,主菜,咸鲜|清淡,,原始 label 没有餐次，候选餐次完全由模型生成。,按菜名、食材和步骤确认全部候选餐次。,pending,,
P1,MEAL_MODEL_ONLY,1171,荠菜鲜肉青团,dish,,早餐|下午茶,早餐|下午茶,点心,咸鲜,,原始 label 没有餐次，候选餐次完全由模型生成。,按菜名、食材和步骤确认全部候选餐次。,pending,,
P1,MEAL_ADDITION_ON_LABELED,1178,韩式香烤五花肉,dish,晚餐,晚餐|午餐,午餐,主菜,甜|辣|香辣|咸鲜,,原始 label 已有餐次，模型又新增餐次；当前合并逻辑只增不减。,只审核新增餐次，不要把合并结果直接批量批准。,pending,,
P1,MEAL_ADDITION_ON_LABELED,1182,新加坡叻沙面,dish,早餐|晚餐,早餐|晚餐|午餐,午餐,主食|面食,酸|辣|鲜香,,原始 label 已有餐次，模型又新增餐次；当前合并逻辑只增不减。,只审核新增餐次，不要把合并结果直接批量批准。,pending,,
P1,MEAL_MODEL_ONLY,1191,波特干葱炖小羊腿,dish,,午餐|晚餐,午餐|晚餐,主菜,咸鲜|香辣,,原始 label 没有餐次，候选餐次完全由模型生成。,按菜名、食材和步骤确认全部候选餐次。,pending,,
P1,TASTE_TAGS_5_PLUS|TASTE_LIGHT_SPICY_CONFLICT,1192,叠烤蔬菜,dish,晚餐,晚餐,,配菜,酸|甜|辣|清淡|咸鲜,,口味标签达到 5 个及以上，检索区分度可能过低。；同时含清淡与辣/麻辣/香辣，可能来自原标签与模型合并冲突。,保留成品的主要口味，删除只描述可选调料的标签。；区分成品主口味与可选蘸料后再决定。,pending,,
P1,MEAL_MODEL_ONLY,1199,复热红糖馒头,dish,,早餐,早餐,主食|点心,甜,,原始 label 没有餐次，候选餐次完全由模型生成。,按菜名、食材和步骤确认全部候选餐次。,pending,,
P1,MEAL_MODEL_ONLY,1215,酒酿蒸白鳝,dish,,午餐|晚餐,午餐|晚餐,主菜,咸鲜|鲜香,,原始 label 没有餐次，候选餐次完全由模型生成。,按菜名、食材和步骤确认全部候选餐次。,pending,,
P1,TASTE_LIGHT_SPICY_CONFLICT,1217,孜然南瓜蒸鸡胸,dish,午餐|晚餐,午餐|晚餐,,主菜,辣|清淡|咸鲜|香辣,,同时含清淡与辣/麻辣/香辣，可能来自原标签与模型合并冲突。,区分成品主口味与可选蘸料后再决定。,pending,,
P1,MEAL_ADDITION_ON_LABELED,1220,红糖馒头,dish,早餐,早餐|下午茶,下午茶,主食|点心,甜,老人,原始 label 已有餐次，模型又新增餐次；当前合并逻辑只增不减。,只审核新增餐次，不要把合并结果直接批量批准。,pending,,
P1,MEAL_ADDITION_ON_LABELED,1222,北京烤肉,dish,晚餐,晚餐|午餐,午餐,主菜,咸鲜,,原始 label 已有餐次，模型又新增餐次；当前合并逻辑只增不减。,只审核新增餐次，不要把合并结果直接批量批准。,pending,,
P1,MEAL_ADDITION_ON_LABELED,1223,蒜蓉茼蒿菜,dish,晚餐,晚餐|午餐,午餐,主菜|配菜,清淡|咸鲜,,原始 label 已有餐次，模型又新增餐次；当前合并逻辑只增不减。,只审核新增餐次，不要把合并结果直接批量批准。,pending,,
P1,MEAL_MODEL_ONLY,1236,虫草花鸡汤,dish,,午餐|晚餐,午餐|晚餐,汤羹,咸鲜|清淡,,原始 label 没有餐次，候选餐次完全由模型生成。,按菜名、食材和步骤确认全部候选餐次。,pending,,
P1,TASTE_LIGHT_SPICY_CONFLICT,1245,旱蒸南瓜,dish,午餐|晚餐,午餐|晚餐,,主菜,清淡|香辣,儿童|老人,同时含清淡与辣/麻辣/香辣，可能来自原标签与模型合并冲突。,区分成品主口味与可选蘸料后再决定。,pending,,
P1,MEAL_MODEL_ONLY,1246,面包超人馒头,dish,,早餐|下午茶,早餐|下午茶,面食|点心,甜,,原始 label 没有餐次，候选餐次完全由模型生成。,按菜名、食材和步骤确认全部候选餐次。,pending,,
P1,MEAL_ADDITION_ON_LABELED,1248,山药鸡蛋糊,dish,午餐|晚餐,午餐|晚餐|早餐,早餐,汤羹,清淡,儿童|老人,原始 label 已有餐次，模型又新增餐次；当前合并逻辑只增不减。,只审核新增餐次，不要把合并结果直接批量批准。,pending,,
P1,MEAL_ADDITION_ON_LABELED,1251,红薯粥,dish,早餐,早餐|晚餐,晚餐,粥,甜|清淡,儿童|老人,原始 label 已有餐次，模型又新增餐次；当前合并逻辑只增不减。,只审核新增餐次，不要把合并结果直接批量批准。,pending,,
P1,MEAL_MODEL_ONLY,1257,四神小棍,dish,,下午茶,下午茶,点心,奶香|咸鲜,,原始 label 没有餐次，候选餐次完全由模型生成。,按菜名、食材和步骤确认全部候选餐次。,pending,,
P1,MEAL_MODEL_ONLY,1271,琼玉露,dish,,下午茶,下午茶,饮品,甜,,原始 label 没有餐次，候选餐次完全由模型生成。,按菜名、食材和步骤确认全部候选餐次。,pending,,
P1,MEAL_MODEL_ONLY,1277,家常猪蹄,dish,,午餐|晚餐,午餐|晚餐,主菜,咸鲜|香辣,,原始 label 没有餐次，候选餐次完全由模型生成。,按菜名、食材和步骤确认全部候选餐次。,pending,,
P1,MEAL_MODEL_ONLY,1283,地中海蔬菜烤鲈鱼,dish,,午餐|晚餐,午餐|晚餐,主菜,咸鲜|鲜香,,原始 label 没有餐次，候选餐次完全由模型生成。,按菜名、食材和步骤确认全部候选餐次。,pending,,
P1,TASTE_LIGHT_SPICY_CONFLICT,1286,豆豉蒸腐竹（台式）,dish,午餐|晚餐,午餐|晚餐,,主菜|配菜,清淡|咸鲜|辣,,同时含清淡与辣/麻辣/香辣，可能来自原标签与模型合并冲突。,区分成品主口味与可选蘸料后再决定。,pending,,
P1,MEAL_MODEL_ONLY,1296,小米蒸牛肉,dish,,午餐|晚餐,午餐|晚餐,主菜,咸鲜|香辣,,原始 label 没有餐次，候选餐次完全由模型生成。,按菜名、食材和步骤确认全部候选餐次。,pending,,
P1,MEAL_MODEL_ONLY,1306,盐焗梭子蟹,dish,,午餐|晚餐,午餐|晚餐,主菜,咸鲜,,原始 label 没有餐次，候选餐次完全由模型生成。,按菜名、食材和步骤确认全部候选餐次。,pending,,
P1,MEAL_MODEL_ONLY,1318,洋魁花酒蒸鳝背,dish,,午餐|晚餐,午餐|晚餐,主菜,咸鲜,,原始 label 没有餐次，候选餐次完全由模型生成。,按菜名、食材和步骤确认全部候选餐次。,pending,,
P1,MEAL_MODEL_ONLY,1327,鲜虾娃娃菜卷,dish,,午餐|晚餐,午餐|晚餐,主菜,咸鲜|清淡,,原始 label 没有餐次，候选餐次完全由模型生成。,按菜名、食材和步骤确认全部候选餐次。,pending,,
P1,MEAL_MODEL_ONLY|CUISINE_TAGS_3_PLUS,1329,轻松一锅蒸,dish,,午餐|晚餐,午餐|晚餐,主菜|配菜,咸鲜|辣|甜,,原始 label 没有餐次，候选餐次完全由模型生成。；菜系标签达到 3 个及以上，可能过宽。,按菜名、食材和步骤确认全部候选餐次。；确认是否确属融合菜，否则保留最贴切的菜系。,pending,,
P1,MEAL_MODEL_ONLY,1332,香甜蒸玉米,dish,,早餐|下午茶,早餐|下午茶,主食,甜,,原始 label 没有餐次，候选餐次完全由模型生成。,按菜名、食材和步骤确认全部候选餐次。,pending,,
P1,TASTE_TAGS_5_PLUS|TASTE_LIGHT_SPICY_CONFLICT,1337,五味青团,dish,早餐|下午茶,早餐|下午茶,,点心,酸|甜|辣|清淡|咸鲜,儿童,口味标签达到 5 个及以上，检索区分度可能过低。；同时含清淡与辣/麻辣/香辣，可能来自原标签与模型合并冲突。,保留成品的主要口味，删除只描述可选调料的标签。；区分成品主口味与可选蘸料后再决定。,pending,,
P1,MEAL_ADDITION_ON_LABELED,1355,烤箱版蒜香排骨,dish,晚餐,晚餐|午餐,午餐,主菜,咸鲜,,原始 label 已有餐次，模型又新增餐次；当前合并逻辑只增不减。,只审核新增餐次，不要把合并结果直接批量批准。,pending,,
P1,MEAL_ADDITION_ON_LABELED,1357,珍珠鲍鱼,dish,晚餐,晚餐|午餐,午餐,主菜,清淡|咸鲜,儿童,原始 label 已有餐次，模型又新增餐次；当前合并逻辑只增不减。,只审核新增餐次，不要把合并结果直接批量批准。,pending,,
P1,MEAL_ADDITION_ON_LABELED,1364,芝士面包圈,dish,早餐,早餐|下午茶,下午茶,面食|点心,甜|奶香,儿童,原始 label 已有餐次，模型又新增餐次；当前合并逻辑只增不减。,只审核新增餐次，不要把合并结果直接批量批准。,pending,,
P1,TASTE_LIGHT_SPICY_CONFLICT,1380,酸菜粉丝包,dish,早餐|午餐|晚餐,早餐|午餐|晚餐,,主食|面食,酸|辣|清淡,儿童|老人,同时含清淡与辣/麻辣/香辣，可能来自原标签与模型合并冲突。,区分成品主口味与可选蘸料后再决定。,pending,,
P1,TASTE_LIGHT_SPICY_CONFLICT,1383,香烤四季豆,dish,午餐|晚餐,午餐|晚餐,,配菜,清淡|咸鲜|辣,,同时含清淡与辣/麻辣/香辣，可能来自原标签与模型合并冲突。,区分成品主口味与可选蘸料后再决定。,pending,,
P1,MEAL_MODEL_ONLY,1397,烧烤金针菇,dish,,午餐|晚餐,午餐|晚餐,配菜,香辣,,原始 label 没有餐次，候选餐次完全由模型生成。,按菜名、食材和步骤确认全部候选餐次。,pending,,
P1,MEAL_MODEL_ONLY,1398,豆腐蔬菜蒸包,dish,,午餐|晚餐,午餐|晚餐,主食,咸鲜,,原始 label 没有餐次，候选餐次完全由模型生成。,按菜名、食材和步骤确认全部候选餐次。,pending,,
P1,MEAL_ADDITION_ON_LABELED,1412,香烤鳕鱼鲜蔬,dish,早餐|晚餐,早餐|晚餐|午餐,午餐,主菜,清淡|咸鲜,儿童,原始 label 已有餐次，模型又新增餐次；当前合并逻辑只增不减。,只审核新增餐次，不要把合并结果直接批量批准。,pending,,
P1,MEAL_ADDITION_ON_LABELED|CUISINE_TAGS_3_PLUS,1419,黑米粢饭团,dish,早餐,早餐|早午餐,早午餐,主食|小吃,甜|清淡|咸鲜,,原始 label 已有餐次，模型又新增餐次；当前合并逻辑只增不减。；菜系标签达到 3 个及以上，可能过宽。,只审核新增餐次，不要把合并结果直接批量批准。；确认是否确属融合菜，否则保留最贴切的菜系。,pending,,
P1,TASTE_TAGS_5_PLUS|TASTE_LIGHT_SPICY_CONFLICT,1426,嫩烤鱼,dish,晚餐,晚餐,,主菜,酸|甜|辣|清淡|香辣|咸鲜,,口味标签达到 5 个及以上，检索区分度可能过低。；同时含清淡与辣/麻辣/香辣，可能来自原标签与模型合并冲突。,保留成品的主要口味，删除只描述可选调料的标签。；区分成品主口味与可选蘸料后再决定。,pending,,
P1,MEAL_MODEL_ONLY,1430,蚕豆瓣蒸鲈鱼,dish,,午餐|晚餐,午餐|晚餐,主菜,咸鲜|鲜香,,原始 label 没有餐次，候选餐次完全由模型生成。,按菜名、食材和步骤确认全部候选餐次。,pending,,
P1,MEAL_MODEL_ONLY,1434,清炒菜心,dish,,午餐|晚餐,午餐|晚餐,配菜,咸鲜|清淡,,原始 label 没有餐次，候选餐次完全由模型生成。,按菜名、食材和步骤确认全部候选餐次。,pending,,
P1,MEAL_MODEL_ONLY,1448,快手三色麻薯,dish,,下午茶,下午茶,点心,甜,,原始 label 没有餐次，候选餐次完全由模型生成。,按菜名、食材和步骤确认全部候选餐次。,pending,,
P1,MEAL_MODEL_ONLY,1450,口蘑青菜,dish,,午餐|晚餐,午餐|晚餐,配菜,咸鲜|清淡,,原始 label 没有餐次，候选餐次完全由模型生成。,按菜名、食材和步骤确认全部候选餐次。,pending,,
P1,TASTE_LIGHT_SPICY_CONFLICT,1464,三丝鱼嘴,dish,午餐|晚餐,午餐|晚餐,,主菜,酸|辣|咸鲜|清淡,老人,同时含清淡与辣/麻辣/香辣，可能来自原标签与模型合并冲突。,区分成品主口味与可选蘸料后再决定。,pending,,
P1,MEAL_MODEL_ONLY,1468,辣子肥肠,dish,,午餐|晚餐,午餐|晚餐,主菜,麻辣|香辣,,原始 label 没有餐次，候选餐次完全由模型生成。,按菜名、食材和步骤确认全部候选餐次。,pending,,
P1,MEAL_ADDITION_ON_LABELED,1469,白米糕,dish,早餐,早餐|下午茶,下午茶,点心,甜,儿童|老人,原始 label 已有餐次，模型又新增餐次；当前合并逻辑只增不减。,只审核新增餐次，不要把合并结果直接批量批准。,pending,,
P1,MEAL_MODEL_ONLY,1478,黄油洋葱烤蟹,dish,,午餐|晚餐,午餐|晚餐,主菜,咸鲜|奶香,,原始 label 没有餐次，候选餐次完全由模型生成。,按菜名、食材和步骤确认全部候选餐次。,pending,,
P1,MEAL_MODEL_ONLY,1486,广式啫啫鸡,dish,,午餐|晚餐,午餐|晚餐,主菜,咸鲜,,原始 label 没有餐次，候选餐次完全由模型生成。,按菜名、食材和步骤确认全部候选餐次。,pending,,
P1,MEAL_ADDITION_ON_LABELED,1489,红豆甜汤,dish,午餐|晚餐,午餐|晚餐|下午茶,下午茶,甜品|汤羹,甜,儿童|老人,原始 label 已有餐次，模型又新增餐次；当前合并逻辑只增不减。,只审核新增餐次，不要把合并结果直接批量批准。,pending,,
P1,MEAL_ADDITION_ON_LABELED,1493,芝麻包,dish,早餐,早餐|下午茶,下午茶,点心|面食,甜,,原始 label 已有餐次，模型又新增餐次；当前合并逻辑只增不减。,只审核新增餐次，不要把合并结果直接批量批准。,pending,,
P1,MEAL_ADDITION_ON_LABELED,1494,奶香糯米窝窝头,dish,早餐,早餐|下午茶,下午茶,主食|点心,甜|奶香,儿童|老人,原始 label 已有餐次，模型又新增餐次；当前合并逻辑只增不减。,只审核新增餐次，不要把合并结果直接批量批准。,pending,,
P1,TASTE_LIGHT_SPICY_CONFLICT,1498,烤冬笋,dish,午餐|晚餐,午餐|晚餐,,配菜,清淡|咸鲜|香辣,,同时含清淡与辣/麻辣/香辣，可能来自原标签与模型合并冲突。,区分成品主口味与可选蘸料后再决定。,pending,,
P1,MEAL_MODEL_ONLY,1499,地中海式焗海鲜,dish,,午餐|晚餐,午餐|晚餐,主菜,咸鲜|鲜香,,原始 label 没有餐次，候选餐次完全由模型生成。,按菜名、食材和步骤确认全部候选餐次。,pending,,
P1,TASTE_TAGS_5_PLUS|TASTE_LIGHT_SPICY_CONFLICT,1512,奇葩说,dish,下午茶,下午茶,,饮品|甜品,酸|甜|辣|清淡|酸甜,,口味标签达到 5 个及以上，检索区分度可能过低。；同时含清淡与辣/麻辣/香辣，可能来自原标签与模型合并冲突。,保留成品的主要口味，删除只描述可选调料的标签。；区分成品主口味与可选蘸料后再决定。,pending,,
P1,MEAL_MODEL_ONLY,1514,清蒸鸡肉白菜卷,dish,,午餐|晚餐,午餐|晚餐,主菜,咸鲜|清淡,,原始 label 没有餐次，候选餐次完全由模型生成。,按菜名、食材和步骤确认全部候选餐次。,pending,,
P1,MEAL_ADDITION_ON_LABELED,1520,宫廷奶卷,dish,早餐,早餐|下午茶,下午茶,甜品|点心,甜|奶香,儿童|老人,原始 label 已有餐次，模型又新增餐次；当前合并逻辑只增不减。,只审核新增餐次，不要把合并结果直接批量批准。,pending,,
P1,MEAL_ADDITION_ON_LABELED,1521,日式馒头,dish,早餐,早餐|下午茶,下午茶,面食|点心,清淡|奶香,老人,原始 label 已有餐次，模型又新增餐次；当前合并逻辑只增不减。,只审核新增餐次，不要把合并结果直接批量批准。,pending,,
P1,MEAL_MODEL_ONLY,1525,桑葚燕麦粥,dish,,早餐|晚餐,早餐|晚餐,粥,清淡,,原始 label 没有餐次，候选餐次完全由模型生成。,按菜名、食材和步骤确认全部候选餐次。,pending,,
P1,MEAL_MODEL_ONLY,1533,南瓜豆沙冰皮月饼,dish,,下午茶,下午茶,点心|甜品,甜,,原始 label 没有餐次，候选餐次完全由模型生成。,按菜名、食材和步骤确认全部候选餐次。,pending,,
P1,MEAL_MODEL_ONLY,1545,花开富贵—茄汁桂鱼,dish,,午餐|晚餐,午餐|晚餐,主菜,酸甜,,原始 label 没有餐次，候选餐次完全由模型生成。,按菜名、食材和步骤确认全部候选餐次。,pending,,
P1,MEAL_MODEL_ONLY|DISH_TYPE_TAGS_3_PLUS,1554,叉烧包,dish,,早餐|午餐|晚餐,早餐|午餐|晚餐,主食|面食|点心,咸鲜|甜,,原始 label 没有餐次，候选餐次完全由模型生成。；菜品类型标签达到 3 个及以上，可能过宽。,按菜名、食材和步骤确认全部候选餐次。；保留实际参与检索筛选的主要类型。,pending,,
P1,TASTE_LIGHT_SPICY_CONFLICT,1557,糟卤冰镇小龙虾,dish,午餐|晚餐,午餐|晚餐,,主菜,酸|辣|清淡|咸鲜,儿童,同时含清淡与辣/麻辣/香辣，可能来自原标签与模型合并冲突。,区分成品主口味与可选蘸料后再决定。,pending,,
P1,MEAL_ADDITION_ON_LABELED|TASTE_TAGS_5_PLUS|TASTE_LIGHT_SPICY_CONFLICT,1559,洋葱牛肉包子,dish,早餐,早餐|午餐,午餐,面食,酸|甜|辣|清淡|咸鲜,,原始 label 已有餐次，模型又新增餐次；当前合并逻辑只增不减。；口味标签达到 5 个及以上，检索区分度可能过低。；同时含清淡与辣/麻辣/香辣，可能来自原标签与模型合并冲突。,只审核新增餐次，不要把合并结果直接批量批准。；保留成品的主要口味，删除只描述可选调料的标签。；区分成品主口味与可选蘸料后再决定。,pending,,
P1,MEAL_MODEL_ONLY,1578,香蕉燕麦能量棒,dish,,早餐|下午茶,早餐|下午茶,点心|甜品,甜,,原始 label 没有餐次，候选餐次完全由模型生成。,按菜名、食材和步骤确认全部候选餐次。,pending,,
P1,MEAL_MODEL_ONLY,1587,三文鱼蔬菜饼,dish,,早餐|午餐|晚餐,早餐|午餐|晚餐,主菜,咸鲜,,原始 label 没有餐次，候选餐次完全由模型生成。,按菜名、食材和步骤确认全部候选餐次。,pending,,
P1,TASTE_LIGHT_SPICY_CONFLICT,1592,蒜香烤花菜,dish,午餐|晚餐,午餐|晚餐,,配菜,清淡|咸鲜|香辣,,同时含清淡与辣/麻辣/香辣，可能来自原标签与模型合并冲突。,区分成品主口味与可选蘸料后再决定。,pending,,
P1,MEAL_ADDITION_ON_LABELED,1615,凉拌鲫鱼,dish,晚餐,晚餐|午餐,午餐,主菜,酸|辣|鲜香,,原始 label 已有餐次，模型又新增餐次；当前合并逻辑只增不减。,只审核新增餐次，不要把合并结果直接批量批准。,pending,,
P1,MEAL_MODEL_ONLY,1617,海南椰子鸡,dish,,午餐|晚餐,午餐|晚餐,主菜|汤羹,咸鲜|清淡,,原始 label 没有餐次，候选餐次完全由模型生成。,按菜名、食材和步骤确认全部候选餐次。,pending,,
P1,MEAL_ADDITION_ON_LABELED,1642,蔓越莓三色吐司,dish,早餐,早餐|下午茶,下午茶,点心|主食,甜,儿童,原始 label 已有餐次，模型又新增餐次；当前合并逻辑只增不减。,只审核新增餐次，不要把合并结果直接批量批准。,pending,,
P1,MEAL_MODEL_ONLY,1647,低温清蒸三文鱼,dish,,午餐|晚餐,午餐|晚餐,主菜,咸鲜|鲜香,,原始 label 没有餐次，候选餐次完全由模型生成。,按菜名、食材和步骤确认全部候选餐次。,pending,,
P1,TASTE_TAGS_5_PLUS|TASTE_LIGHT_SPICY_CONFLICT,1650,迷迭香柠檬烤鸡,dish,午餐|晚餐,午餐|晚餐,,主菜,酸|甜|辣|清淡|咸鲜,,口味标签达到 5 个及以上，检索区分度可能过低。；同时含清淡与辣/麻辣/香辣，可能来自原标签与模型合并冲突。,保留成品的主要口味，删除只描述可选调料的标签。；区分成品主口味与可选蘸料后再决定。,pending,,
P1,MEAL_MODEL_ONLY,1656,冬瓜粥,dish,,早餐|晚餐,早餐|晚餐,粥,清淡,,原始 label 没有餐次，候选餐次完全由模型生成。,按菜名、食材和步骤确认全部候选餐次。,pending,,
P1,TASTE_TAGS_5_PLUS|TASTE_LIGHT_SPICY_CONFLICT,1679,番茄牛肉烩饭,dish,午餐|晚餐,午餐|晚餐,,主食,酸|甜|辣|清淡|酸甜|咸鲜,老人,口味标签达到 5 个及以上，检索区分度可能过低。；同时含清淡与辣/麻辣/香辣，可能来自原标签与模型合并冲突。,保留成品的主要口味，删除只描述可选调料的标签。；区分成品主口味与可选蘸料后再决定。,pending,,
P1,TASTE_TAGS_5_PLUS,1703,番茄牛腩,dish,午餐|晚餐,午餐|晚餐,,主菜|汤羹,酸|甜|清淡|酸甜|咸鲜,,口味标签达到 5 个及以上，检索区分度可能过低。,保留成品的主要口味，删除只描述可选调料的标签。,pending,,
P1,MEAL_ADDITION_ON_LABELED,1712,橙子胡萝卜汁,dish,早餐,早餐|下午茶,下午茶,饮品,酸|甜|酸甜,儿童|老人,原始 label 已有餐次，模型又新增餐次；当前合并逻辑只增不减。,只审核新增餐次，不要把合并结果直接批量批准。,pending,,
P1,TASTE_LIGHT_SPICY_CONFLICT,1719,木耳笋片,dish,午餐|晚餐,午餐|晚餐,,配菜,清淡|辣|咸鲜|酸,,同时含清淡与辣/麻辣/香辣，可能来自原标签与模型合并冲突。,区分成品主口味与可选蘸料后再决定。,pending,,
P1,MEAL_MODEL_ONLY,1724,四神汤,dish,,午餐|晚餐,午餐|晚餐,汤羹,清淡,,原始 label 没有餐次，候选餐次完全由模型生成。,按菜名、食材和步骤确认全部候选餐次。,pending,,
P1,MEAL_MODEL_ONLY,1727,六味山楂条,dish,,下午茶,下午茶,点心,酸甜,,原始 label 没有餐次，候选餐次完全由模型生成。,按菜名、食材和步骤确认全部候选餐次。,pending,,
P1,MEAL_ADDITION_ON_LABELED,1729,豆豉鳕鱼,dish,晚餐,晚餐|午餐,午餐,主菜,辣|咸鲜|香辣,,原始 label 已有餐次，模型又新增餐次；当前合并逻辑只增不减。,只审核新增餐次，不要把合并结果直接批量批准。,pending,,
P1,MEAL_MODEL_ONLY,1738,低盐卤牛肉,dish,,午餐|晚餐,午餐|晚餐,主菜,咸鲜,,原始 label 没有餐次，候选餐次完全由模型生成。,按菜名、食材和步骤确认全部候选餐次。,pending,,
P1,MEAL_ADDITION_ON_LABELED,1740,麻婆蛋羹,dish,晚餐,晚餐|午餐,午餐,主菜,辣|咸鲜,,原始 label 已有餐次，模型又新增餐次；当前合并逻辑只增不减。,只审核新增餐次，不要把合并结果直接批量批准。,pending,,
P1,TASTE_LIGHT_SPICY_CONFLICT,1745,章鱼莲子煲洪湖莲藕,dish,午餐|晚餐,午餐|晚餐,,汤羹,酸|辣|清淡|咸鲜,儿童|老人,同时含清淡与辣/麻辣/香辣，可能来自原标签与模型合并冲突。,区分成品主口味与可选蘸料后再决定。,pending,,
P1,MEAL_MODEL_ONLY,1747,红枣桂圆粥,dish,,早餐|晚餐,早餐|晚餐,粥,甜,,原始 label 没有餐次，候选餐次完全由模型生成。,按菜名、食材和步骤确认全部候选餐次。,pending,,
P1,MEAL_MODEL_ONLY,1750,粉蒸苋菜,dish,,午餐|晚餐,午餐|晚餐,配菜,咸鲜,,原始 label 没有餐次，候选餐次完全由模型生成。,按菜名、食材和步骤确认全部候选餐次。,pending,,
P1,MEAL_MODEL_ONLY,1755,葱油梭子蟹,dish,,午餐|晚餐,午餐|晚餐,主菜,咸鲜|鲜香,,原始 label 没有餐次，候选餐次完全由模型生成。,按菜名、食材和步骤确认全部候选餐次。,pending,,
P1,MEAL_MODEL_ONLY,1757,青麦仁蒸滑鸡,dish,,午餐|晚餐,午餐|晚餐,主菜,咸鲜|鲜香,,原始 label 没有餐次，候选餐次完全由模型生成。,按菜名、食材和步骤确认全部候选餐次。,pending,,
P1,MEAL_MODEL_ONLY,1761,咸肉薏米蒸冬瓜,dish,,午餐|晚餐,午餐|晚餐,主菜|配菜,咸鲜,,原始 label 没有餐次，候选餐次完全由模型生成。,按菜名、食材和步骤确认全部候选餐次。,pending,,
P1,MEAL_MODEL_ONLY,1764,松茸双档海参盅,dish,,午餐|晚餐,午餐|晚餐,汤羹,咸鲜,,原始 label 没有餐次，候选餐次完全由模型生成。,按菜名、食材和步骤确认全部候选餐次。,pending,,
P1,MEAL_ADDITION_ON_LABELED,1772,干贝香菇蒸豆腐,dish,晚餐,晚餐|午餐,午餐,主菜,咸鲜,儿童|老人,原始 label 已有餐次，模型又新增餐次；当前合并逻辑只增不减。,只审核新增餐次，不要把合并结果直接批量批准。,pending,,
P1,TASTE_LIGHT_SPICY_CONFLICT,1788,排骨蒸茄子,dish,午餐|晚餐,午餐|晚餐,,主菜,清淡|咸鲜|香辣,,同时含清淡与辣/麻辣/香辣，可能来自原标签与模型合并冲突。,区分成品主口味与可选蘸料后再决定。,pending,,
P1,MEAL_ADDITION_ON_LABELED,1791,火腿清蒸鹌鹑蛋,dish,午餐|晚餐,午餐|晚餐|早餐,早餐,主菜|小吃,清淡|咸鲜,儿童|老人,原始 label 已有餐次，模型又新增餐次；当前合并逻辑只增不减。,只审核新增餐次，不要把合并结果直接批量批准。,pending,,
P1,MEAL_MODEL_ONLY|DISH_TYPE_TAGS_3_PLUS,1798,珍宝虾饺,dish,,午餐|晚餐,午餐|晚餐,主食|面食|点心,鲜香,,原始 label 没有餐次，候选餐次完全由模型生成。；菜品类型标签达到 3 个及以上，可能过宽。,按菜名、食材和步骤确认全部候选餐次。；保留实际参与检索筛选的主要类型。,pending,,
P1,MEAL_ADDITION_ON_LABELED,1838,柠汁煎鳕鱼,dish,晚餐,晚餐|午餐,午餐,主菜,酸|咸鲜,儿童,原始 label 已有餐次，模型又新增餐次；当前合并逻辑只增不减。,只审核新增餐次，不要把合并结果直接批量批准。,pending,,
P1,MEAL_MODEL_ONLY,1849,椒盐八宝糯米饭,dish,,午餐|晚餐,午餐|晚餐,主食,咸鲜|甜,,原始 label 没有餐次，候选餐次完全由模型生成。,按菜名、食材和步骤确认全部候选餐次。,pending,,
P1,MEAL_MODEL_ONLY,1860,香水柠檬烤鸡排,dish,,午餐|晚餐,午餐|晚餐,主菜,酸|辣|鲜香,,原始 label 没有餐次，候选餐次完全由模型生成。,按菜名、食材和步骤确认全部候选餐次。,pending,,
P1,MEAL_ADDITION_ON_LABELED,1879,烤制香菇酿,dish,晚餐,晚餐|午餐,午餐,主菜|小吃,咸鲜,儿童|老人,原始 label 已有餐次，模型又新增餐次；当前合并逻辑只增不减。,只审核新增餐次，不要把合并结果直接批量批准。,pending,,
P1,MEAL_ADDITION_ON_LABELED,1881,百香果烧排骨,dish,晚餐,晚餐|午餐,午餐,主菜,酸|辣|酸甜,,原始 label 已有餐次，模型又新增餐次；当前合并逻辑只增不减。,只审核新增餐次，不要把合并结果直接批量批准。,pending,,
P1,MEAL_MODEL_ONLY,1892,三虾蒸蒲菜,dish,,午餐|晚餐,午餐|晚餐,主菜,咸鲜|鲜香,,原始 label 没有餐次，候选餐次完全由模型生成。,按菜名、食材和步骤确认全部候选餐次。,pending,,
P1,MEAL_MODEL_ONLY,1894,芝士焗南瓜泥,dish,,下午茶,下午茶,甜品|点心,甜|奶香,,原始 label 没有餐次，候选餐次完全由模型生成。,按菜名、食材和步骤确认全部候选餐次。,pending,,
P1,MEAL_MODEL_ONLY,1895,山药茯苓茶,dish,,下午茶,下午茶,饮品,清淡,,原始 label 没有餐次，候选餐次完全由模型生成。,按菜名、食材和步骤确认全部候选餐次。,pending,,
P1,MEAL_MODEL_ONLY,1898,锡纸盒豆腐,dish,,午餐|晚餐,午餐|晚餐,主菜|小吃,辣|香辣|咸鲜,,原始 label 没有餐次，候选餐次完全由模型生成。,按菜名、食材和步骤确认全部候选餐次。,pending,,
P1,MEAL_MODEL_ONLY,1901,菠菜汁心形馒头,dish,,早餐|下午茶,早餐|下午茶,主食|点心,清淡,,原始 label 没有餐次，候选餐次完全由模型生成。,按菜名、食材和步骤确认全部候选餐次。,pending,,
P1,MEAL_ADDITION_ON_LABELED,1905,清蒸鳕鱼,dish,晚餐,晚餐|午餐,午餐,主菜,清淡|咸鲜,老人,原始 label 已有餐次，模型又新增餐次；当前合并逻辑只增不减。,只审核新增餐次，不要把合并结果直接批量批准。,pending,,
P1,MEAL_MODEL_ONLY,1911,南乳蒸鸡腿,dish,,午餐|晚餐,午餐|晚餐,主菜,咸鲜|香辣,,原始 label 没有餐次，候选餐次完全由模型生成。,按菜名、食材和步骤确认全部候选餐次。,pending,,
P1,MEAL_MODEL_ONLY,1917,山药排骨粥,dish,,早餐|午餐|晚餐,早餐|午餐|晚餐,粥,咸鲜|清淡,,原始 label 没有餐次，候选餐次完全由模型生成。,按菜名、食材和步骤确认全部候选餐次。,pending,,
P1,MEAL_ADDITION_ON_LABELED,1922,黑豆浆蒸黑米蛋糕,dish,早餐,早餐|下午茶,下午茶,点心|甜品,甜|奶香,儿童,原始 label 已有餐次，模型又新增餐次；当前合并逻辑只增不减。,只审核新增餐次，不要把合并结果直接批量批准。,pending,,
P1,MEAL_MODEL_ONLY,1929,香椿酱蒸笋壳鱼,dish,,午餐|晚餐,午餐|晚餐,主菜,咸鲜|鲜香,,原始 label 没有餐次，候选餐次完全由模型生成。,按菜名、食材和步骤确认全部候选餐次。,pending,,
P1,MEAL_MODEL_ONLY,1931,南瓜酱焗蟹斗,dish,,午餐|晚餐,午餐|晚餐,主菜,咸鲜|奶香,,原始 label 没有餐次，候选餐次完全由模型生成。,按菜名、食材和步骤确认全部候选餐次。,pending,,
P1,MEAL_MODEL_ONLY,1940,东北酸菜烤肥牛,dish,,午餐|晚餐,午餐|晚餐,主菜,咸鲜|辣|香辣,,原始 label 没有餐次，候选餐次完全由模型生成。,按菜名、食材和步骤确认全部候选餐次。,pending,,
P1,MEAL_ADDITION_ON_LABELED,1951,葡萄干菠萝蒸银耳,dish,午餐|晚餐,午餐|晚餐|下午茶,下午茶,甜品|汤羹,甜|清淡,儿童|老人,原始 label 已有餐次，模型又新增餐次；当前合并逻辑只增不减。,只审核新增餐次，不要把合并结果直接批量批准。,pending,,
P1,MEAL_ADDITION_ON_LABELED,1952,莲藕虾肉饼,dish,晚餐|下午茶,晚餐|下午茶|午餐,午餐,主菜|小吃,清淡|咸鲜,儿童,原始 label 已有餐次，模型又新增餐次；当前合并逻辑只增不减。,只审核新增餐次，不要把合并结果直接批量批准。,pending,,
P1,MEAL_MODEL_ONLY,1969,盐烤冬笋,dish,,午餐|晚餐,午餐|晚餐,主菜|配菜,咸鲜|清淡,,原始 label 没有餐次，候选餐次完全由模型生成。,按菜名、食材和步骤确认全部候选餐次。,pending,,
P1,MEAL_MODEL_ONLY,1972,鲜虾吐司,dish,,早餐|下午茶,早餐|下午茶,主食|小吃,咸鲜|鲜香,,原始 label 没有餐次，候选餐次完全由模型生成。,按菜名、食材和步骤确认全部候选餐次。,pending,,
P1,MEAL_MODEL_ONLY,1977,清炒广东菜心,dish,,午餐|晚餐,午餐|晚餐,配菜,咸鲜|清淡,,原始 label 没有餐次，候选餐次完全由模型生成。,按菜名、食材和步骤确认全部候选餐次。,pending,,
P1,MEAL_ADDITION_ON_LABELED,1979,红糖馒头,dish,早餐,早餐|下午茶,下午茶,点心,甜,老人,原始 label 已有餐次，模型又新增餐次；当前合并逻辑只增不减。,只审核新增餐次，不要把合并结果直接批量批准。,pending,,
P1,MEAL_MODEL_ONLY,1986,生滚粥,dish,,早餐|午餐,早餐|午餐,粥,咸鲜,,原始 label 没有餐次，候选餐次完全由模型生成。,按菜名、食材和步骤确认全部候选餐次。,pending,,
P1,MEAL_ADDITION_ON_LABELED|TASTE_TAGS_5_PLUS|TASTE_LIGHT_SPICY_CONFLICT,1990,拉丝洋葱圈,dish,午餐|晚餐,午餐|晚餐|下午茶,下午茶,小吃|点心,酸|甜|辣|清淡|奶香|咸鲜,儿童,原始 label 已有餐次，模型又新增餐次；当前合并逻辑只增不减。；口味标签达到 5 个及以上，检索区分度可能过低。；同时含清淡与辣/麻辣/香辣，可能来自原标签与模型合并冲突。,只审核新增餐次，不要把合并结果直接批量批准。；保留成品的主要口味，删除只描述可选调料的标签。；区分成品主口味与可选蘸料后再决定。,pending,,
P1,MEAL_ADDITION_ON_LABELED,1991,砂锅牛腱,dish,晚餐,晚餐|午餐,午餐,主菜|汤羹,咸鲜,,原始 label 已有餐次，模型又新增餐次；当前合并逻辑只增不减。,只审核新增餐次，不要把合并结果直接批量批准。,pending,,
P1,MEAL_MODEL_ONLY,1998,肉松手撕面包,dish,,早餐|下午茶,早餐|下午茶,点心,咸鲜|奶香,,原始 label 没有餐次，候选餐次完全由模型生成。,按菜名、食材和步骤确认全部候选餐次。,pending,,
P2,CUISINE_TAGS_3_PLUS,358,凤爪猪蹄,dish,午餐|晚餐,午餐|晚餐,,主菜,酸|辣|咸鲜,老人,菜系标签达到 3 个及以上，可能过宽。,确认是否确属融合菜，否则保留最贴切的菜系。,pending,,
P2,DISH_TYPE_TAGS_3_PLUS,834,香葱咸蛋黄麻饼,dish,早餐|下午茶,早餐|下午茶,,主食|面食|小吃,咸鲜,儿童|老人,菜品类型标签达到 3 个及以上，可能过宽。,保留实际参与检索筛选的主要类型。,pending,,
P2,CUISINE_TAGS_3_PLUS,889,农家小炒肉,dish,午餐|晚餐,午餐|晚餐,,主菜,辣|咸鲜,,菜系标签达到 3 个及以上，可能过宽。,确认是否确属融合菜，否则保留最贴切的菜系。,pending,,
P2,DISH_TYPE_TAGS_3_PLUS,934,台湾肠仔包,dish,早餐|下午茶,早餐|下午茶,,主食|面食|点心,酸|甜|辣|咸鲜,儿童,菜品类型标签达到 3 个及以上，可能过宽。,保留实际参与检索筛选的主要类型。,pending,,
P2,CUISINE_TAGS_3_PLUS,1172,青蒜慈菇炒香干,dish,午餐|晚餐,午餐|晚餐,,主菜|配菜,清淡|咸鲜,,菜系标签达到 3 个及以上，可能过宽。,确认是否确属融合菜，否则保留最贴切的菜系。,pending,,
P2,CUISINE_TAGS_3_PLUS,1219,蚝油生菜,dish,午餐|晚餐,午餐|晚餐,,主菜|配菜,清淡|咸鲜,老人,菜系标签达到 3 个及以上，可能过宽。,确认是否确属融合菜，否则保留最贴切的菜系。,pending,,
P2,CUISINE_TAGS_3_PLUS,1221,猪肉韭菜蒸饺子,dish,午餐|晚餐,午餐|晚餐,,主食|面食,清淡|咸鲜,,菜系标签达到 3 个及以上，可能过宽。,确认是否确属融合菜，否则保留最贴切的菜系。,pending,,
P2,CUISINE_TAGS_3_PLUS,1284,雪菜豆干,dish,午餐|晚餐,午餐|晚餐,,主菜|配菜,酸|辣|咸鲜,,菜系标签达到 3 个及以上，可能过宽。,确认是否确属融合菜，否则保留最贴切的菜系。,pending,,
P2,CUISINE_TAGS_3_PLUS,1421,蒜蓉粉丝蒸蛏子,dish,午餐|晚餐,午餐|晚餐,,主菜,清淡|咸鲜|鲜香,,菜系标签达到 3 个及以上，可能过宽。,确认是否确属融合菜，否则保留最贴切的菜系。,pending,,
P2,CUISINE_TAGS_3_PLUS,1500,卤鸭翅,dish,午餐|晚餐|下午茶,午餐|晚餐|下午茶,,小吃|主菜,咸鲜|香辣,,菜系标签达到 3 个及以上，可能过宽。,确认是否确属融合菜，否则保留最贴切的菜系。,pending,,
P2,CUISINE_TAGS_3_PLUS,1793,溜肝尖,dish,午餐|晚餐,午餐|晚餐,,主菜,酸|辣|咸鲜,儿童|老人,菜系标签达到 3 个及以上，可能过宽。,确认是否确属融合菜，否则保留最贴切的菜系。,pending,,
