"rule_type","ingredient_id","ingredient_name","normalized_form","normalized_unit","usage_code","fuzzy_token_class","to_grams","mass_density_g_per_ml","sample_count","mean","sample_standard_deviation","coefficient_of_variation","q1","q3","iqr","has_iqr_outlier","is_stable","exception_codes","review_status","existing_rule_value","form_usage_ambiguous","exception_code"
"density","1183","植物油","","毫升","","","","0.984","5","0.984","0.03577708763999663514254677870","0.03635882890243560481966136047","1","1","0","true","false","QTY_RULE_IQR_OUTLIER","pending","","false","QTY_RULE_IQR_OUTLIER"
"density","139","老抽","","毫升","seasoning","","","1","21","1","0","0","1","1","0","false","false","QTY_FORM_USAGE_AMBIGUOUS","pending","","true","QTY_FORM_USAGE_AMBIGUOUS"
"density","169","玉米油","","毫升","","","","0.9327142857142857142857142858","5","0.9327142857142857142857142858","0.03933892500320977588096039467","0.04217682264090495193241273743","0.91","0.9285714285714285714285714286","0.0185714285714285714285714286","true","false","QTY_RULE_IQR_OUTLIER","pending","","false","QTY_RULE_IQR_OUTLIER"
"density","176","蜂蜜","","毫升","seasoning","","","1.296666666666666666666666667","5","1.296666666666666666666666667","0.1684900260813348229950226711","0.1299408941501296835437192836","1.333333333333333333333333333","1.4","0.066666666666666666666666667","true","false","QTY_RULE_IQR_OUTLIER|QTY_FORM_USAGE_AMBIGUOUS","pending","","true","QTY_RULE_IQR_OUTLIER"
"density","176","蜂蜜","","毫升","seasoning","","","1.296666666666666666666666667","5","1.296666666666666666666666667","0.1684900260813348229950226711","0.1299408941501296835437192836","1.333333333333333333333333333","1.4","0.066666666666666666666666667","true","false","QTY_RULE_IQR_OUTLIER|QTY_FORM_USAGE_AMBIGUOUS","pending","","true","QTY_FORM_USAGE_AMBIGUOUS"
"density","28","食用油","","毫升","","","","0.9704894718967566649685854974","151","0.9704894718967566649685854974","0.04966011614812275195874766222","0.05117017503658785850658483532","0.9333333333333333333333333333","1","0.0666666666666666666666666667","true","false","QTY_RULE_IQR_OUTLIER","pending","","false","QTY_RULE_IQR_OUTLIER"
"density","356","油","","毫升","","","","0.9878787878787878787878787877","22","0.9878787878787878787878787877","0.03178208630818641051489253076","0.03217205055736661187090348206","1","1","0","true","false","QTY_RULE_IQR_OUTLIER","pending","","false","QTY_RULE_IQR_OUTLIER"
"density","357","酱油","","毫升","seasoning","","","1","15","1","0","0","1","1","0","false","false","QTY_FORM_USAGE_AMBIGUOUS","pending","","true","QTY_FORM_USAGE_AMBIGUOUS"
"density","36","蒸鱼豉油","","毫升","seasoning","","","1","12","1","0","0","1","1","0","false","false","QTY_FORM_USAGE_AMBIGUOUS","pending","","true","QTY_FORM_USAGE_AMBIGUOUS"
"density","41","水","","毫升","","","","1","50","1","0","0","1","1","0","false","false","QTY_FORM_USAGE_AMBIGUOUS","pending","","true","QTY_FORM_USAGE_AMBIGUOUS"
"density","41","水","温","毫升","","","","1","13","1","0","0","1","1","0","false","false","QTY_FORM_USAGE_AMBIGUOUS","pending","","true","QTY_FORM_USAGE_AMBIGUOUS"
"density","41","水","热","毫升","","","","1","1","1","0","","1","1","0","false","false","QTY_FORM_USAGE_AMBIGUOUS","pending","","true","QTY_FORM_USAGE_AMBIGUOUS"
"density","41","水","煮沸","毫升","","","","1","5","1","0","0","1","1","0","false","false","QTY_FORM_USAGE_AMBIGUOUS","pending","","true","QTY_FORM_USAGE_AMBIGUOUS"
"density","432","白醋","","毫升","seasoning","","","1","5","1","0","0","1","1","0","false","false","QTY_FORM_USAGE_AMBIGUOUS","pending","","true","QTY_FORM_USAGE_AMBIGUOUS"
"density","52","蚝油","","毫升","seasoning","","","1.0125","16","1.0125","0.0500","0.04938271604938271604938271605","1","1","0","true","false","QTY_RULE_IQR_OUTLIER","pending","","false","QTY_RULE_IQR_OUTLIER"
"density","54","鸡蛋","液","毫升","","","","1","2","1","0","0","1","1","0","false","false","QTY_FORM_USAGE_AMBIGUOUS","pending","","true","QTY_FORM_USAGE_AMBIGUOUS"
"density","6","姜","汁","毫升","","","","1","4","1","0","0","1","1","0","false","false","QTY_FORM_USAGE_AMBIGUOUS","pending","","true","QTY_FORM_USAGE_AMBIGUOUS"
"density","66","芝麻油","","毫升","","","","0.9982758620689655172413793103","58","0.9982758620689655172413793103","0.01313064328597225566493346730","0.01315332142636253589924250610","1","1","0","true","false","QTY_RULE_IQR_OUTLIER","pending","","false","QTY_RULE_IQR_OUTLIER"
"density","68","纯牛奶","","毫升","","","","1.005714285714285714285714286","5","1.005714285714285714285714286","0.01277753129999879826519527830","0.01270493169033971418414303240","1","1","0","true","false","QTY_RULE_IQR_OUTLIER","pending","","false","QTY_RULE_IQR_OUTLIER"
"density","89","生抽","","毫升","seasoning","","","1","135","1","0","0","1","1","0","false","false","QTY_FORM_USAGE_AMBIGUOUS","pending","","true","QTY_FORM_USAGE_AMBIGUOUS"
"density","98","料酒","","毫升","seasoning","","","1","111","1","0","0","1","1","0","false","false","QTY_FORM_USAGE_AMBIGUOUS","pending","","true","QTY_FORM_USAGE_AMBIGUOUS"
"fuzzy_single_value","1243","大蒜叶","","","seasoning","as_needed","10","","1","10","0","","10","10","0","false","false","QTY_FORM_USAGE_AMBIGUOUS","pending","","true","QTY_FORM_USAGE_AMBIGUOUS"
"fuzzy_single_value","139","老抽","","","seasoning","as_needed","5","","4","5","0","0","5","5","0","false","false","QTY_FORM_USAGE_AMBIGUOUS","pending","","true","QTY_FORM_USAGE_AMBIGUOUS"
"fuzzy_single_value","139","老抽","","","seasoning","small_amount","5","","1","5","0","","5","5","0","false","false","QTY_FORM_USAGE_AMBIGUOUS","pending","","true","QTY_FORM_USAGE_AMBIGUOUS"
"fuzzy_single_value","1460","老油条碎","碎","","seasoning","as_needed","15","","1","15","0","","15","15","0","false","false","QTY_HIGH_IMPACT_FUZZY","pending","","false","QTY_HIGH_IMPACT_FUZZY"
"fuzzy_single_value","1489","桂花糖","","","seasoning","small_amount","5","","1","5","0","","5","5","0","false","false","QTY_HIGH_IMPACT_FUZZY","pending","","false","QTY_HIGH_IMPACT_FUZZY"
"fuzzy_single_value","17","盐","","","seasoning","as_needed","4.0625","","16","4.0625","3.108456208473910606846067033","0.7651584513166549186082626543","3","5","2","true","false","QTY_HIGH_IMPACT_FUZZY|QTY_RULE_IQR_OUTLIER|QTY_FORM_USAGE_AMBIGUOUS","pending","","true","QTY_HIGH_IMPACT_FUZZY"
"fuzzy_single_value","17","盐","","","seasoning","as_needed","4.0625","","16","4.0625","3.108456208473910606846067033","0.7651584513166549186082626543","3","5","2","true","false","QTY_HIGH_IMPACT_FUZZY|QTY_RULE_IQR_OUTLIER|QTY_FORM_USAGE_AMBIGUOUS","pending","","true","QTY_RULE_IQR_OUTLIER"
"fuzzy_single_value","17","盐","","","seasoning","as_needed","4.0625","","16","4.0625","3.108456208473910606846067033","0.7651584513166549186082626543","3","5","2","true","false","QTY_HIGH_IMPACT_FUZZY|QTY_RULE_IQR_OUTLIER|QTY_FORM_USAGE_AMBIGUOUS","pending","","true","QTY_FORM_USAGE_AMBIGUOUS"
"fuzzy_single_value","17","盐","","","seasoning","small_amount","2.3","","10","2.3","0.4830458915396479524572888052","0.2100199528433251967205603501","2","3","1","false","false","QTY_HIGH_IMPACT_FUZZY|QTY_FORM_USAGE_AMBIGUOUS","pending","","true","QTY_HIGH_IMPACT_FUZZY"
"fuzzy_single_value","17","盐","","","seasoning","small_amount","2.3","","10","2.3","0.4830458915396479524572888052","0.2100199528433251967205603501","2","3","1","false","false","QTY_HIGH_IMPACT_FUZZY|QTY_FORM_USAGE_AMBIGUOUS","pending","","true","QTY_FORM_USAGE_AMBIGUOUS"
"fuzzy_single_value","176","蜂蜜","","","seasoning","as_needed","17.5","","4","17.5","2.886751345948128822545743902","0.1649572197684645041454710801","15","20","5","false","false","QTY_FORM_USAGE_AMBIGUOUS","pending","","true","QTY_FORM_USAGE_AMBIGUOUS"
"fuzzy_single_value","1778","糖桂花","花","","seasoning","as_needed","10","","1","10","0","","10","10","0","false","false","QTY_HIGH_IMPACT_FUZZY|QTY_FORM_USAGE_AMBIGUOUS","pending","","true","QTY_HIGH_IMPACT_FUZZY"
"fuzzy_single_value","1778","糖桂花","花","","seasoning","as_needed","10","","1","10","0","","10","10","0","false","false","QTY_HIGH_IMPACT_FUZZY|QTY_FORM_USAGE_AMBIGUOUS","pending","","true","QTY_FORM_USAGE_AMBIGUOUS"
"fuzzy_single_value","1888","粗砂糖","","","seasoning","as_needed","15","","1","15","0","","15","15","0","false","false","QTY_HIGH_IMPACT_FUZZY","pending","","false","QTY_HIGH_IMPACT_FUZZY"
"fuzzy_single_value","201","糖","","","seasoning","as_needed","4.5","","4","4.5","1.0","0.2222222222222222222222222222","3","5","2","false","false","QTY_HIGH_IMPACT_FUZZY|QTY_FORM_USAGE_AMBIGUOUS","pending","","true","QTY_HIGH_IMPACT_FUZZY"
"fuzzy_single_value","201","糖","","","seasoning","as_needed","4.5","","4","4.5","1.0","0.2222222222222222222222222222","3","5","2","false","false","QTY_HIGH_IMPACT_FUZZY|QTY_FORM_USAGE_AMBIGUOUS","pending","","true","QTY_FORM_USAGE_AMBIGUOUS"
"fuzzy_single_value","201","糖","","","seasoning","small_amount","5","","1","5","0","","5","5","0","false","false","QTY_HIGH_IMPACT_FUZZY|QTY_FORM_USAGE_AMBIGUOUS","pending","","true","QTY_HIGH_IMPACT_FUZZY"
"fuzzy_single_value","201","糖","","","seasoning","small_amount","5","","1","5","0","","5","5","0","false","false","QTY_HIGH_IMPACT_FUZZY|QTY_FORM_USAGE_AMBIGUOUS","pending","","true","QTY_FORM_USAGE_AMBIGUOUS"
"fuzzy_single_value","2194","珍珠糖","","","seasoning","small_amount","10","","1","10","0","","10","10","0","false","false","QTY_HIGH_IMPACT_FUZZY","pending","","false","QTY_HIGH_IMPACT_FUZZY"
"fuzzy_single_value","3","冰糖","","","seasoning","as_needed","17.5","","2","17.5","3.535533905932737622004221811","0.2020305089104421498288126749","15","20","5","false","false","QTY_HIGH_IMPACT_FUZZY","pending","","false","QTY_HIGH_IMPACT_FUZZY"
"fuzzy_single_value","33","葱","","","seasoning","as_needed","8.833333333333333333333333333","","6","8.833333333333333333333333333","6.177917664283546168881595201","0.6993869053905901323262183247","5","10","5","true","false","QTY_RULE_IQR_OUTLIER|QTY_FORM_USAGE_AMBIGUOUS","pending","","true","QTY_RULE_IQR_OUTLIER"
"fuzzy_single_value","33","葱","","","seasoning","as_needed","8.833333333333333333333333333","","6","8.833333333333333333333333333","6.177917664283546168881595201","0.6993869053905901323262183247","5","10","5","true","false","QTY_RULE_IQR_OUTLIER|QTY_FORM_USAGE_AMBIGUOUS","pending","","true","QTY_FORM_USAGE_AMBIGUOUS"
"fuzzy_single_value","33","葱","","","seasoning","small_amount","10","","1","10","0","","10","10","0","false","false","QTY_FORM_USAGE_AMBIGUOUS","pending","","true","QTY_FORM_USAGE_AMBIGUOUS"
"fuzzy_single_value","33","葱","丝","","seasoning","as_needed","10","","1","10","0","","10","10","0","false","false","QTY_FORM_USAGE_AMBIGUOUS","pending","","true","QTY_FORM_USAGE_AMBIGUOUS"
"fuzzy_single_value","33","葱","丝","","seasoning","small_amount","10","","2","10","0","0","10","10","0","false","false","QTY_FORM_USAGE_AMBIGUOUS","pending","","true","QTY_FORM_USAGE_AMBIGUOUS"
"fuzzy_single_value","33","葱","末","","seasoning","as_needed","5","","1","5","0","","5","5","0","false","false","QTY_FORM_USAGE_AMBIGUOUS","pending","","true","QTY_FORM_USAGE_AMBIGUOUS"
"fuzzy_single_value","33","葱","段","","seasoning","several_count","5","","1","5","0","","5","5","0","false","false","QTY_FORM_USAGE_AMBIGUOUS","pending","","true","QTY_FORM_USAGE_AMBIGUOUS"
"fuzzy_single_value","33","葱","花","","seasoning","as_needed","4.755555555555555555555555556","","45","4.755555555555555555555555556","1.720934676742891835253405018","0.3618787871655613672261832981","3","5","2","true","false","QTY_RULE_IQR_OUTLIER|QTY_FORM_USAGE_AMBIGUOUS","pending","","true","QTY_RULE_IQR_OUTLIER"
"fuzzy_single_value","33","葱","花","","seasoning","as_needed","4.755555555555555555555555556","","45","4.755555555555555555555555556","1.720934676742891835253405018","0.3618787871655613672261832981","3","5","2","true","false","QTY_RULE_IQR_OUTLIER|QTY_FORM_USAGE_AMBIGUOUS","pending","","true","QTY_FORM_USAGE_AMBIGUOUS"
"fuzzy_single_value","33","葱","花","","seasoning","small_amount","5","","3","5","0","0","5","5","0","false","false","QTY_FORM_USAGE_AMBIGUOUS","pending","","true","QTY_FORM_USAGE_AMBIGUOUS"
"fuzzy_single_value","357","酱油","","","seasoning","as_needed","12.5","","4","12.5","2.886751345948128822545743902","0.2309401076758503058036595122","10","15","5","false","false","QTY_HIGH_IMPACT_FUZZY|QTY_FORM_USAGE_AMBIGUOUS","pending","","true","QTY_HIGH_IMPACT_FUZZY"
"fuzzy_single_value","357","酱油","","","seasoning","as_needed","12.5","","4","12.5","2.886751345948128822545743902","0.2309401076758503058036595122","10","15","5","false","false","QTY_HIGH_IMPACT_FUZZY|QTY_FORM_USAGE_AMBIGUOUS","pending","","true","QTY_FORM_USAGE_AMBIGUOUS"
"fuzzy_single_value","36","蒸鱼豉油","","","seasoning","as_needed","20","","1","20","0","","20","20","0","false","false","QTY_HIGH_IMPACT_FUZZY|QTY_FORM_USAGE_AMBIGUOUS","pending","","true","QTY_HIGH_IMPACT_FUZZY"
"fuzzy_single_value","36","蒸鱼豉油","","","seasoning","as_needed","20","","1","20","0","","20","20","0","false","false","QTY_HIGH_IMPACT_FUZZY|QTY_FORM_USAGE_AMBIGUOUS","pending","","true","QTY_FORM_USAGE_AMBIGUOUS"
"fuzzy_single_value","40","红糖","","","seasoning","as_needed","20","","1","20","0","","20","20","0","false","false","QTY_HIGH_IMPACT_FUZZY","pending","","false","QTY_HIGH_IMPACT_FUZZY"
"fuzzy_single_value","432","白醋","","","seasoning","as_needed","2","","1","2","0","","2","2","0","false","false","QTY_FORM_USAGE_AMBIGUOUS","pending","","true","QTY_FORM_USAGE_AMBIGUOUS"
"fuzzy_single_value","432","白醋","","","seasoning","small_amount","2","","1","2","0","","2","2","0","false","false","QTY_FORM_USAGE_AMBIGUOUS","pending","","true","QTY_FORM_USAGE_AMBIGUOUS"
"fuzzy_single_value","50","蒜","","","seasoning","as_needed","10","","2","10","0","0","10","10","0","false","false","QTY_FORM_USAGE_AMBIGUOUS","pending","","true","QTY_FORM_USAGE_AMBIGUOUS"
"fuzzy_single_value","50","蒜","蓉","","seasoning","as_needed","10","","1","10","0","","10","10","0","false","false","QTY_FORM_USAGE_AMBIGUOUS","pending","","true","QTY_FORM_USAGE_AMBIGUOUS"
"fuzzy_single_value","505","粗盐","","","seasoning","as_needed","5","","1","5","0","","5","5","0","false","false","QTY_HIGH_IMPACT_FUZZY","pending","","false","QTY_HIGH_IMPACT_FUZZY"
"fuzzy_single_value","516","耗油","","","seasoning","as_needed","10","","1","10","0","","10","10","0","false","false","QTY_HIGH_IMPACT_FUZZY","pending","","false","QTY_HIGH_IMPACT_FUZZY"
"fuzzy_single_value","594","香葱","","","seasoning","as_needed","5","","1","5","0","","5","5","0","false","false","QTY_FORM_USAGE_AMBIGUOUS","pending","","true","QTY_FORM_USAGE_AMBIGUOUS"
"fuzzy_single_value","6","姜","","","seasoning","as_needed","8.666666666666666666666666667","","9","8.666666666666666666666666667","3.674234614174767147295926113","0.4239501477893962093033760899","5","10","5","false","false","QTY_FORM_USAGE_AMBIGUOUS","pending","","true","QTY_FORM_USAGE_AMBIGUOUS"
"fuzzy_single_value","6","姜","","","seasoning","small_amount","6.666666666666666666666666667","","3","6.666666666666666666666666667","2.886751345948128822545743903","0.4330127018922193233818615854","5","10","5","false","false","QTY_FORM_USAGE_AMBIGUOUS","pending","","true","QTY_FORM_USAGE_AMBIGUOUS"
"fuzzy_single_value","6","姜","丝","","seasoning","small_amount","7.5","","2","7.5","3.535533905932737622004221811","0.4714045207910316829338962415","5","10","5","false","false","QTY_FORM_USAGE_AMBIGUOUS","pending","","true","QTY_FORM_USAGE_AMBIGUOUS"
"fuzzy_single_value","6","姜","片","","seasoning","as_needed","10","","1","10","0","","10","10","0","false","false","QTY_FORM_USAGE_AMBIGUOUS","pending","","true","QTY_FORM_USAGE_AMBIGUOUS"
"fuzzy_single_value","65","小葱","","","seasoning","as_needed","8.333333333333333333333333333","","3","8.333333333333333333333333333","2.886751345948128822545743903","0.3464101615137754587054892684","5","10","5","false","false","QTY_FORM_USAGE_AMBIGUOUS","pending","","true","QTY_FORM_USAGE_AMBIGUOUS"
"fuzzy_single_value","89","生抽","","","seasoning","as_needed","11.25","","4","11.25","2.50","0.2222222222222222222222222222","10","10","0","true","false","QTY_RULE_IQR_OUTLIER|QTY_FORM_USAGE_AMBIGUOUS","pending","","true","QTY_RULE_IQR_OUTLIER"
"fuzzy_single_value","89","生抽","","","seasoning","as_needed","11.25","","4","11.25","2.50","0.2222222222222222222222222222","10","10","0","true","false","QTY_RULE_IQR_OUTLIER|QTY_FORM_USAGE_AMBIGUOUS","pending","","true","QTY_FORM_USAGE_AMBIGUOUS"
"fuzzy_single_value","89","生抽","","","seasoning","small_amount","15","","1","15","0","","15","15","0","false","false","QTY_FORM_USAGE_AMBIGUOUS","pending","","true","QTY_FORM_USAGE_AMBIGUOUS"
"fuzzy_single_value","97","白糖","","","seasoning","as_needed","20","","2","20","0","0","20","20","0","false","false","QTY_HIGH_IMPACT_FUZZY|QTY_FORM_USAGE_AMBIGUOUS","pending","","true","QTY_HIGH_IMPACT_FUZZY"
"fuzzy_single_value","97","白糖","","","seasoning","as_needed","20","","2","20","0","0","20","20","0","false","false","QTY_HIGH_IMPACT_FUZZY|QTY_FORM_USAGE_AMBIGUOUS","pending","","true","QTY_FORM_USAGE_AMBIGUOUS"
"fuzzy_single_value","97","白糖","","","seasoning","small_amount","3.5","","2","3.5","2.121320343559642573202533086","0.6060915267313264494864380246","2","5","3","false","false","QTY_HIGH_IMPACT_FUZZY|QTY_FORM_USAGE_AMBIGUOUS","pending","","true","QTY_HIGH_IMPACT_FUZZY"
"fuzzy_single_value","97","白糖","","","seasoning","small_amount","3.5","","2","3.5","2.121320343559642573202533086","0.6060915267313264494864380246","2","5","3","false","false","QTY_HIGH_IMPACT_FUZZY|QTY_FORM_USAGE_AMBIGUOUS","pending","","true","QTY_FORM_USAGE_AMBIGUOUS"
"fuzzy_single_value","98","料酒","","","seasoning","as_needed","8.75","","4","8.75","2.50","0.2857142857142857142857142857","5","10","5","false","false","QTY_FORM_USAGE_AMBIGUOUS","pending","","true","QTY_FORM_USAGE_AMBIGUOUS"
"fuzzy_single_value","98","料酒","","","seasoning","small_amount","15","","1","15","0","","15","15","0","false","false","QTY_FORM_USAGE_AMBIGUOUS","pending","","true","QTY_FORM_USAGE_AMBIGUOUS"
"unit_weight","11","番茄","","个","","","150","","6","150","31.62277660168379331998893544","0.2108185106778919554665929029","150","150","0","true","false","QTY_RULE_IQR_OUTLIER","pending","","false","QTY_RULE_IQR_OUTLIER"
"unit_weight","112","小米辣","","个","","","4.75","","20","4.75","0.7863975156570492036312623627","0.1655573717172735165539499711","5","5","0","true","false","QTY_RULE_IQR_OUTLIER","pending","","false","QTY_RULE_IQR_OUTLIER"
"unit_weight","1241","吐司","","片","","","29.16666666666666666666666667","","6","29.16666666666666666666666667","4.915960401250875278114727867","0.1685472137571728666782192411","30","30","0","true","false","QTY_RULE_IQR_OUTLIER","pending","","false","QTY_RULE_IQR_OUTLIER"
"unit_weight","1242","奶酪","","片","","","20","","5","20","0","0","20","20","0","false","false","QTY_FORM_USAGE_AMBIGUOUS","pending","","true","QTY_FORM_USAGE_AMBIGUOUS"
"unit_weight","1242","奶酪","片","片","","","12.29166666666666666666666667","","8","12.29166666666666666666666667","5.414376805365155824342108880","0.4404916723008940331668156376","6.666666666666666666666666667","15","8.333333333333333333333333333","false","false","QTY_FORM_USAGE_AMBIGUOUS","pending","","true","QTY_FORM_USAGE_AMBIGUOUS"
"unit_weight","1243","大蒜叶","","根","seasoning","","21.66666666666666666666666667","","3","21.66666666666666666666666667","2.886751345948128822545743903","0.1332346775052982533482651032","20","25","5","false","false","QTY_FORM_USAGE_AMBIGUOUS","pending","","true","QTY_FORM_USAGE_AMBIGUOUS"
"unit_weight","1363","百香果","","个","","","62.5","","4","62.5","25.0","0.4","50","50","0","true","false","QTY_RULE_IQR_OUTLIER","pending","","false","QTY_RULE_IQR_OUTLIER"
"unit_weight","164","枸杞","","个","","","0.2625","","4","0.2625","0.0250","0.09523809523809523809523809524","0.25","0.25","0.00","true","false","QTY_RULE_IQR_OUTLIER|QTY_FORM_USAGE_AMBIGUOUS","pending","","true","QTY_RULE_IQR_OUTLIER"
"unit_weight","164","枸杞","","个","","","0.2625","","4","0.2625","0.0250","0.09523809523809523809523809524","0.25","0.25","0.00","true","false","QTY_RULE_IQR_OUTLIER|QTY_FORM_USAGE_AMBIGUOUS","pending","","true","QTY_FORM_USAGE_AMBIGUOUS"
"unit_weight","164","枸杞","泡水","个","","","0.2","","1","0.2","0","","0.2","0.2","0.0","false","false","QTY_FORM_USAGE_AMBIGUOUS","pending","","true","QTY_FORM_USAGE_AMBIGUOUS"
"unit_weight","17","盐","","勺","seasoning","","5","","1","5","0","","5","5","0","false","false","QTY_FORM_USAGE_AMBIGUOUS","pending","","true","QTY_FORM_USAGE_AMBIGUOUS"
"unit_weight","1778","糖桂花","花","勺","seasoning","","10","","1","10","0","","10","10","0","false","false","QTY_FORM_USAGE_AMBIGUOUS","pending","","true","QTY_FORM_USAGE_AMBIGUOUS"
"unit_weight","194","小米椒","","个","","","5.215053763440860215053763442","","31","5.215053763440860215053763442","1.410406789485911752092112766","0.2704491369529686452465288396","5","5","0","true","false","QTY_RULE_IQR_OUTLIER","pending","","false","QTY_RULE_IQR_OUTLIER"
"unit_weight","201","糖","","勺","seasoning","","10","","1","10","0","","10","10","0","false","false","QTY_FORM_USAGE_AMBIGUOUS","pending","","true","QTY_FORM_USAGE_AMBIGUOUS"
"unit_weight","2112","面包","切片","片","","","30","","1","30","0","","30","30","0","false","false","QTY_FORM_USAGE_AMBIGUOUS","pending","","true","QTY_FORM_USAGE_AMBIGUOUS"
"unit_weight","2112","面包","片","片","","","30","","1","30","0","","30","30","0","false","false","QTY_FORM_USAGE_AMBIGUOUS","pending","","true","QTY_FORM_USAGE_AMBIGUOUS"
"unit_weight","212","红辣椒","","个","","","13.33333333333333333333333333","","3","13.33333333333333333333333333","2.886751345948128822545743903","0.2165063509461096616909307928","10","15","5","false","false","QTY_FORM_USAGE_AMBIGUOUS","pending","","true","QTY_FORM_USAGE_AMBIGUOUS"
"unit_weight","212","红辣椒","","根","","","10","","1","10","0","","10","10","0","false","false","QTY_FORM_USAGE_AMBIGUOUS","pending","","true","QTY_FORM_USAGE_AMBIGUOUS"
"unit_weight","212","红辣椒","干","个","","","1.75","","2","1.75","1.060660171779821286601266543","0.6060915267313264494864380246","1","2.5","1.5","false","false","QTY_FORM_USAGE_AMBIGUOUS","pending","","true","QTY_FORM_USAGE_AMBIGUOUS"
"unit_weight","231","对虾","","个","","","20","","1","20","0","","20","20","0","false","false","QTY_FORM_USAGE_AMBIGUOUS","pending","","true","QTY_FORM_USAGE_AMBIGUOUS"
"unit_weight","231","对虾","新鲜","个","","","20","","1","20","0","","20","20","0","false","false","QTY_FORM_USAGE_AMBIGUOUS","pending","","true","QTY_FORM_USAGE_AMBIGUOUS"
"unit_weight","235","红椒","","个","","","86.66666666666666666666666667","","3","86.66666666666666666666666667","11.54700538379251529018297561","0.1332346775052982533482651032","80","100","20","false","false","QTY_FORM_USAGE_AMBIGUOUS","pending","","true","QTY_FORM_USAGE_AMBIGUOUS"
"unit_weight","235","红椒","干","个","","","1.5","","1","1.5","0","","1.5","1.5","0.0","false","false","QTY_FORM_USAGE_AMBIGUOUS","pending","","true","QTY_FORM_USAGE_AMBIGUOUS"
"unit_weight","239","大葱","","根","seasoning","","64","","5","64","20.73644135332772087455898680","0.3240068961457456386649841688","50","6E+1","10","true","false","QTY_RULE_IQR_OUTLIER","pending","","false","QTY_RULE_IQR_OUTLIER"
"unit_weight","244","火腿肠","","根","","","52.85714285714285714285714286","","7","52.85714285714285714285714286","17.99470821684874693438844567","0.3404404257241654825424841073","50","60","10","true","false","QTY_RULE_IQR_OUTLIER","pending","","false","QTY_RULE_IQR_OUTLIER"
"unit_weight","266","鹌鹑蛋","","个","","","10","","3","10","0","0","10","10","0","false","false","QTY_FORM_USAGE_AMBIGUOUS","pending","","true","QTY_FORM_USAGE_AMBIGUOUS"
"unit_weight","266","鹌鹑蛋","熟","个","","","10","","2","10","0","0","10","10","0","false","false","QTY_FORM_USAGE_AMBIGUOUS","pending","","true","QTY_FORM_USAGE_AMBIGUOUS"
"unit_weight","267","培根","","片","","","18","","10","18","4.830458915396479524572888052","0.2683588286331377513651604473","15","20","5","true","false","QTY_RULE_IQR_OUTLIER","pending","","false","QTY_RULE_IQR_OUTLIER"
"unit_weight","284","香叶","","片","seasoning","","0.4406862745098039215686274507","","68","0.4406862745098039215686274507","0.1845253503359186229968663336","0.4187227082149877540752028040","0.3333333333333333333333333333","0.5","0.1666666666666666666666666667","true","false","QTY_RULE_IQR_OUTLIER","pending","","false","QTY_RULE_IQR_OUTLIER"
"unit_weight","287","柠檬","","个","","","103.3333333333333333333333333","","12","103.3333333333333333333333333","7.784989441615229709161756654","0.07533860749950222299188796764","100","100","0","true","false","QTY_RULE_IQR_OUTLIER|QTY_FORM_USAGE_AMBIGUOUS","pending","","true","QTY_RULE_IQR_OUTLIER"
"unit_weight","287","柠檬","","个","","","103.3333333333333333333333333","","12","103.3333333333333333333333333","7.784989441615229709161756654","0.07533860749950222299188796764","100","100","0","true","false","QTY_RULE_IQR_OUTLIER|QTY_FORM_USAGE_AMBIGUOUS","pending","","true","QTY_FORM_USAGE_AMBIGUOUS"
"unit_weight","287","柠檬","","片","","","7.5","","2","7.5","3.535533905932737622004221811","0.4714045207910316829338962415","5","10","5","false","false","QTY_FORM_USAGE_AMBIGUOUS","pending","","true","QTY_FORM_USAGE_AMBIGUOUS"
"unit_weight","287","柠檬","干+片","片","","","1","","1","1","0","","1","1","0","false","false","QTY_FORM_USAGE_AMBIGUOUS","pending","","true","QTY_FORM_USAGE_AMBIGUOUS"
"unit_weight","287","柠檬","片","片","","","10","","6","10","6.324555320336758663997787089","0.6324555320336758663997787089","5","15","10","false","false","QTY_FORM_USAGE_AMBIGUOUS","pending","","true","QTY_FORM_USAGE_AMBIGUOUS"
"unit_weight","315","苹果","","个","","","177.7777777777777777777777778","","6","177.7777777777777777777777778","54.43310539518173551549520165","0.3061862178478972622746605092","2.0E+2","200","0","true","false","QTY_RULE_IQR_OUTLIER","pending","","false","QTY_RULE_IQR_OUTLIER"
"unit_weight","317","蛋黄","","个","","","18.76190476190476190476190477","","35","18.76190476190476190476190477","3.165966309107141135388218755","0.1687443971859136138151081062","20","20","0","true","false","QTY_RULE_IQR_OUTLIER","pending","","false","QTY_RULE_IQR_OUTLIER"
"unit_weight","33","葱","","根","seasoning","","9.117647058823529411764705882","","17","9.117647058823529411764705882","1.964763119983439332760159278","0.2154901486433449590769206950","10","10","0","true","false","QTY_RULE_IQR_OUTLIER|QTY_FORM_USAGE_AMBIGUOUS","pending","","true","QTY_RULE_IQR_OUTLIER"
"unit_weight","33","葱","","根","seasoning","","9.117647058823529411764705882","","17","9.117647058823529411764705882","1.964763119983439332760159278","0.2154901486433449590769206950","10","10","0","true","false","QTY_RULE_IQR_OUTLIER|QTY_FORM_USAGE_AMBIGUOUS","pending","","true","QTY_FORM_USAGE_AMBIGUOUS"
"unit_weight","33","葱","段","根","seasoning","","5","","1","5","0","","5","5","0","false","false","QTY_FORM_USAGE_AMBIGUOUS","pending","","true","QTY_FORM_USAGE_AMBIGUOUS"
"unit_weight","351","蛋挞皮","","个","","","17.5","","4","17.5","21.79449471770336776118490992","1.245399698154478157781994853","5","10","5","true","false","QTY_RULE_IQR_OUTLIER|QTY_FORM_USAGE_AMBIGUOUS","pending","","true","QTY_RULE_IQR_OUTLIER"
"unit_weight","351","蛋挞皮","","个","","","17.5","","4","17.5","21.79449471770336776118490992","1.245399698154478157781994853","5","10","5","true","false","QTY_RULE_IQR_OUTLIER|QTY_FORM_USAGE_AMBIGUOUS","pending","","true","QTY_FORM_USAGE_AMBIGUOUS"
"unit_weight","351","蛋挞皮","冷冻","个","","","5","","1","5","0","","5","5","0","false","false","QTY_FORM_USAGE_AMBIGUOUS","pending","","true","QTY_FORM_USAGE_AMBIGUOUS"
"unit_weight","357","酱油","","勺","seasoning","","10","","1","10","0","","10","10","0","false","false","QTY_FORM_USAGE_AMBIGUOUS","pending","","true","QTY_FORM_USAGE_AMBIGUOUS"
"unit_weight","36","蒸鱼豉油","","勺","seasoning","","9.000000000000000000000000001","","1","9.000000000000000000000000001","0","","9.000000000000000000000000001","9.000000000000000000000000001","0E-27","false","false","QTY_FORM_USAGE_AMBIGUOUS","pending","","true","QTY_FORM_USAGE_AMBIGUOUS"
"unit_weight","365","玉米","","根","","","192.8571428571428571428571429","","7","192.8571428571428571428571429","18.89822365046136136072582681","0.09799078929868854038894873159","200","200","0","true","false","QTY_RULE_IQR_OUTLIER","pending","","false","QTY_RULE_IQR_OUTLIER"
"unit_weight","437","小番茄","","个","","","21.25","","4","21.25","6.291528696058958081030570672","0.2960719386380686155779092081","15","20","5","true","false","QTY_RULE_IQR_OUTLIER","pending","","false","QTY_RULE_IQR_OUTLIER"
"unit_weight","50","蒜","","个","seasoning","","6.6","","5","6.6","3.209361307176242504778371870","0.4862668647236731067846017985","5","10","5","false","false","QTY_FORM_USAGE_AMBIGUOUS","pending","","true","QTY_FORM_USAGE_AMBIGUOUS"
"unit_weight","54","鸡蛋","","个","","","49.85416666666666666666666667","","160","49.85416666666666666666666667","2.756020663053562279113189799","0.05528165141102005407331095292","50","50","0","true","false","QTY_RULE_IQR_OUTLIER|QTY_FORM_USAGE_AMBIGUOUS","pending","","true","QTY_RULE_IQR_OUTLIER"
"unit_weight","54","鸡蛋","","个","","","49.85416666666666666666666667","","160","49.85416666666666666666666667","2.756020663053562279113189799","0.05528165141102005407331095292","50","50","0","true","false","QTY_RULE_IQR_OUTLIER|QTY_FORM_USAGE_AMBIGUOUS","pending","","true","QTY_FORM_USAGE_AMBIGUOUS"
"unit_weight","54","鸡蛋","液","个","","","50","","5","50","0","0","50","50","0","false","false","QTY_FORM_USAGE_AMBIGUOUS","pending","","true","QTY_FORM_USAGE_AMBIGUOUS"
"unit_weight","549","红尖椒","","个","","","23.75","","4","23.75","17.96988221070652056227828483","0.7566266193981692868327698876","10","20","10","true","false","QTY_RULE_IQR_OUTLIER","pending","","false","QTY_RULE_IQR_OUTLIER"
"unit_weight","575","小红辣椒","","个","","","4.25","","4","4.25","1.50","0.3529411764705882352941176471","2","5","3","false","false","QTY_FORM_USAGE_AMBIGUOUS","pending","","true","QTY_FORM_USAGE_AMBIGUOUS"
"unit_weight","575","小红辣椒","新鲜","个","","","5","","1","5","0","","5","5","0","false","false","QTY_FORM_USAGE_AMBIGUOUS","pending","","true","QTY_FORM_USAGE_AMBIGUOUS"
"unit_weight","592","咸蛋黄","","个","","","15","","11","15","3.974921382870358104008719332","0.2649947588580238736005812888","12","20","8","false","false","QTY_FORM_USAGE_AMBIGUOUS","pending","","true","QTY_FORM_USAGE_AMBIGUOUS"
"unit_weight","592","咸蛋黄","熟","个","","","20","","1","20","0","","20","20","0","false","false","QTY_FORM_USAGE_AMBIGUOUS","pending","","true","QTY_FORM_USAGE_AMBIGUOUS"
"unit_weight","594","香葱","","根","seasoning","","5","","6","5","0","0","5","5","0","false","false","QTY_FORM_USAGE_AMBIGUOUS","pending","","true","QTY_FORM_USAGE_AMBIGUOUS"
"unit_weight","6","姜","","片","seasoning","","2.663934426229508196721311475","","61","2.663934426229508196721311475","1.050789739724316485023886970","0.3944503022965126497628129550","2","3","1","true","false","QTY_RULE_IQR_OUTLIER|QTY_FORM_USAGE_AMBIGUOUS","pending","","true","QTY_RULE_IQR_OUTLIER"
"unit_weight","6","姜","","片","seasoning","","2.663934426229508196721311475","","61","2.663934426229508196721311475","1.050789739724316485023886970","0.3944503022965126497628129550","2","3","1","true","false","QTY_RULE_IQR_OUTLIER|QTY_FORM_USAGE_AMBIGUOUS","pending","","true","QTY_FORM_USAGE_AMBIGUOUS"
"unit_weight","6","姜","干","片","seasoning","","0.6666666666666666666666666667","","1","0.6666666666666666666666666667","0","","0.6666666666666666666666666667","0.6666666666666666666666666667","0E-28","false","false","QTY_FORM_USAGE_AMBIGUOUS","pending","","true","QTY_FORM_USAGE_AMBIGUOUS"
"unit_weight","6","姜","片","片","seasoning","","2.423076923076923076923076923","","13","2.423076923076923076923076923","0.6405126152203485339330146789","0.2643385396147470140041012961","2","3","1","false","false","QTY_FORM_USAGE_AMBIGUOUS","pending","","true","QTY_FORM_USAGE_AMBIGUOUS"
"unit_weight","633","山楂","","个","","","10","","1","10","0","","10","10","0","false","false","QTY_FORM_USAGE_AMBIGUOUS","pending","","true","QTY_FORM_USAGE_AMBIGUOUS"
"unit_weight","633","山楂","","片","","","1","","1","1","0","","1","1","0","false","false","QTY_FORM_USAGE_AMBIGUOUS","pending","","true","QTY_FORM_USAGE_AMBIGUOUS"
"unit_weight","633","山楂","干+片","片","","","0.5","","1","0.5","0","","0.5","0.5","0.0","false","false","QTY_FORM_USAGE_AMBIGUOUS","pending","","true","QTY_FORM_USAGE_AMBIGUOUS"
"unit_weight","641","全麦吐司","","片","","","30","","1","30","0","","30","30","0","false","false","QTY_FORM_USAGE_AMBIGUOUS","pending","","true","QTY_FORM_USAGE_AMBIGUOUS"
"unit_weight","641","全麦吐司","片","片","","","6","","1","6","0","","6","6","0","false","false","QTY_FORM_USAGE_AMBIGUOUS","pending","","true","QTY_FORM_USAGE_AMBIGUOUS"
"unit_weight","65","小葱","","根","seasoning","","7.301980198019801980198019802","","101","7.301980198019801980198019802","3.116150837107209159950576254","0.4267542163360381358034009514","5","10","5","true","false","QTY_RULE_IQR_OUTLIER|QTY_FORM_USAGE_AMBIGUOUS","pending","","true","QTY_RULE_IQR_OUTLIER"
"unit_weight","65","小葱","","根","seasoning","","7.301980198019801980198019802","","101","7.301980198019801980198019802","3.116150837107209159950576254","0.4267542163360381358034009514","5","10","5","true","false","QTY_RULE_IQR_OUTLIER|QTY_FORM_USAGE_AMBIGUOUS","pending","","true","QTY_FORM_USAGE_AMBIGUOUS"
"unit_weight","65","小葱","段","根","seasoning","","5","","1","5","0","","5","5","0","false","false","QTY_FORM_USAGE_AMBIGUOUS","pending","","true","QTY_FORM_USAGE_AMBIGUOUS"
"unit_weight","74","土豆","","个","","","165","","10","165","33.74742788552764488874483715","0.2045298659728948175075444676","150","200","50","false","false","QTY_FORM_USAGE_AMBIGUOUS","pending","","true","QTY_FORM_USAGE_AMBIGUOUS"
"unit_weight","74","土豆","去皮","个","","","150","","1","150","0","","150","150","0","false","false","QTY_FORM_USAGE_AMBIGUOUS","pending","","true","QTY_FORM_USAGE_AMBIGUOUS"
"unit_weight","84","胡萝卜","","根","","","107.1428571428571428571428571","","14","107.1428571428571428571428571","26.72612419124243846845534809","0.2494438257849294257055832489","1.0E+2","1.0E+2","0E+1","true","false","QTY_RULE_IQR_OUTLIER","pending","","false","QTY_RULE_IQR_OUTLIER"
"unit_weight","85","香菇","","个","","","13","","10","13","4.216370213557839109331858060","0.3243361702736799314870660046","10","15","5","false","false","QTY_FORM_USAGE_AMBIGUOUS","pending","","true","QTY_FORM_USAGE_AMBIGUOUS"
"unit_weight","85","香菇","干","个","","","6.25","","4","6.25","2.50","0.4","5","5","0","true","false","QTY_RULE_IQR_OUTLIER|QTY_FORM_USAGE_AMBIGUOUS","pending","","true","QTY_RULE_IQR_OUTLIER"
"unit_weight","85","香菇","干","个","","","6.25","","4","6.25","2.50","0.4","5","5","0","true","false","QTY_RULE_IQR_OUTLIER|QTY_FORM_USAGE_AMBIGUOUS","pending","","true","QTY_FORM_USAGE_AMBIGUOUS"
"unit_weight","85","香菇","泡发","个","","","10","","1","10","0","","10","10","0","false","false","QTY_FORM_USAGE_AMBIGUOUS","pending","","true","QTY_FORM_USAGE_AMBIGUOUS"
"unit_weight","89","生抽","","勺","seasoning","","11.25","","4","11.25","2.50","0.2222222222222222222222222222","10","1E+1","0","true","false","QTY_RULE_IQR_OUTLIER|QTY_FORM_USAGE_AMBIGUOUS","pending","","true","QTY_RULE_IQR_OUTLIER"
"unit_weight","89","生抽","","勺","seasoning","","11.25","","4","11.25","2.50","0.2222222222222222222222222222","10","1E+1","0","true","false","QTY_RULE_IQR_OUTLIER|QTY_FORM_USAGE_AMBIGUOUS","pending","","true","QTY_FORM_USAGE_AMBIGUOUS"
"unit_weight","943","鸡蛋黄","","个","","","19.16666666666666666666666667","","6","19.16666666666666666666666667","2.041241452319315081831070063","0.1064995540340512216607514815","20","20","0","true","false","QTY_RULE_IQR_OUTLIER","pending","","false","QTY_RULE_IQR_OUTLIER"
"unit_weight","97","白糖","","勺","seasoning","","10","","1","10","0","","10","10","0","false","false","QTY_FORM_USAGE_AMBIGUOUS","pending","","true","QTY_FORM_USAGE_AMBIGUOUS"
"unit_weight","98","料酒","","勺","seasoning","","10","","9","10","2.5","0.25","10","10","0","true","false","QTY_RULE_IQR_OUTLIER|QTY_FORM_USAGE_AMBIGUOUS","pending","","true","QTY_RULE_IQR_OUTLIER"
"unit_weight","98","料酒","","勺","seasoning","","10","","9","10","2.5","0.25","10","10","0","true","false","QTY_RULE_IQR_OUTLIER|QTY_FORM_USAGE_AMBIGUOUS","pending","","true","QTY_FORM_USAGE_AMBIGUOUS"
