rule_type,ingredient_id,ingredient_name,normalized_form,normalized_unit,usage_code,fuzzy_token_class,to_grams,mass_density_g_per_ml,sample_count,mean,sample_standard_deviation,coefficient_of_variation,q1,q3,iqr,has_iqr_outlier,is_stable,exception_codes,review_status,existing_rule_value,form_usage_ambiguous
density,100,水淀粉,,毫升,,,,1,19,1,0,0,1,1,0,false,true,,pending,,false
density,1004,鸡汁,,毫升,,,,1,1,1,0,,1,1,0,false,false,,pending,,false
density,1039,淡豆浆,,毫升,,,,1,1,1,0,,1,1,0,false,false,,pending,,false
density,1079,鸡汤,,毫升,,,,1,4,1,0,0,1,1,0,false,false,,pending,,false
density,1102,豉油,,毫升,seasoning,,,1,2,1,0,0,1,1,0,false,false,,pending,,false
density,111,纯净水,,毫升,,,,1,5,1,0,0,1,1,0,false,true,,pending,,false
density,1118,菠菜汁,,毫升,,,,1,2,1,0,0,1,1,0,false,false,,pending,,false
density,1132,鲜奶,,毫升,,,,1.03,1,1.03,0,,1.03,1.03,0.00,false,false,,pending,,false
density,1183,植物油,,毫升,,,,0.984,5,0.984,0.03577708763999663514254677870,0.03635882890243560481966136047,1,1,0,true,false,QTY_RULE_IQR_OUTLIER,pending,,false
density,122,牛奶,,毫升,,,,1,39,1,0,0,1,1,0,false,true,,pending,,false
density,1235,鲜味汁,,毫升,,,,1,1,1,0,,1,1,0,false,false,,pending,,false
density,1287,花雕,,毫升,,,,1,1,1,0,,1,1,0,false,false,,pending,,false
density,132,淡奶油,,毫升,,,,1,4,1,0,0,1,1,0,false,false,,pending,,false
density,1322,香草浓浆,,毫升,,,,1,1,1,0,,1,1,0,false,false,,pending,,false
density,1336,配方奶,,毫升,,,,1,1,1,0,,1,1,0,false,false,,pending,,false
density,139,老抽,,毫升,seasoning,,,1,21,1,0,0,1,1,0,false,false,QTY_FORM_USAGE_AMBIGUOUS,pending,,true
density,1427,浓稠酸奶,,毫升,,,,1,1,1,0,,1,1,0,false,false,,pending,,false
density,1457,老陈醋,,毫升,seasoning,,,1,1,1,0,,1,1,0,false,false,,pending,,false
density,1516,糟卤,,毫升,,,,1,1,1,0,,1,1,0,false,false,,pending,,false
density,1517,特浓无糖酸奶,,毫升,,,,1,1,1,0,,1,1,0,false,false,,pending,,false
density,154,柠檬汁,,毫升,,,,1,7,1,0,0,1,1,0,false,true,,pending,,false
density,155,色拉油,,毫升,,,,0.9591836734693877551020408163,7,0.9591836734693877551020408163,0.05112913584792803335782088924,0.05330484375635050286240901219,0.9,1,0.1,false,true,,pending,,false
density,1588,亚麻籽油,,毫升,seasoning,,,1,1,1,0,,1,1,0,false,false,,pending,,false
density,1606,橙汁,,毫升,,,,1,1,1,0,,1,1,0,false,false,,pending,,false
density,166,黄酒,,毫升,,,,1,6,1,0,0,1,1,0,false,true,,pending,,false
density,169,玉米油,,毫升,,,,0.9327142857142857142857142858,5,0.9327142857142857142857142858,0.03933892500320977588096039467,0.04217682264090495193241273743,0.91,0.9285714285714285714285714286,0.0185714285714285714285714286,true,false,QTY_RULE_IQR_OUTLIER,pending,,false
density,173,陈醋,,毫升,seasoning,,,1,3,1,0,0,1,1,0,false,false,,pending,,false
density,1731,白兰地,,毫升,,,,0.9,2,0.9,0.1414213562373095048801688724,0.1571348402636772276446320804,0.8,1,0.2,false,false,,pending,,false
density,176,蜂蜜,,毫升,seasoning,,,1.296666666666666666666666667,5,1.296666666666666666666666667,0.1684900260813348229950226711,0.1299408941501296835437192836,1.333333333333333333333333333,1.4,0.066666666666666666666666667,true,false,QTY_RULE_IQR_OUTLIER|QTY_FORM_USAGE_AMBIGUOUS,pending,,true
density,1762,辣油/红油,,毫升,seasoning,,,1,1,1,0,,1,1,0,false,false,,pending,,false
density,1807,鲜贝露,,毫升,seasoning,,,1,1,1,0,,1,1,0,false,false,,pending,,false
density,184,矿泉水,,毫升,,,,1,2,1,0,0,1,1,0,false,false,,pending,,false
density,1939,温热水,,毫升,,,,1,1,1,0,,1,1,0,false,false,,pending,,false
density,1985,葵花籽油,,毫升,,,,0.9,1,0.9,0,,0.9,0.9,0.0,false,false,,pending,,false
density,20,橄榄油,,毫升,,,,0.960151515151515151515151515,22,0.960151515151515151515151515,0.04561719336969703277945041779,0.04751041127347331802814782349,0.9166666666666666666666666667,1,0.0833333333333333333333333333,false,true,,pending,,false
density,207,鸡蛋清,,毫升,,,,1,1,1,0,,1,1,0,false,false,,pending,,false
density,2085,味霖,,毫升,,,,1,1,1,0,,1,1,0,false,false,,pending,,false
density,2109,烧酒,,毫升,,,,1,1,1,0,,1,1,0,false,false,,pending,,false
density,2190,青花椒油,,毫升,seasoning,,,1,1,1,0,,1,1,0,false,false,,pending,,false
density,237,蒸鱼鼓油,,毫升,seasoning,,,1,1,1,0,,1,1,0,false,false,,pending,,false
density,28,食用油,,毫升,,,,0.9704894718967566649685854974,151,0.9704894718967566649685854974,0.04966011614812275195874766222,0.05117017503658785850658483532,0.9333333333333333333333333333,1,0.0666666666666666666666666667,true,false,QTY_RULE_IQR_OUTLIER,pending,,false
density,330,米酒,,毫升,,,,1,1,1,0,,1,1,0,false,false,,pending,,false
density,356,油,,毫升,,,,0.9878787878787878787878787877,22,0.9878787878787878787878787877,0.03178208630818641051489253076,0.03217205055736661187090348206,1,1,0,true,false,QTY_RULE_IQR_OUTLIER,pending,,false
density,357,酱油,,毫升,seasoning,,,1,15,1,0,0,1,1,0,false,false,QTY_FORM_USAGE_AMBIGUOUS,pending,,true
density,36,蒸鱼豉油,,毫升,seasoning,,,1,12,1,0,0,1,1,0,false,false,QTY_FORM_USAGE_AMBIGUOUS,pending,,true
density,390,白葡萄酒,,毫升,,,,1,1,1,0,,1,1,0,false,false,,pending,,false
density,41,水,,毫升,,,,1,50,1,0,0,1,1,0,false,false,QTY_FORM_USAGE_AMBIGUOUS,pending,,true
density,41,水,温,毫升,,,,1,13,1,0,0,1,1,0,false,false,QTY_FORM_USAGE_AMBIGUOUS,pending,,true
density,41,水,热,毫升,,,,1,1,1,0,,1,1,0,false,false,QTY_FORM_USAGE_AMBIGUOUS,pending,,true
density,41,水,煮沸,毫升,,,,1,5,1,0,0,1,1,0,false,false,QTY_FORM_USAGE_AMBIGUOUS,pending,,true
density,42,蛋清,,毫升,,,,1,1,1,0,,1,1,0,false,false,,pending,,false
density,427,南乳汁,,毫升,,,,1,1,1,0,,1,1,0,false,false,,pending,,false
density,432,白醋,,毫升,seasoning,,,1,5,1,0,0,1,1,0,false,false,QTY_FORM_USAGE_AMBIGUOUS,pending,,true
density,446,鲍鱼汁,,毫升,,,,1,1,1,0,,1,1,0,false,false,,pending,,false
density,458,椰浆,,毫升,,,,1,1,1,0,,1,1,0,false,false,,pending,,false
density,461,花生油,,毫升,,,,1,3,1,0,0,1,1,0,false,false,,pending,,false
density,48,淀粉,,毫升,,,,0.6666666666666666666666666667,1,0.6666666666666666666666666667,0,,0.6666666666666666666666666667,0.6666666666666666666666666667,0E-28,false,false,,pending,,false
density,486,凉开水,,毫升,,,,1,1,1,0,,1,1,0,false,false,,pending,,false
density,498,菜籽油,,毫升,,,,1,1,1,0,,1,1,0,false,false,,pending,,false
density,52,蚝油,,毫升,seasoning,,,1.0125,16,1.0125,0.0500,0.04938271604938271604938271605,1,1,0,true,false,QTY_RULE_IQR_OUTLIER,pending,,false
density,531,朗姆酒,,毫升,,,,1,2,1,0,0,1,1,0,false,false,,pending,,false
density,54,鸡蛋,液,毫升,,,,1,2,1,0,0,1,1,0,false,false,QTY_FORM_USAGE_AMBIGUOUS,pending,,true
density,569,酸奶,,毫升,,,,1,1,1,0,,1,1,0,false,false,,pending,,false
density,57,日式酱油,,毫升,seasoning,,,1,1,1,0,,1,1,0,false,false,,pending,,false
density,583,辣椒油,,毫升,,,,1,5,1,0,0,1,1,0,false,true,,pending,,false
density,595,鲜味酱油,,毫升,seasoning,,,1,1,1,0,,1,1,0,false,false,,pending,,false
density,6,姜,汁,毫升,,,,1,4,1,0,0,1,1,0,false,false,QTY_FORM_USAGE_AMBIGUOUS,pending,,true
density,605,高汤,,毫升,,,,1,4,1,0,0,1,1,0,false,false,,pending,,false
density,607,香醋,,毫升,seasoning,,,1,5,1,0,0,1,1,0,false,true,,pending,,false
density,612,芝麻鱼,,毫升,,,,1,1,1,0,,1,1,0,false,false,,pending,,false
density,618,蛋黄液,,毫升,,,,1,1,1,0,,1,1,0,false,false,,pending,,false
density,623,鱼露,,毫升,,,,1,2,1,0,0,1,1,0,false,false,,pending,,false
density,66,芝麻油,,毫升,,,,0.9982758620689655172413793103,58,0.9982758620689655172413793103,0.01313064328597225566493346730,0.01315332142636253589924250610,1,1,0,true,false,QTY_RULE_IQR_OUTLIER,pending,,false
density,68,纯牛奶,,毫升,,,,1.005714285714285714285714286,5,1.005714285714285714285714286,0.01277753129999879826519527830,0.01270493169033971418414303240,1,1,0,true,false,QTY_RULE_IQR_OUTLIER,pending,,false
density,682,三花淡奶,,毫升,,,,1.016666666666666666666666666,2,1.016666666666666666666666666,0.02357022603955158414669481184,0.02318382889136221391478178215,1,1.033333333333333333333333333,0.033333333333333333333333333,false,false,,pending,,false
density,690,花椒油,,毫升,seasoning,,,1,1,1,0,,1,1,0,false,false,,pending,,false
density,72,醋,,毫升,seasoning,,,1,6,1,0,0,1,1,0,false,true,,pending,,false
density,729,有机生抽,,毫升,seasoning,,,1,1,1,0,,1,1,0,false,false,,pending,,false
density,759,红酒,,毫升,,,,1,1,1,0,,1,1,0,false,false,,pending,,false
density,769,脱脂牛奶,,毫升,,,,1,1,1,0,,1,1,0,false,false,,pending,,false
density,77,菠萝醋,,毫升,,,,1,1,1,0,,1,1,0,false,false,,pending,,false
density,778,茶油,,毫升,seasoning,,,1,1,1,0,,1,1,0,false,false,,pending,,false
density,789,香草精,,毫升,,,,1,1,1,0,,1,1,0,false,false,,pending,,false
density,88,米醋,,毫升,,,,1,1,1,0,,1,1,0,false,false,,pending,,false
density,89,生抽,,毫升,seasoning,,,1,135,1,0,0,1,1,0,false,false,QTY_FORM_USAGE_AMBIGUOUS,pending,,true
density,897,肉汤,,毫升,,,,1,1,1,0,,1,1,0,false,false,,pending,,false
density,98,料酒,,毫升,seasoning,,,1,111,1,0,0,1,1,0,false,false,QTY_FORM_USAGE_AMBIGUOUS,pending,,true
density,996,烧烤汁,,毫升,,,,1,14,1,0,0,1,1,0,false,true,,pending,,false
fuzzy_single_value,1138,沙拉酱,,,seasoning,as_needed,22.5,,2,22.5,10.60660171779821286601266543,0.4714045207910316829338962413,15,30,15,false,false,,pending,,false
fuzzy_single_value,1243,大蒜叶,,,seasoning,as_needed,10,,1,10,0,,10,10,0,false,false,QTY_FORM_USAGE_AMBIGUOUS,pending,,true
fuzzy_single_value,1319,叉烧酱,,,seasoning,as_needed,30,,1,30,0,,30,30,0,false,false,,pending,,false
fuzzy_single_value,139,老抽,,,seasoning,as_needed,5,,4,5,0,0,5,5,0,false,false,QTY_FORM_USAGE_AMBIGUOUS,pending,,true
fuzzy_single_value,139,老抽,,,seasoning,small_amount,5,,1,5,0,,5,5,0,false,false,QTY_FORM_USAGE_AMBIGUOUS,pending,,true
fuzzy_single_value,140,海鲜酱,,,seasoning,small_amount,20,,1,20,0,,20,20,0,false,false,,pending,,false
fuzzy_single_value,1460,老油条碎,碎,,seasoning,as_needed,15,,1,15,0,,15,15,0,false,false,QTY_HIGH_IMPACT_FUZZY,pending,,false
fuzzy_single_value,1489,桂花糖,,,seasoning,small_amount,5,,1,5,0,,5,5,0,false,false,QTY_HIGH_IMPACT_FUZZY,pending,,false
fuzzy_single_value,1554,香辣豆豉酱,,,seasoning,as_needed,20,,1,20,0,,20,20,0,false,false,,pending,,false
fuzzy_single_value,1633,嫩姜,丝,,seasoning,as_needed,5,,1,5,0,,5,5,0,false,false,,pending,,false
fuzzy_single_value,17,盐,,,seasoning,as_needed,4.0625,,16,4.0625,3.108456208473910606846067033,0.7651584513166549186082626543,3,5,2,true,false,QTY_HIGH_IMPACT_FUZZY|QTY_RULE_IQR_OUTLIER|QTY_FORM_USAGE_AMBIGUOUS,pending,,true
fuzzy_single_value,17,盐,,,seasoning,small_amount,2.3,,10,2.3,0.4830458915396479524572888052,0.2100199528433251967205603501,2,3,1,false,false,QTY_HIGH_IMPACT_FUZZY|QTY_FORM_USAGE_AMBIGUOUS,pending,,true
fuzzy_single_value,1708,葱蒜,,,seasoning,small_amount,10,,1,10,0,,10,10,0,false,false,,pending,,false
fuzzy_single_value,176,蜂蜜,,,seasoning,as_needed,17.5,,4,17.5,2.886751345948128822545743902,0.1649572197684645041454710801,15,20,5,false,false,QTY_FORM_USAGE_AMBIGUOUS,pending,,true
fuzzy_single_value,1778,糖桂花,花,,seasoning,as_needed,10,,1,10,0,,10,10,0,false,false,QTY_HIGH_IMPACT_FUZZY|QTY_FORM_USAGE_AMBIGUOUS,pending,,true
fuzzy_single_value,1888,粗砂糖,,,seasoning,as_needed,15,,1,15,0,,15,15,0,false,false,QTY_HIGH_IMPACT_FUZZY,pending,,false
fuzzy_single_value,1917,大蒜头,,,seasoning,several_count,10,,1,10,0,,10,10,0,false,false,,pending,,false
fuzzy_single_value,201,糖,,,seasoning,as_needed,4.5,,4,4.5,1.0,0.2222222222222222222222222222,3,5,2,false,false,QTY_HIGH_IMPACT_FUZZY|QTY_FORM_USAGE_AMBIGUOUS,pending,,true
fuzzy_single_value,201,糖,,,seasoning,small_amount,5,,1,5,0,,5,5,0,false,false,QTY_HIGH_IMPACT_FUZZY|QTY_FORM_USAGE_AMBIGUOUS,pending,,true
fuzzy_single_value,2194,珍珠糖,,,seasoning,small_amount,10,,1,10,0,,10,10,0,false,false,QTY_HIGH_IMPACT_FUZZY,pending,,false
fuzzy_single_value,3,冰糖,,,seasoning,as_needed,17.5,,2,17.5,3.535533905932737622004221811,0.2020305089104421498288126749,15,20,5,false,false,QTY_HIGH_IMPACT_FUZZY,pending,,false
fuzzy_single_value,33,葱,,,seasoning,as_needed,8.833333333333333333333333333,,6,8.833333333333333333333333333,6.177917664283546168881595201,0.6993869053905901323262183247,5,10,5,true,false,QTY_RULE_IQR_OUTLIER|QTY_FORM_USAGE_AMBIGUOUS,pending,,true
fuzzy_single_value,33,葱,,,seasoning,small_amount,10,,1,10,0,,10,10,0,false,false,QTY_FORM_USAGE_AMBIGUOUS,pending,,true
fuzzy_single_value,33,葱,丝,,seasoning,as_needed,10,,1,10,0,,10,10,0,false,false,QTY_FORM_USAGE_AMBIGUOUS,pending,,true
fuzzy_single_value,33,葱,丝,,seasoning,small_amount,10,,2,10,0,0,10,10,0,false,false,QTY_FORM_USAGE_AMBIGUOUS,pending,,true
fuzzy_single_value,33,葱,末,,seasoning,as_needed,5,,1,5,0,,5,5,0,false,false,QTY_FORM_USAGE_AMBIGUOUS,pending,,true
fuzzy_single_value,33,葱,段,,seasoning,several_count,5,,1,5,0,,5,5,0,false,false,QTY_FORM_USAGE_AMBIGUOUS,pending,,true
fuzzy_single_value,33,葱,花,,seasoning,as_needed,4.755555555555555555555555556,,45,4.755555555555555555555555556,1.720934676742891835253405018,0.3618787871655613672261832981,3,5,2,true,false,QTY_RULE_IQR_OUTLIER|QTY_FORM_USAGE_AMBIGUOUS,pending,,true
fuzzy_single_value,33,葱,花,,seasoning,small_amount,5,,3,5,0,0,5,5,0,false,false,QTY_FORM_USAGE_AMBIGUOUS,pending,,true
fuzzy_single_value,357,酱油,,,seasoning,as_needed,12.5,,4,12.5,2.886751345948128822545743902,0.2309401076758503058036595122,10,15,5,false,false,QTY_HIGH_IMPACT_FUZZY|QTY_FORM_USAGE_AMBIGUOUS,pending,,true
fuzzy_single_value,36,蒸鱼豉油,,,seasoning,as_needed,20,,1,20,0,,20,20,0,false,false,QTY_HIGH_IMPACT_FUZZY|QTY_FORM_USAGE_AMBIGUOUS,pending,,true
fuzzy_single_value,374,桂花酱,,,seasoning,as_needed,15,,1,15,0,,15,15,0,false,false,,pending,,false
fuzzy_single_value,40,红糖,,,seasoning,as_needed,20,,1,20,0,,20,20,0,false,false,QTY_HIGH_IMPACT_FUZZY,pending,,false
fuzzy_single_value,432,白醋,,,seasoning,as_needed,2,,1,2,0,,2,2,0,false,false,QTY_FORM_USAGE_AMBIGUOUS,pending,,true
fuzzy_single_value,432,白醋,,,seasoning,small_amount,2,,1,2,0,,2,2,0,false,false,QTY_FORM_USAGE_AMBIGUOUS,pending,,true
fuzzy_single_value,454,寿司醋,,,seasoning,as_needed,30,,1,30,0,,30,30,0,false,false,,pending,,false
fuzzy_single_value,50,蒜,,,seasoning,as_needed,10,,2,10,0,0,10,10,0,false,false,QTY_FORM_USAGE_AMBIGUOUS,pending,,true
fuzzy_single_value,50,蒜,蓉,,seasoning,as_needed,10,,1,10,0,,10,10,0,false,false,QTY_FORM_USAGE_AMBIGUOUS,pending,,true
fuzzy_single_value,505,粗盐,,,seasoning,as_needed,5,,1,5,0,,5,5,0,false,false,QTY_HIGH_IMPACT_FUZZY,pending,,false
fuzzy_single_value,516,耗油,,,seasoning,as_needed,10,,1,10,0,,10,10,0,false,false,QTY_HIGH_IMPACT_FUZZY,pending,,false
fuzzy_single_value,594,香葱,,,seasoning,as_needed,5,,1,5,0,,5,5,0,false,false,QTY_FORM_USAGE_AMBIGUOUS,pending,,true
fuzzy_single_value,6,姜,,,seasoning,as_needed,8.666666666666666666666666667,,9,8.666666666666666666666666667,3.674234614174767147295926113,0.4239501477893962093033760899,5,10,5,false,false,QTY_FORM_USAGE_AMBIGUOUS,pending,,true
fuzzy_single_value,6,姜,,,seasoning,small_amount,6.666666666666666666666666667,,3,6.666666666666666666666666667,2.886751345948128822545743903,0.4330127018922193233818615854,5,10,5,false,false,QTY_FORM_USAGE_AMBIGUOUS,pending,,true
fuzzy_single_value,6,姜,丝,,seasoning,small_amount,7.5,,2,7.5,3.535533905932737622004221811,0.4714045207910316829338962415,5,10,5,false,false,QTY_FORM_USAGE_AMBIGUOUS,pending,,true
fuzzy_single_value,6,姜,片,,seasoning,as_needed,10,,1,10,0,,10,10,0,false,false,QTY_FORM_USAGE_AMBIGUOUS,pending,,true
fuzzy_single_value,65,小葱,,,seasoning,as_needed,8.333333333333333333333333333,,3,8.333333333333333333333333333,2.886751345948128822545743903,0.3464101615137754587054892684,5,10,5,false,false,QTY_FORM_USAGE_AMBIGUOUS,pending,,true
fuzzy_single_value,89,生抽,,,seasoning,as_needed,11.25,,4,11.25,2.50,0.2222222222222222222222222222,10,10,0,true,false,QTY_RULE_IQR_OUTLIER|QTY_FORM_USAGE_AMBIGUOUS,pending,,true
fuzzy_single_value,89,生抽,,,seasoning,small_amount,15,,1,15,0,,15,15,0,false,false,QTY_FORM_USAGE_AMBIGUOUS,pending,,true
fuzzy_single_value,97,白糖,,,seasoning,as_needed,20,,2,20,0,0,20,20,0,false,false,QTY_HIGH_IMPACT_FUZZY|QTY_FORM_USAGE_AMBIGUOUS,pending,,true
fuzzy_single_value,97,白糖,,,seasoning,small_amount,3.5,,2,3.5,2.121320343559642573202533086,0.6060915267313264494864380246,2,5,3,false,false,QTY_HIGH_IMPACT_FUZZY|QTY_FORM_USAGE_AMBIGUOUS,pending,,true
fuzzy_single_value,98,料酒,,,seasoning,as_needed,8.75,,4,8.75,2.50,0.2857142857142857142857142857,5,10,5,false,false,QTY_FORM_USAGE_AMBIGUOUS,pending,,true
fuzzy_single_value,98,料酒,,,seasoning,small_amount,15,,1,15,0,,15,15,0,false,false,QTY_FORM_USAGE_AMBIGUOUS,pending,,true
fuzzy_single_value,994,味精,,,seasoning,as_needed,1,,1,1,0,,1,1,0,false,false,,pending,,false
unit_weight,10,茄子,,个,,,250,,2,250,70.71067811865475244008443621,0.2828427124746190097603377448,200,300,100,false,false,,pending,,false
unit_weight,10,茄子,,根,,,300,,1,300,0,,300,300,0,false,false,,pending,,false
unit_weight,1005,梨,,个,,,200,,1,200,0,,2.0E+2,2.0E+2,0E+1,false,false,,pending,,false
unit_weight,1014,大鸡腿,,个,,,233.3333333333333333333333333,,3,233.3333333333333333333333333,28.86751345948128822545743903,0.1237179148263483781091033101,200,250,50,false,false,,pending,,false
unit_weight,1028,鸡全腿,,个,,,300,,1,300,0,,300,300,0,false,false,,pending,,false
unit_weight,1035,水煮蛋,,个,,,10,,1,10,0,,10,10,0,false,false,,pending,,false
unit_weight,1046,秋葵,,个,,,10,,1,10,0,,10,10,0,false,false,,pending,,false
unit_weight,1065,嫩鱿鱼,,个,,,100,,1,100,0,,100,100,0,false,false,,pending,,false
unit_weight,1069,腊肠,,根,,,50,,2,50,0,0,50,50,0,false,false,,pending,,false
unit_weight,1077,白洋葱,,个,,,200,,1,200,0,,2.0E+2,2.0E+2,0E+1,false,false,,pending,,false
unit_weight,1091,黄梨,,个,,,200,,1,200,0,,200,200,0,false,false,,pending,,false
unit_weight,11,番茄,,个,,,150,,6,150,31.62277660168379331998893544,0.2108185106778919554665929029,150,150,0,true,false,QTY_RULE_IQR_OUTLIER,pending,,false
unit_weight,1116,手抓饼,,个,,,100,,1,100,0,,100,100,0,false,false,,pending,,false
unit_weight,1116,手抓饼,,片,,,30,,1,30,0,,30,30,0,false,false,,pending,,false
unit_weight,112,小米辣,,个,,,4.75,,20,4.75,0.7863975156570492036312623627,0.1655573717172735165539499711,5,5,0,true,false,QTY_RULE_IQR_OUTLIER,pending,,false
unit_weight,1124,小洋葱,,个,,,100,,1,100,0,,100,100,0,false,false,,pending,,false
unit_weight,115,青椒,,个,,,86.66666666666666666666666667,,3,86.66666666666666666666666667,11.54700538379251529018297561,0.1332346775052982533482651032,80,1.0E+2,20,false,false,,pending,,false
unit_weight,115,青椒,,根,,,100,,1,100,0,,100,100,0,false,false,,pending,,false
unit_weight,1166,鲍鱼仔,,个,,,50,,1,50,0,,50,50,0,false,false,,pending,,false
unit_weight,1182,橘子,,个,,,50,,1,50,0,,50,50,0,false,false,,pending,,false
unit_weight,1191,挞皮,,个,,,17.5,,2,17.5,10.60660171779821286601266543,0.6060915267313264494864380246,10,25,15,false,false,,pending,,false
unit_weight,1192,水蜜桃,,个,,,200,,1,200,0,,200,200,0,false,false,,pending,,false
unit_weight,1198,荔枝,新鲜,个,,,15,,1,15,0,,15,15,0,false,false,,pending,,false
unit_weight,12,洋葱,,个,,,170,,15,170,31.62277660168379331998893544,0.1860163329510811371764055026,150,2E+2,50,false,false,,pending,,false
unit_weight,1202,浓汤宝,,个,,,16,,1,16,0,,16,16,0,false,false,,pending,,false
unit_weight,1215,素鸡,,根,,,200,,1,200,0,,200,200,0,false,false,,pending,,false
unit_weight,1227,海苔,,片,,,2.75,,2,2.75,0.3535533905932737622004221811,0.1285648693066450044365171568,2.5,3,0.5,false,false,,pending,,false
unit_weight,1236,澳洲带子,,个,,,30,,1,30,0,,30,30,0,false,false,,pending,,false
unit_weight,1241,吐司,,片,,,29.16666666666666666666666667,,6,29.16666666666666666666666667,4.915960401250875278114727867,0.1685472137571728666782192411,30,30,0,true,false,QTY_RULE_IQR_OUTLIER,pending,,false
unit_weight,1242,奶酪,,片,,,20,,5,20,0,0,20,20,0,false,false,QTY_FORM_USAGE_AMBIGUOUS,pending,,true
unit_weight,1242,奶酪,片,片,,,12.29166666666666666666666667,,8,12.29166666666666666666666667,5.414376805365155824342108880,0.4404916723008940331668156376,6.666666666666666666666666667,15,8.333333333333333333333333333,false,false,QTY_FORM_USAGE_AMBIGUOUS,pending,,true
unit_weight,1243,大蒜叶,,根,seasoning,,21.66666666666666666666666667,,3,21.66666666666666666666666667,2.886751345948128822545743903,0.1332346775052982533482651032,20,25,5,false,false,QTY_FORM_USAGE_AMBIGUOUS,pending,,true
unit_weight,1245,鳙鱼头,,个,,,900,,2,900,141.4213562373095048801688724,0.1571348402636772276446320804,800,1000,200,false,false,,pending,,false
unit_weight,1249,速冻红糖馒头,,个,seasoning,,50,,1,50,0,,50,50,0,false,false,,pending,,false
unit_weight,125,鸡精,,勺,,,5,,5,5,0,0,5,5,0,false,true,,pending,,false
unit_weight,1275,厚百叶,,片,,,50,,1,50,0,,50,50,0,false,false,,pending,,false
unit_weight,1278,长茄子,,个,,,100,,1,100,0,,100,100,0,false,false,,pending,,false
unit_weight,1278,长茄子,,根,,,166.6666666666666666666666667,,3,166.6666666666666666666666667,57.73502691896257645091487806,0.3464101615137754587054892683,100,200,100,false,false,,pending,,false
unit_weight,1288,包生菜,,个,,,100,,1,100,0,,100,100,0,false,false,,pending,,false
unit_weight,129,红茶包,,个,,,2,,3,2,0,0,2,2,0,false,false,,pending,,false
unit_weight,1297,青柠叶,,片,,,1,,1,1,0,,1,1,0,false,false,,pending,,false
unit_weight,1301,罗勒叶,,片,,,0.5,,1,0.5,0,,0.5,0.5,0.0,false,false,,pending,,false
unit_weight,1321,青柠檬,,个,,,75,,2,75,35.35533905932737622004221811,0.4714045207910316829338962415,50,100,50,false,false,,pending,,false
unit_weight,1325,橙子盏,,个,,,100,,1,100,0,,100,100,0,false,false,,pending,,false
unit_weight,1331,杭椒,,个,,,23.33333333333333333333333333,,3,23.33333333333333333333333333,23.09401076758503058036595122,0.9897433186107870248728264810,10,50,40,false,false,,pending,,false
unit_weight,1338,粗紫茄子,,个,,,200,,1,200,0,,200,200,0,false,false,,pending,,false
unit_weight,1348,小西瓜,,个,,,1500,,1,1500,0,,1500,1500,0,false,false,,pending,,false
unit_weight,1351,小红椒,,个,,,7,,2,7,4.242640687119285146405066173,0.6060915267313264494864380247,4,10,6,false,false,,pending,,false
unit_weight,1363,百香果,,个,,,62.5,,4,62.5,25.0,0.4,50,50,0,true,false,QTY_RULE_IQR_OUTLIER,pending,,false
unit_weight,1364,塔皮,,个,,,150,,1,150,0,,150,150,0,false,false,,pending,,false
unit_weight,1383,猪手,,个,,,500,,1,500,0,,500,500,0,false,false,,pending,,false
unit_weight,1390,紫苏,,片,,,1,,1,1,0,,1,1,0,false,false,,pending,,false
unit_weight,1391,无菌蛋,,个,,,50,,1,50,0,,50,50,0,false,false,,pending,,false
unit_weight,14,迷迭香,,根,,,1.75,,4,1.75,0.50,0.2857142857142857142857142857,1,2,1,false,false,,pending,,false
unit_weight,1403,叶儿粑叶,,片,,,1,,1,1,0,,1,1,0,false,false,,pending,,false
unit_weight,1408,青尖椒,,个,,,30,,2,30,28.28427124746190097603377448,0.9428090415820633658677924827,10,50,40,false,false,,pending,,false
unit_weight,141,桂皮,,片,seasoning,,2.333333333333333333333333333,,3,2.333333333333333333333333333,0.5773502691896257645091487806,0.2474358296526967562182066203,2,3,1,false,false,,pending,,false
unit_weight,1410,川味香肠,,根,,,100,,1,100,0,,100,100,0,false,false,,pending,,false
unit_weight,142,八角,,个,seasoning,,1.794326241134751773049645390,,94,1.794326241134751773049645390,0.7169335720020483590037498848,0.3995558642382957257688882757,1,2,1,false,false,,pending,,false
unit_weight,1423,月桂叶,新鲜,片,,,1,,2,1,0,0,1,1,0,false,false,,pending,,false
unit_weight,1456,甘草,,片,,,1,,1,1,0,,1,1,0,false,false,,pending,,false
unit_weight,146,蒜瓣,,个,seasoning,,4,,2,4,1.414213562373095048801688724,0.353553390593273762200422181,3,5,2,false,false,,pending,,false
unit_weight,1471,台湾热狗肠,,根,,,50,,1,50,0,,50,50,0,false,false,,pending,,false
unit_weight,1472,鲜活蛤蜊,,个,,,20,,1,20,0,,20,20,0,false,false,,pending,,false
unit_weight,1486,羊骨,,根,,,250,,1,250,0,,250,250,0,false,false,,pending,,false
unit_weight,1488,腊汁肉夹馍,,个,,,100,,1,100,0,,100,100,0,false,false,,pending,,false
unit_weight,149,鸡中翅,,个,,,31.66666666666666666666666667,,3,31.66666666666666666666666667,17.55942292142123141400234111,0.5545080922554073078106002455,15,50,35,false,false,,pending,,false
unit_weight,1514,烟薯,,个,,,125,,2,125,106.0660171779821286601266543,0.8485281374238570292810132344,50,200,150,false,false,,pending,,false
unit_weight,1533,贝贝南瓜,,个,,,250,,2,250,70.71067811865475244008443621,0.2828427124746190097603377448,200,300,100,false,false,,pending,,false
unit_weight,155,色拉油,,勺,,,10,,1,10,0,,10,10,0,false,false,,pending,,false
unit_weight,1569,蛋挞胚,,个,,,10,,1,10,0,,10,10,0,false,false,,pending,,false
unit_weight,1573,麦西恩玉米饼,,个,,,20,,1,20,0,,20,20,0,false,false,,pending,,false
unit_weight,1575,红富士苹果,,个,,,300,,1,300,0,,3.0E+2,3.0E+2,0E+1,false,false,,pending,,false
unit_weight,1576,圆生菜叶,,片,,,6.666666666666666666666666667,,1,6.666666666666666666666666667,0,,6.666666666666666666666666667,6.666666666666666666666666667,0E-27,false,false,,pending,,false
unit_weight,1590,紫洋葱,,个,,,150,,1,150,0,,150,150,0,false,false,,pending,,false
unit_weight,1592,泡椒,,个,,,3.75,,1,3.75,0,,3.75,3.75,0.00,false,false,,pending,,false
unit_weight,1596,红葱,,根,seasoning,,10,,1,10,0,,10,10,0,false,false,,pending,,false
unit_weight,1602,小台芒,,个,,,150,,1,150,0,,150,150,0,false,false,,pending,,false
unit_weight,1603,葱结,,根,seasoning,,20,,1,20,0,,20,20,0,false,false,,pending,,false
unit_weight,1609,糯米鸡,,个,,,100,,1,100,0,,100,100,0,false,false,,pending,,false
unit_weight,1630,包菜,,片,,,50,,1,50,0,,50,50,0,false,false,,pending,,false
unit_weight,1632,小辣椒,,个,,,10,,1,10,0,,10,10,0,false,false,,pending,,false
unit_weight,1634,带子肉,,个,,,10,,1,10,0,,10,10,0,false,false,,pending,,false
unit_weight,1638,鸡蛋豆腐,,个,,,50,,1,50,0,,50,50,0,false,false,,pending,,false
unit_weight,164,枸杞,,个,,,0.2625,,4,0.2625,0.0250,0.09523809523809523809523809524,0.25,0.25,0.00,true,false,QTY_RULE_IQR_OUTLIER|QTY_FORM_USAGE_AMBIGUOUS,pending,,true
unit_weight,164,枸杞,泡水,个,,,0.2,,1,0.2,0,,0.2,0.2,0.0,false,false,QTY_FORM_USAGE_AMBIGUOUS,pending,,true
unit_weight,1649,茉莉绿茶茶包,,个,,,2,,3,2,0,0,2,2,0,false,false,,pending,,false
unit_weight,1671,鱼饼,,个,,,25,,1,25,0,,25,25,0,false,false,,pending,,false
unit_weight,1674,水煮鸡蛋,,个,,,50,,1,50,0,,50,50,0,false,false,,pending,,false
unit_weight,17,盐,,勺,seasoning,,5,,1,5,0,,5,5,0,false,false,QTY_FORM_USAGE_AMBIGUOUS,pending,,true
unit_weight,171,坚果,,勺,,,10,,1,10,0,,10,10,0,false,false,,pending,,false
unit_weight,1710,红糖馒头,冷冻,个,seasoning,,50,,1,50,0,,50,50,0,false,false,,pending,,false
unit_weight,1732,吐司面包,,片,,,30,,1,30,0,,30,30,0,false,false,,pending,,false
unit_weight,1733,小芒果,,个,,,100,,1,100,0,,100,100,0,false,false,,pending,,false
unit_weight,1734,鲜山楂,,个,,,10,,1,10,0,,10,10,0,false,false,,pending,,false
unit_weight,1748,虾饺,,个,,,25,,1,25,0,,25,25,0,false,false,,pending,,false
unit_weight,1757,牛肉饼,,片,,,100,,1,100,0,,100,100,0,false,false,,pending,,false
unit_weight,1763,红小米椒,,根,,,5,,1,5,0,,5,5,0,false,false,,pending,,false
unit_weight,1778,糖桂花,花,勺,seasoning,,10,,1,10,0,,10,10,0,false,false,QTY_FORM_USAGE_AMBIGUOUS,pending,,true
unit_weight,1789,生咸蛋黄,,个,,,10,,1,10,0,,10,10,0,false,false,,pending,,false
unit_weight,1800,小墨鱼,,个,,,50,,1,50,0,,50,50,0,false,false,,pending,,false
unit_weight,1805,大红尖椒,,个,,,50,,1,50,0,,50,50,0,false,false,,pending,,false
unit_weight,181,豆瓣酱,,勺,seasoning,,15,,1,15,0,,15,15,0,false,false,,pending,,false
unit_weight,1840,草寇,,个,,,5,,1,5,0,,5,5,0,false,false,,pending,,false
unit_weight,1841,肉蔻,,个,,,4,,2,4,1.414213562373095048801688724,0.353553390593273762200422181,3,5,2,false,false,,pending,,false
unit_weight,1848,油条,,根,,,50,,1,50,0,,50,50,0,false,false,,pending,,false
unit_weight,187,水发香菇,,个,,,5,,1,5,0,,5,5,0,false,false,,pending,,false
unit_weight,1874,萝卜,,根,,,150,,1,150,0,,150,150,0,false,false,,pending,,false
unit_weight,1880,三角挞壳,,个,,,5,,1,5,0,,5,5,0,false,false,,pending,,false
unit_weight,1896,法棍,,根,,,500,,1,500,0,,5.0E+2,5.0E+2,0E+1,false,false,,pending,,false
unit_weight,1896,法棍,,片,,,20,,1,20,0,,20,20,0,false,false,,pending,,false
unit_weight,1902,整片的大白菜叶子,,片,,,50,,1,50,0,,50,50,0,false,false,,pending,,false
unit_weight,1919,腌萝卜条,条,根,,,10,,1,10,0,,10,10,0,false,false,,pending,,false
unit_weight,1920,咸鸭蛋黄,,个,,,10,,1,10,0,,10,10,0,false,false,,pending,,false
unit_weight,1929,咸鸭蛋,,个,,,60,,2,60,0,0,60,60,0,false,false,,pending,,false
unit_weight,1930,松花蛋,,个,,,70,,1,70,0,,7E+1,7E+1,0E+1,false,false,,pending,,false
unit_weight,194,小米椒,,个,,,5.215053763440860215053763442,,31,5.215053763440860215053763442,1.410406789485911752092112766,0.2704491369529686452465288396,5,5,0,true,false,QTY_RULE_IQR_OUTLIER,pending,,false
unit_weight,1948,香橙,,个,,,150,,3,150,0,0,150,150,0,false,false,,pending,,false
unit_weight,195,扇贝,新鲜,个,,,50,,1,50,0,,50,50,0,false,false,,pending,,false
unit_weight,1957,鸭蛋黄,,个,,,40,,2,40,28.28427124746190097603377448,0.707106781186547524400844362,20,60,40,false,false,,pending,,false
unit_weight,1980,红,干,个,,,5,,1,5,0,,5,5,0,false,false,,pending,,false
unit_weight,1982,猪血丸子,,个,,,150,,1,150,0,,150,150,0,false,false,,pending,,false
unit_weight,1989,白豆蔻,,个,,,0.5,,1,0.5,0,,0.5,0.5,0.0,false,false,,pending,,false
unit_weight,1999,鲜松茸,,个,,,50,,1,50,0,,50,50,0,false,false,,pending,,false
unit_weight,2004,小米辣椒,,个,,,5,,1,5,0,,5,5,0,false,false,,pending,,false
unit_weight,201,糖,,勺,seasoning,,10,,1,10,0,,10,10,0,false,false,QTY_FORM_USAGE_AMBIGUOUS,pending,,true
unit_weight,2021,青柠,,个,,,100,,1,100,0,,100,100,0,false,false,,pending,,false
unit_weight,2044,松茸,干,片,,,2.5,,1,2.5,0,,2.5,2.5,0.0,false,false,,pending,,false
unit_weight,2046,面筋,,个,,,20,,1,20,0,,20,20,0,false,false,,pending,,false
unit_weight,205,水发木耳,,片,,,2.5,,1,2.5,0,,2.5,2.5,0.0,false,false,,pending,,false
unit_weight,2054,黄柠檬,,片,,,20,,1,20,0,,20,20,0,false,false,,pending,,false
unit_weight,2055,西瓜挖球,,个,,,15,,1,15,0,,15,15,0,false,false,,pending,,false
unit_weight,2069,蕃茄,,个,,,150,,1,150,0,,1.5E+2,1.5E+2,0E+1,false,false,,pending,,false
unit_weight,207,鸡蛋清,,个,,,37.5,,10,37.5,10.06920497799547672356903272,0.2685121327465460459618408725,30,50,20,false,false,,pending,,false
unit_weight,2070,东北大酱,,勺,seasoning,,15,,1,15,0,,15,15,0,false,false,,pending,,false
unit_weight,2112,面包,切片,片,,,30,,1,30,0,,30,30,0,false,false,QTY_FORM_USAGE_AMBIGUOUS,pending,,true
unit_weight,2112,面包,片,片,,,30,,1,30,0,,30,30,0,false,false,QTY_FORM_USAGE_AMBIGUOUS,pending,,true
unit_weight,212,红辣椒,,个,,,13.33333333333333333333333333,,3,13.33333333333333333333333333,2.886751345948128822545743903,0.2165063509461096616909307928,10,15,5,false,false,QTY_FORM_USAGE_AMBIGUOUS,pending,,true
unit_weight,212,红辣椒,,根,,,10,,1,10,0,,10,10,0,false,false,QTY_FORM_USAGE_AMBIGUOUS,pending,,true
unit_weight,212,红辣椒,干,个,,,1.75,,2,1.75,1.060660171779821286601266543,0.6060915267313264494864380246,1,2.5,1.5,false,false,QTY_FORM_USAGE_AMBIGUOUS,pending,,true
unit_weight,2134,西洋参片,片,片,,,0.5,,1,0.5,0,,0.5,0.5,0.0,false,false,,pending,,false
unit_weight,216,冬笋,,个,,,150,,1,150,0,,150,150,0,false,false,,pending,,false
unit_weight,2172,青杭椒,,根,,,10,,1,10,0,,10,10,0,false,false,,pending,,false
unit_weight,2175,咸鸭蛋蛋清,,个,,,35,,1,35,0,,35,35,0,false,false,,pending,,false
unit_weight,2179,鸡琵琶腿,,个,,,150,,1,150,0,,150,150,0,false,false,,pending,,false
unit_weight,220,饺子皮,,个,,,13.33333333333333333333333333,,3,13.33333333333333333333333333,2.886751345948128822545743903,0.2165063509461096616909307928,10,15,5,false,false,,pending,,false
unit_weight,229,鸡爪,,个,,,50,,1,50,0,,50,50,0,false,false,,pending,,false
unit_weight,23,圆椒,,个,,,150,,1,150,0,,150,150,0,false,false,,pending,,false
unit_weight,231,对虾,,个,,,20,,1,20,0,,20,20,0,false,false,QTY_FORM_USAGE_AMBIGUOUS,pending,,true
unit_weight,231,对虾,新鲜,个,,,20,,1,20,0,,20,20,0,false,false,QTY_FORM_USAGE_AMBIGUOUS,pending,,true
unit_weight,232,丝瓜,,根,,,200,,2,200,0,0,200,200,0,false,false,,pending,,false
unit_weight,235,红椒,,个,,,86.66666666666666666666666667,,3,86.66666666666666666666666667,11.54700538379251529018297561,0.1332346775052982533482651032,80,100,20,false,false,QTY_FORM_USAGE_AMBIGUOUS,pending,,true
unit_weight,235,红椒,干,个,,,1.5,,1,1.5,0,,1.5,1.5,0.0,false,false,QTY_FORM_USAGE_AMBIGUOUS,pending,,true
unit_weight,239,大葱,,根,seasoning,,64,,5,64,20.73644135332772087455898680,0.3240068961457456386649841688,50,6E+1,10,true,false,QTY_RULE_IQR_OUTLIER,pending,,false
unit_weight,24,红彩椒,,个,,,131.25,,4,131.25,37.50,0.2857142857142857142857142857,75,150,75,false,false,,pending,,false
unit_weight,244,火腿肠,,根,,,52.85714285714285714285714286,,7,52.85714285714285714285714286,17.99470821684874693438844567,0.3404404257241654825424841073,50,60,10,true,false,QTY_RULE_IQR_OUTLIER,pending,,false
unit_weight,254,马蹄,,个,,,15,,1,15,0,,15,15,0,false,false,,pending,,false
unit_weight,257,五香粉,,勺,,,5,,1,5,0,,5,5,0,false,false,,pending,,false
unit_weight,264,鸡翅根,,个,,,75,,2,75,35.35533905932737622004221811,0.4714045207910316829338962415,50,100,50,false,false,,pending,,false
unit_weight,266,鹌鹑蛋,,个,,,10,,3,10,0,0,10,10,0,false,false,QTY_FORM_USAGE_AMBIGUOUS,pending,,true
unit_weight,266,鹌鹑蛋,熟,个,,,10,,2,10,0,0,10,10,0,false,false,QTY_FORM_USAGE_AMBIGUOUS,pending,,true
unit_weight,267,培根,,片,,,18,,10,18,4.830458915396479524572888052,0.2683588286331377513651604473,15,20,5,true,false,QTY_RULE_IQR_OUTLIER,pending,,false
unit_weight,271,百里香,,根,,,1,,2,1,0,0,1,1,0,false,false,,pending,,false
unit_weight,281,火腿,,个,,,50,,1,50,0,,50,50,0,false,false,,pending,,false
unit_weight,281,火腿,,根,,,50,,1,50,0,,50,50,0,false,false,,pending,,false
unit_weight,281,火腿,,片,,,15,,1,15,0,,15,15,0,false,false,,pending,,false
unit_weight,284,香叶,,片,seasoning,,0.4406862745098039215686274507,,68,0.4406862745098039215686274507,0.1845253503359186229968663336,0.4187227082149877540752028040,0.3333333333333333333333333333,0.5,0.1666666666666666666666666667,true,false,QTY_RULE_IQR_OUTLIER,pending,,false
unit_weight,287,柠檬,,个,,,103.3333333333333333333333333,,12,103.3333333333333333333333333,7.784989441615229709161756654,0.07533860749950222299188796764,100,100,0,true,false,QTY_RULE_IQR_OUTLIER|QTY_FORM_USAGE_AMBIGUOUS,pending,,true
unit_weight,287,柠檬,,片,,,7.5,,2,7.5,3.535533905932737622004221811,0.4714045207910316829338962415,5,10,5,false,false,QTY_FORM_USAGE_AMBIGUOUS,pending,,true
unit_weight,287,柠檬,干+片,片,,,1,,1,1,0,,1,1,0,false,false,QTY_FORM_USAGE_AMBIGUOUS,pending,,true
unit_weight,287,柠檬,片,片,,,10,,6,10,6.324555320336758663997787089,0.6324555320336758663997787089,5,15,10,false,false,QTY_FORM_USAGE_AMBIGUOUS,pending,,true
unit_weight,293,白萝卜,,个,,,500,,1,500,0,,500,500,0,false,false,,pending,,false
unit_weight,30,辣椒,干,个,,,1.509523809523809523809523810,,35,1.509523809523809523809523810,0.6049129699500737774519793975,0.4007309895568312090375888752,1,2,1,false,false,,pending,,false
unit_weight,30,辣椒,干,根,,,1.666666666666666666666666667,,3,1.666666666666666666666666667,0.5773502691896257645091487806,0.3464101615137754587054892683,1,2,1,false,false,,pending,,false
unit_weight,309,大芒果,,个,,,350,,3,350,132.2875655532295295250807877,0.3779644730092272272145165363,250,500,250,false,false,,pending,,false
unit_weight,314,橙子,,个,,,136.3636363636363636363636364,,11,136.3636363636363636363636364,32.33348953414316297935765589,0.2371122565837165285152894765,100,150,50,false,false,,pending,,false
unit_weight,314,橙子,,片,,,30,,1,30,0,,30,30,0,false,false,,pending,,false
unit_weight,315,苹果,,个,,,177.7777777777777777777777778,,6,177.7777777777777777777777778,54.43310539518173551549520165,0.3061862178478972622746605092,2.0E+2,200,0,true,false,QTY_RULE_IQR_OUTLIER,pending,,false
unit_weight,316,香梨,,个,,,112.5,,2,112.5,123.7436867076458167701477634,1.099943881845740593512424564,25,2.0E+2,175,false,false,,pending,,false
unit_weight,317,蛋黄,,个,,,18.76190476190476190476190477,,35,18.76190476190476190476190477,3.165966309107141135388218755,0.1687443971859136138151081062,20,20,0,true,false,QTY_RULE_IQR_OUTLIER,pending,,false
unit_weight,33,葱,,根,seasoning,,9.117647058823529411764705882,,17,9.117647058823529411764705882,1.964763119983439332760159278,0.2154901486433449590769206950,10,10,0,true,false,QTY_RULE_IQR_OUTLIER|QTY_FORM_USAGE_AMBIGUOUS,pending,,true
unit_weight,33,葱,段,根,seasoning,,5,,1,5,0,,5,5,0,false,false,QTY_FORM_USAGE_AMBIGUOUS,pending,,true
unit_weight,338,秋刀鱼,洗好的,个,,,100,,1,100,0,,100,100,0,false,false,,pending,,false
unit_weight,351,蛋挞皮,,个,,,17.5,,4,17.5,21.79449471770336776118490992,1.245399698154478157781994853,5,10,5,true,false,QTY_RULE_IQR_OUTLIER|QTY_FORM_USAGE_AMBIGUOUS,pending,,true
unit_weight,351,蛋挞皮,冷冻,个,,,5,,1,5,0,,5,5,0,false,false,QTY_FORM_USAGE_AMBIGUOUS,pending,,true
unit_weight,357,酱油,,勺,seasoning,,10,,1,10,0,,10,10,0,false,false,QTY_FORM_USAGE_AMBIGUOUS,pending,,true
unit_weight,358,蛤蜊,,个,,,10,,1,10,0,,10,10,0,false,false,,pending,,false
unit_weight,36,蒸鱼豉油,,勺,seasoning,,9.000000000000000000000000001,,1,9.000000000000000000000000001,0,,9.000000000000000000000000001,9.000000000000000000000000001,0E-27,false,false,QTY_FORM_USAGE_AMBIGUOUS,pending,,true
unit_weight,363,鲜虾,,个,,,20,,1,20,0,,20,20,0,false,false,,pending,,false
unit_weight,365,玉米,,根,,,192.8571428571428571428571429,,7,192.8571428571428571428571429,18.89822365046136136072582681,0.09799078929868854038894873159,200,200,0,true,false,QTY_RULE_IQR_OUTLIER,pending,,false
unit_weight,381,鲜虾仁,,个,,,11.66666666666666666666666667,,3,11.66666666666666666666666667,2.886751345948128822545743903,0.2474358296526967562182066202,10,15,5,false,false,,pending,,false
unit_weight,382,芦笋,,根,,,12.5,,2,12.5,3.535533905932737622004221811,0.2828427124746190097603377449,10,15,5,false,false,,pending,,false
unit_weight,384,当归,,片,,,3,,1,3,0,,3,3,0,false,false,,pending,,false
unit_weight,39,红枣,,个,,,4.454545454545454545454545455,,11,4.454545454545454545454545455,0.9341987329938275650994107986,0.2097180829169816982876228323,3,5,2,false,false,,pending,,false
unit_weight,393,意大利芹,,片,,,1,,1,1,0,,1,1,0,false,false,,pending,,false
unit_weight,397,紫薯,,个,,,112.5,,2,112.5,53.03300858899106433006332716,0.4714045207910316829338962414,75,150,75,false,false,,pending,,false
unit_weight,4,罗汉果,,个,,,32.5,,2,32.5,24.74873734152916335402955267,0.7614996105085896416624477745,15,50,35,false,false,,pending,,false
unit_weight,401,芋头,,个,,,50,,1,50,0,,50,50,0,false,false,,pending,,false
unit_weight,405,奇异果,,个,,,100,,1,100,0,,100,100,0,false,false,,pending,,false
unit_weight,414,黄豆酱,,勺,seasoning,,15,,1,15,0,,15,15,0,false,false,,pending,,false
unit_weight,416,木瓜,,个,,,500,,1,500,0,,5.0E+2,5.0E+2,0E+1,false,false,,pending,,false
unit_weight,418,葡萄干,,勺,,,10,,1,10,0,,10,10,0,false,false,,pending,,false
unit_weight,42,蛋清,,个,,,31.16666666666666666666666667,,10,31.16666666666666666666666667,4.377975178854565715623203574,0.1404697918349058518381776548,30,35,5,false,true,,pending,,false
unit_weight,433,大苹果,,个,,,200,,1,200,0,,200,200,0,false,false,,pending,,false
unit_weight,437,小番茄,,个,,,21.25,,4,21.25,6.291528696058958081030570672,0.2960719386380686155779092081,15,20,5,true,false,QTY_RULE_IQR_OUTLIER,pending,,false
unit_weight,438,牛油果,,个,,,150,,3,150,50,0.3333333333333333333333333333,100,2.0E+2,100,false,false,,pending,,false
unit_weight,440,春笋,,根,,,125,,2,125,35.35533905932737622004221811,0.2828427124746190097603377449,100,150,50,false,false,,pending,,false
unit_weight,442,朝天椒,,个,,,3.166666666666666666666666667,,3,3.166666666666666666666666667,1.607275126832159165960005175,0.5075605663680502629347384763,2,5,3,false,false,,pending,,false
unit_weight,445,芹菜,,根,,,45,,2,45,7.071067811865475244008443621,0.1571348402636772276446320805,40,50,10,false,false,,pending,,false
unit_weight,452,寿司萝卜,,根,,,30,,1,30,0,,30,30,0,false,false,,pending,,false
unit_weight,461,花生油,,勺,,,10,,1,10,0,,10,10,0,false,false,,pending,,false
unit_weight,465,山药,,根,,,150,,1,150,0,,150,150,0,false,false,,pending,,false
unit_weight,467,铁棍山药,,根,,,250,,3,250,86.60254037844386467637231708,0.3464101615137754587054892683,150,300,150,false,false,,pending,,false
unit_weight,474,香蕉,,个,,,100,,1,100,0,,100,100,0,false,false,,pending,,false
unit_weight,474,香蕉,,根,,,100,,7,100,0,0,100,100,0,false,true,,pending,,false
unit_weight,481,黄彩椒,,个,,,100,,3,100,43.30127018922193233818615854,0.4330127018922193233818615854,75,150,75,false,false,,pending,,false
unit_weight,484,龙利鱼,,片,,,150,,1,150,0,,150,150,0,false,false,,pending,,false
unit_weight,485,生蚝,,个,,,50,,3,50,0,0,50,50,0,false,false,,pending,,false
unit_weight,488,乌龙茶包,,个,,,2,,1,2,0,,2,2,0,false,false,,pending,,false
unit_weight,49,生菜,,片,,,10,,1,10,0,,10,10,0,false,false,,pending,,false
unit_weight,492,鸡翅中,,个,,,60,,1,60,0,,60,60,0,false,false,,pending,,false
unit_weight,493,红薯,,个,,,150,,3,150,86.60254037844386467637231708,0.5773502691896257645091487805,50,200,150,false,false,,pending,,false
unit_weight,496,芒果,,个,,,200,,3,200,0,0,200,200,0,false,false,,pending,,false
unit_weight,50,蒜,,个,seasoning,,6.6,,5,6.6,3.209361307176242504778371870,0.4862668647236731067846017985,5,10,5,false,false,QTY_FORM_USAGE_AMBIGUOUS,pending,,true
unit_weight,506,鲜香菇,,个,,,30,,2,30,28.28427124746190097603377448,0.9428090415820633658677924827,10,50,40,false,false,,pending,,false
unit_weight,512,青菜头,,根,,,150,,1,150,0,,150,150,0,false,false,,pending,,false
unit_weight,52,蚝油,,勺,seasoning,,15,,2,15,0,0,15,15,0,false,false,,pending,,false
unit_weight,523,芝士牛肉卷,,根,,,100,,1,100,0,,100,100,0,false,false,,pending,,false
unit_weight,530,蔓越莓干,,勺,,,10,,1,10,0,,10,10,0,false,false,,pending,,false
unit_weight,536,甜玉米,,根,,,150,,1,150,0,,150,150,0,false,false,,pending,,false
unit_weight,54,鸡蛋,,个,,,49.85416666666666666666666667,,160,49.85416666666666666666666667,2.756020663053562279113189799,0.05528165141102005407331095292,50,50,0,true,false,QTY_RULE_IQR_OUTLIER|QTY_FORM_USAGE_AMBIGUOUS,pending,,true
unit_weight,54,鸡蛋,液,个,,,50,,5,50,0,0,50,50,0,false,false,QTY_FORM_USAGE_AMBIGUOUS,pending,,true
unit_weight,546,三文鱼,,片,,,100,,1,100,0,,100,100,0,false,false,,pending,,false
unit_weight,548,青圆椒,,个,,,150,,1,150,0,,150,150,0,false,false,,pending,,false
unit_weight,549,红尖椒,,个,,,23.75,,4,23.75,17.96988221070652056227828483,0.7566266193981692868327698876,10,20,10,true,false,QTY_RULE_IQR_OUTLIER,pending,,false
unit_weight,551,油菜心,,个,,,50,,1,50,0,,50,50,0,false,false,,pending,,false
unit_weight,559,丁香,,根,,,0.5,,1,0.5,0,,0.5,0.5,0.0,false,false,,pending,,false
unit_weight,560,豆蔻,,个,,,2,,1,2,0,,2,2,0,false,false,,pending,,false
unit_weight,562,黄桃,,个,,,150,,1,150,0,,150,150,0,false,false,,pending,,false
unit_weight,563,鸦片鱼头,,个,,,500,,1,500,0,,500,500,0,false,false,,pending,,false
unit_weight,567,皮蛋,,个,,,57.5,,8,57.5,4.629100498862757307832833883,0.08050609563239577926665798057,50,60,10,false,true,,pending,,false
unit_weight,575,小红辣椒,,个,,,4.25,,4,4.25,1.50,0.3529411764705882352941176471,2,5,3,false,false,QTY_FORM_USAGE_AMBIGUOUS,pending,,true
unit_weight,575,小红辣椒,新鲜,个,,,5,,1,5,0,,5,5,0,false,false,QTY_FORM_USAGE_AMBIGUOUS,pending,,true
unit_weight,576,绿线椒,,个,,,5,,1,5,0,,5,5,0,false,false,,pending,,false
unit_weight,577,青剁椒,,个,,,5,,1,5,0,,5,5,0,false,false,,pending,,false
unit_weight,582,红泡椒,,个,,,10,,1,10,0,,10,10,0,false,false,,pending,,false
unit_weight,588,红甜椒,,个,,,75,,1,75,0,,75,75,0,false,false,,pending,,false
unit_weight,589,绿彩椒,,个,,,100,,3,100,43.30127018922193233818615854,0.4330127018922193233818615854,75,150,75,false,false,,pending,,false
unit_weight,592,咸蛋黄,,个,,,15,,11,15,3.974921382870358104008719332,0.2649947588580238736005812888,12,20,8,false,false,QTY_FORM_USAGE_AMBIGUOUS,pending,,true
unit_weight,592,咸蛋黄,熟,个,,,20,,1,20,0,,20,20,0,false,false,QTY_FORM_USAGE_AMBIGUOUS,pending,,true
unit_weight,593,海参,,根,,,50,,1,50,0,,50,50,0,false,false,,pending,,false
unit_weight,594,香葱,,根,seasoning,,5,,6,5,0,0,5,5,0,false,false,QTY_FORM_USAGE_AMBIGUOUS,pending,,true
unit_weight,6,姜,,片,seasoning,,2.663934426229508196721311475,,61,2.663934426229508196721311475,1.050789739724316485023886970,0.3944503022965126497628129550,2,3,1,true,false,QTY_RULE_IQR_OUTLIER|QTY_FORM_USAGE_AMBIGUOUS,pending,,true
unit_weight,6,姜,干,片,seasoning,,0.6666666666666666666666666667,,1,0.6666666666666666666666666667,0,,0.6666666666666666666666666667,0.6666666666666666666666666667,0E-28,false,false,QTY_FORM_USAGE_AMBIGUOUS,pending,,true
unit_weight,6,姜,片,片,seasoning,,2.423076923076923076923076923,,13,2.423076923076923076923076923,0.6405126152203485339330146789,0.2643385396147470140041012961,2,3,1,false,false,QTY_FORM_USAGE_AMBIGUOUS,pending,,true
unit_weight,608,杏鲍菇,,个,,,90,,2,90,14.14213562373095048801688724,0.1571348402636772276446320804,80,1.0E+2,20,false,false,,pending,,false
unit_weight,618,蛋黄液,,个,,,50,,2,50,0,0,50,50,0,false,false,,pending,,false
unit_weight,626,大枣,,个,,,10,,1,10,0,,10,10,0,false,false,,pending,,false
unit_weight,632,雪梨,,个,,,240.9090909090909090909090909,,11,240.9090909090909090909090909,37.53785967647741488516164521,0.1558175307325477599006709801,200,250,50,false,false,,pending,,false
unit_weight,633,山楂,,个,,,10,,1,10,0,,10,10,0,false,false,QTY_FORM_USAGE_AMBIGUOUS,pending,,true
unit_weight,633,山楂,,片,,,1,,1,1,0,,1,1,0,false,false,QTY_FORM_USAGE_AMBIGUOUS,pending,,true
unit_weight,633,山楂,干+片,片,,,0.5,,1,0.5,0,,0.5,0.5,0.0,false,false,QTY_FORM_USAGE_AMBIGUOUS,pending,,true
unit_weight,635,鲍鱼,,个,,,40,,2,40,14.14213562373095048801688724,0.353553390593273762200422181,30,50,20,false,false,,pending,,false
unit_weight,641,全麦吐司,,片,,,30,,1,30,0,,30,30,0,false,false,QTY_FORM_USAGE_AMBIGUOUS,pending,,true
unit_weight,641,全麦吐司,片,片,,,6,,1,6,0,,6,6,0,false,false,QTY_FORM_USAGE_AMBIGUOUS,pending,,true
unit_weight,644,薄荷叶,,片,,,0.5,,1,0.5,0,,0.5,0.5,0.0,false,false,,pending,,false
unit_weight,65,小葱,,根,seasoning,,7.301980198019801980198019802,,101,7.301980198019801980198019802,3.116150837107209159950576254,0.4267542163360381358034009514,5,10,5,true,false,QTY_RULE_IQR_OUTLIER|QTY_FORM_USAGE_AMBIGUOUS,pending,,true
unit_weight,65,小葱,段,根,seasoning,,5,,1,5,0,,5,5,0,false,false,QTY_FORM_USAGE_AMBIGUOUS,pending,,true
unit_weight,650,苦瓜,,根,,,150,,1,150,0,,150,150,0,false,false,,pending,,false
unit_weight,658,口蘑,,个,,,10,,1,10,0,,10,10,0,false,false,,pending,,false
unit_weight,66,芝麻油,,勺,,,6.666666666666666666666666667,,3,6.666666666666666666666666667,2.886751345948128822545743903,0.4330127018922193233818615854,5,10,5,false,false,,pending,,false
unit_weight,671,草莓,,个,,,23.33333333333333333333333333,,3,23.33333333333333333333333333,2.886751345948128822545743903,0.1237179148263483781091033101,20,25,5,false,false,,pending,,false
unit_weight,678,蛋白,,个,,,31,,2,31,1.414213562373095048801688724,0.04561979233461596931618350723,30,32,2,false,false,,pending,,false
unit_weight,71,香菜,,根,,,3.904761904761904761904761904,,7,3.904761904761904761904761904,1.436486012285557722500798306,0.3678805641219111240550824931,2,5,3,false,false,,pending,,false
unit_weight,712,小南瓜,,个,,,666.6666666666666666666666667,,3,666.6666666666666666666666667,288.6751345948128822545743903,0.4330127018922193233818615854,500,1.00E+3,500,false,false,,pending,,false
unit_weight,716,桂圆,干,个,,,2.611111111111111111111111111,,2,2.611111111111111111111111111,0.5499719409228702967562122818,0.2106275518428013902470600228,2.222222222222222222222222222,3,0.777777777777777777777777778,false,false,,pending,,false
unit_weight,74,土豆,,个,,,165,,10,165,33.74742788552764488874483715,0.2045298659728948175075444676,150,200,50,false,false,QTY_FORM_USAGE_AMBIGUOUS,pending,,true
unit_weight,74,土豆,去皮,个,,,150,,1,150,0,,150,150,0,false,false,QTY_FORM_USAGE_AMBIGUOUS,pending,,true
unit_weight,75,小黄瓜,,根,,,125,,2,125,35.35533905932737622004221811,0.2828427124746190097603377449,100,150,50,false,false,,pending,,false
unit_weight,752,鲜笋,,根,,,50,,1,50,0,,50,50,0,false,false,,pending,,false
unit_weight,754,鲜柠檬,,个,,,100,,1,100,0,,100,100,0,false,false,,pending,,false
unit_weight,76,菠萝,,个,,,1000,,2,1000,0,0,1.00E+3,1000,0,false,false,,pending,,false
unit_weight,761,速冻馒头,,个,,,50,,1,50,0,,50,50,0,false,false,,pending,,false
unit_weight,764,草果,,个,,,5.25,,8,5.25,1.908627030841055351824154727,0.3635480058744867336807913766,3,5,2,false,false,,pending,,false
unit_weight,775,圣女果,,个,,,15,,1,15,0,,15,15,0,false,false,,pending,,false
unit_weight,787,吉利丁,片,片,,,5,,1,5,0,,5,5,0,false,false,,pending,,false
unit_weight,800,蘑菇,,个,,,30,,2,30,0,0,30,30,0,false,false,,pending,,false
unit_weight,814,鸡翅,,个,,,50,,1,50,0,,50,50,0,false,false,,pending,,false
unit_weight,84,胡萝卜,,根,,,107.1428571428571428571428571,,14,107.1428571428571428571428571,26.72612419124243846845534809,0.2494438257849294257055832489,1.0E+2,1.0E+2,0E+1,true,false,QTY_RULE_IQR_OUTLIER,pending,,false
unit_weight,841,全蛋,,个,,,50,,4,50,0,0,50,50,0,false,false,,pending,,false
unit_weight,85,香菇,,个,,,13,,10,13,4.216370213557839109331858060,0.3243361702736799314870660046,10,15,5,false,false,QTY_FORM_USAGE_AMBIGUOUS,pending,,true
unit_weight,85,香菇,干,个,,,6.25,,4,6.25,2.50,0.4,5,5,0,true,false,QTY_RULE_IQR_OUTLIER|QTY_FORM_USAGE_AMBIGUOUS,pending,,true
unit_weight,85,香菇,泡发,个,,,10,,1,10,0,,10,10,0,false,false,QTY_FORM_USAGE_AMBIGUOUS,pending,,true
unit_weight,855,鸡腿,,个,,,137.5,,4,137.5,14.43375672974064411272871951,0.1049727762162955935471179601,125,150,25,false,false,,pending,,false
unit_weight,856,瑶柱,,个,,,2,,1,2,0,,2,2,0,false,false,,pending,,false
unit_weight,86,香干,,片,,,20,,1,20,0,,20,20,0,false,false,,pending,,false
unit_weight,866,竹荪,干,根,,,5,,1,5,0,,5,5,0,false,false,,pending,,false
unit_weight,882,燕窝,,个,,,5,,1,5,0,,5,5,0,false,false,,pending,,false
unit_weight,89,生抽,,勺,seasoning,,11.25,,4,11.25,2.50,0.2222222222222222222222222222,10,1E+1,0,true,false,QTY_RULE_IQR_OUTLIER|QTY_FORM_USAGE_AMBIGUOUS,pending,,true
unit_weight,893,香肠,,根,,,50,,1,50,0,,50,50,0,false,false,,pending,,false
unit_weight,9,西葫芦,,根,,,100,,1,100,0,,100,100,0,false,false,,pending,,false
unit_weight,90,黄瓜,,根,,,135.7142857142857142857142857,,7,135.7142857142857142857142857,37.79644730092272272145165363,0.2785001380067990095264858689,1.0E+2,150,50,false,false,,pending,,false
unit_weight,901,馒头,,个,,,57.5,,2,57.5,60.10407640085653957407177078,1.045288285232287644766465579,15,100,85,false,false,,pending,,false
unit_weight,910,香茅草,,根,,,10,,2,10,0,0,10,10,0,false,false,,pending,,false
unit_weight,911,剁椒酱,,勺,seasoning,,15,,1,15,0,,15,15,0,false,false,,pending,,false
unit_weight,943,鸡蛋黄,,个,,,19.16666666666666666666666667,,6,19.16666666666666666666666667,2.041241452319315081831070063,0.1064995540340512216607514815,20,20,0,true,false,QTY_RULE_IQR_OUTLIER,pending,,false
unit_weight,966,猪肚,,个,,,500,,1,500,0,,500,500,0,false,false,,pending,,false
unit_weight,97,白糖,,勺,seasoning,,10,,1,10,0,,10,10,0,false,false,QTY_FORM_USAGE_AMBIGUOUS,pending,,true
unit_weight,978,小土豆,,个,,,50,,1,50,0,,50,50,0,false,false,,pending,,false
unit_weight,98,料酒,,勺,seasoning,,10,,9,10,2.5,0.25,10,10,0,true,false,QTY_RULE_IQR_OUTLIER|QTY_FORM_USAGE_AMBIGUOUS,pending,,true
unit_weight,980,青红线椒,,个,,,50,,1,50,0,,50,50,0,false,false,,pending,,false
unit_weight,99,虾仁,,个,,,10,,2,10,0,0,10,10,0,false,false,,pending,,false
