order,item,current,recommended,action,risk,evidence
1,纯净水·mL,1.000,1.000,保留工程近似,低,NIST 20°C 水密度约 0.9982 g/mL
2,普通醋·mL,1.000,1.000,保留工程近似,低–中,USDA 普通稀醋约 0.992–0.996 g/mL
3,水淀粉·mL,1.000,无通用值,拒绝,高,缺少淀粉与水比例且旧候选为模型估算
4,牛奶·mL,1.000,1.02,外部值替换,低–中,USDA 244g/cup 与 FDA 240mL/cup
5,柠檬汁·mL,1.000,1.02,外部值替换,低–中,USDA 244g/cup 与 FDA 240mL/cup
6,色拉油·mL,0.95918,0.92,外部值替换,中,Codex 常见食用植物油相对密度约 0.910–0.927
7,橄榄油·mL,0.96015,0.913,外部值替换,低,Codex 20°C 相对密度 0.910–0.916
8,烧烤汁·mL,1.000,1.13,外部值替换,中,USDA 17g/tbsp 与 FDA 15mL/tbsp
9,黄酒·mL,1.000,待定,owner 决定,中,GB/T 13662-2018 无统一密度常数
10,辣椒油·mL,1.000,澄清油≈0.92,owner 决定,高,名称可能指含水或固形物产品
11,香醋·mL,1.000,待定,owner 决定,中–高,固形物与陈酿差异大
12,鸡精·勺,5g,条件 5g,owner 决定,高,厂商量勺不等于通用勺
13,蛋清·个,31.17g,条件 33g/大号蛋,owner 决定,中,USDA 大号生蛋清 33g
14,香蕉·根,100g,条件 118g/中等可食部,owner 决定,高,尺寸未编码且需避免重复扣皮
15,皮蛋·个,57.5g,55–60g 参考,owner 决定,中,品牌规格与含壳口径不同
